gid,role,role_score,cluster_id,priority_score,evidence,depth,is_seed,in_deg,out_deg,in_kzt,out_kzt,in_tx,out_tx,pass_through,retained_kzt,pagerank,betweenness,hub,authority,seed_sources,seed_direct,min_hops_from_seed,clusters_bridged,fast_pass_share,max_payers_one_day,max_receivers_one_day,hold_days,cycle_count,min_cycle_len,reciprocal_partners,is_articulation,depth_truncated,flow_kzt
100000000331309100,coordinator,1.0,4,0.7649,"Посредничество в верхнем 1% (betweenness 0.0046), связывает 14 кластеров, деньги от 7 seed. Вход 5, выход 99. Отдаёт в 23× больше видимых входящих: источник вне выгрузки.",2,False,5,99,984635.0,23001375.0,8,126,23.3603,0.0,0.00087569,0.00455723,0.15776904,0.00022785,7,0,2,14,0.0779,3.0,15.0,22.0,32,4,0,True,False,23986010.0
100000003016635100,coordinator,1.0,5,0.7255,"Посредничество в верхнем 1% (betweenness 0.0072), связывает 15 кластеров, деньги от 6 seed. Вход 8, выход 73. Деньги возвращаются отправителю: 6 встречных счетов.",0,True,8,73,586981.0,9414081.0,36,151,16.0381,0.0,0.00118964,0.00721547,0.01584259,1.249e-05,6,0,0,15,0.0723,3.0,10.0,19.0,19,2,6,True,False,10001062.0
100000003684369100,coordinator,1.0,2,0.7074,"Собирает от 24 плательщиков (3.8 млн ₸) и раздаёт 62 получателям (8.6 млн ₸); деньги доходят от 9 seed. Признаки узла, управляющего потоком. Деньги возвращаются отправителю: 1 встречный счёт.",0,True,24,62,3848436.0,8588655.0,58,67,2.2317,0.0,0.00202029,0.00230307,0.02474616,0.00135372,9,1,0,10,0.0,6.0,8.0,16.0,1,2,1,True,False,12437091.0
100000008603629100,coordinator,1.0,3,0.6938,"Собирает от 19 плательщиков (1.8 млн ₸) и раздаёт 61 получателю (5.0 млн ₸); деньги доходят от 7 seed. Признаки узла, управляющего потоком. Деньги возвращаются отправителю: 7 встречных счетов.",2,False,19,61,1817300.0,4986156.0,45,74,2.7437,0.0,0.00119181,0.00576053,0.08609236,0.00245739,7,0,2,8,0.0315,4.0,7.0,28.0,762,2,7,True,False,6803456.0
100000008346837100,coordinator,1.0,13,0.6907,"Посредничество в верхнем 1% (betweenness 0.0090), связывает 8 кластеров, деньги от 7 seed. Вход 9, выход 25. Деньги возвращаются отправителю: 2 встречных счёта.",2,False,9,25,254359.0,1258643.0,12,26,4.9483,0.0,0.00054741,0.00898116,0.01392257,0.00020791,7,0,2,8,0.2343,4.0,4.0,12.0,111,2,2,True,False,1513002.0
100000006866783100,coordinator,1.0,0,0.6688,"Посредничество в верхнем 1% (betweenness 0.0060), связывает 14 кластеров, деньги от 6 seed. Вход 13, выход 67. Деньги возвращаются отправителю: 8 встречных счетов.",0,True,13,67,838812.0,3948037.0,31,90,4.7067,0.0,0.00087037,0.00604523,0.11545873,0.00068377,6,0,0,14,0.2016,5.0,13.0,17.0,886,2,8,True,False,4786849.0
100000005933757100,coordinator,1.0,14,0.6248,"Посредничество в верхнем 1% (betweenness 0.0039), связывает 11 кластеров, деньги от 7 seed. Вход 4, выход 34. Деньги возвращаются отправителю: 2 встречных счёта.",2,False,4,34,1246000.0,3002628.0,6,46,2.4098,0.0,0.00099799,0.00389279,0.00131004,3.5e-06,7,0,2,11,0.1521,2.0,8.0,15.0,3,2,2,True,False,4248628.0
100000004400305100,coordinator,1.0,0,0.6244,"Посредничество в верхнем 1% (betweenness 0.0026), связывает 10 кластеров, деньги от 7 seed. Вход 7, выход 82. Деньги возвращаются отправителю: 2 встречных счёта.",2,False,7,82,222800.0,5830181.0,9,101,26.1678,0.0,0.00038582,0.00260915,0.15592355,0.00039136,7,0,2,10,0.1336,2.0,9.0,24.0,545,2,2,True,False,6052981.0
100000000437046100,coordinator,1.0,0,0.6229,"Посредничество в верхнем 1% (betweenness 0.0022), связывает 8 кластеров, деньги от 7 seed. Вход 9, выход 42. Деньги возвращаются отправителю: 3 встречных счёта.",2,False,9,42,1107200.0,7606224.0,20,73,6.8698,0.0,0.00079249,0.00219715,0.06073955,0.00047762,7,0,2,8,0.32,3.0,10.0,18.0,472,2,3,True,False,8713424.0
100000005910114100,coordinator,1.0,0,0.6154,"Посредничество в верхнем 1% (betweenness 0.0058), связывает 7 кластеров, деньги от 7 seed. Вход 3, выход 19. Отдаёт в 5× больше видимых входящих: источник вне выгрузки.",3,False,3,19,326144.0,1469993.0,3,56,4.5072,0.0,0.00036165,0.00584221,0.00492113,0.00430315,7,0,3,7,0.0551,1.0,5.0,14.0,255,4,0,True,False,1796137.0
100000002957787100,coordinator,1.0,0,0.6087,"Посредничество в верхнем 1% (betweenness 0.0043), связывает 8 кластеров, деньги от 7 seed. Вход 4, выход 34. Деньги возвращаются отправителю: 1 встречный счёт.",2,False,4,34,84956.0,1276153.96,7,41,15.0214,0.0,0.00061383,0.00427665,0.03449334,0.00019154,7,0,2,8,0.4192,2.0,9.0,7.0,84,2,1,True,False,1361109.96
100000008477350100,coordinator,1.0,0,0.6044,"Посредничество в верхнем 1% (betweenness 0.0025), связывает 5 кластеров, деньги от 7 seed. Вход 11, выход 39. Деньги возвращаются отправителю: 1 встречный счёт.",2,False,11,39,610100.0,3374866.0,14,44,5.5317,0.0,0.00103424,0.00251719,0.06105984,0.00055293,7,0,2,5,0.2369,2.0,6.0,22.0,464,2,1,True,False,3984966.0
100000004156082100,coordinator,1.0,16,0.5777,"Посредничество в верхнем 1% (betweenness 0.0020), связывает 4 кластера, деньги от 7 seed. Вход 5, выход 26. Деньги возвращаются отправителю: 1 встречный счёт.",1,False,5,26,377366.11,2319556.0,7,29,6.1467,0.0,0.00086697,0.00204004,0.00191438,7.74e-06,7,1,1,4,0.5778,2.0,7.0,4.0,11,2,1,True,False,2696922.11
100000005704413100,coordinator,1.0,8,0.5773,"Посредничество в верхнем 1% (betweenness 0.0026), связывает 6 кластеров, деньги от 7 seed. Вход 3, выход 32. Деньги возвращаются отправителю: 1 встречный счёт.",3,False,3,32,97834.67,1363593.0,4,35,13.9377,0.0,0.00059969,0.00256276,0.00014801,2.38e-06,7,0,3,6,0.3676,2.0,6.0,18.0,3,2,1,True,False,1461427.67
100000008636603100,coordinator,1.0,11,0.5706,"Посредничество в верхнем 1% (betweenness 0.0035), связывает 5 кластеров, деньги от 7 seed. Вход 2, выход 6. Деньги возвращаются отправителю: 1 встречный счёт.",2,False,2,6,35460.0,159375.0,2,7,4.4945,0.0,0.0003387,0.00347457,0.00026986,0.00065541,7,0,2,5,0.3161,1.0,2.0,29.0,4,2,1,False,False,194835.0
100000004403675100,coordinator,1.0,20,0.5666,"Посредничество в верхнем 1% (betweenness 0.0028), связывает 5 кластеров, деньги от 7 seed. Вход 4, выход 5. Деньги возвращаются отправителю: 1 встречный счёт.",1,False,4,5,182980.0,264699.0,8,6,1.4466,0.0,0.00074007,0.00278767,0.00010062,0.00221642,7,2,1,5,0.0,1.0,2.0,19.0,10,2,1,True,False,447679.0
100000004351795100,coordinator,1.0,0,0.5649,"Посредничество в верхнем 1% (betweenness 0.0024), связывает 6 кластеров, деньги от 7 seed. Вход 3, выход 14. Деньги возвращаются отправителю: 1 встречный счёт.",1,False,3,14,118333.0,1715161.0,3,37,14.4944,0.0,0.00031352,0.00242852,0.00277536,0.00401555,7,1,1,6,0.0525,1.0,5.0,29.0,206,2,1,True,False,1833494.0
100000005382566100,consolidator,0.875,20,0.5608,"Получает 393 тыс ₸ от 7 плательщиков, отдаёт 1 получателю. Признаки консолидации. Деньги возвращаются отправителю: 1 встречный счёт. Точка сочленения: изъятие разрывает связность сети.",0,True,7,1,393066.0,50000.0,11,1,0.1272,343066.0,0.00211326,4.637e-05,0.0,1.08e-06,14,6,0,2,0.0,2.0,1.0,10.0,1,2,1,True,False,443066.0
100000007639767100,coordinator,1.0,0,0.5596,"Посредничество в верхнем 1% (betweenness 0.0025), связывает 5 кластеров, деньги от 7 seed. Вход 4, выход 10. Деньги возвращаются отправителю: 3 встречных счёта.",1,False,4,10,90913.0,822244.0,4,13,9.0443,0.0,0.00030144,0.00251122,0.00259745,0.00602594,7,1,1,5,0.0,1.0,3.0,20.0,590,2,3,True,False,913157.0
100000004569484100,coordinator,1.0,8,0.5577,"Посредничество в верхнем 1% (betweenness 0.0028), связывает 3 кластера, деньги от 7 seed. Вход 2, выход 4. Деньги возвращаются отправителю: 2 встречных счёта.",3,False,2,4,98312.0,156000.0,3,4,1.5868,0.0,0.00031938,0.0027934,9.19e-05,2.717e-05,7,0,3,3,0.0,1.0,2.0,21.0,4,2,2,False,False,254312.0
100000004070318100,coordinator,1.0,0,0.5549,"Посредничество в верхнем 1% (betweenness 0.0021), связывает 9 кластеров, деньги от 7 seed. Вход 4, выход 19. Деньги возвращаются отправителю: 2 встречных счёта.",1,False,4,19,207246.55,551860.0,6,37,2.6628,0.0,0.00031412,0.00207327,0.00497722,0.0066553,7,1,1,9,0.0897,2.0,4.0,29.0,463,2,2,True,False,759106.55
100000004188160100,coordinator,1.0,5,0.5516,"Посредничество в верхнем 1% (betweenness 0.0025), связывает 3 кластера, деньги от 7 seed. Вход 2, выход 5. Деньги возвращаются отправителю: 1 встречный счёт.",1,False,2,5,87862.0,133846.0,5,6,1.5234,0.0,0.00029683,0.0024601,9.609e-05,0.00033092,7,1,1,3,0.0,1.0,1.0,26.0,6,2,1,True,False,221708.0
100000004015047100,consolidator,0.932,6,0.5414,"Получает 919 тыс ₸ от 9 плательщиков, отдаёт 1 получателю. Признаки консолидации. Деньги возвращаются отправителю: 1 встречный счёт.",1,False,9,1,919104.0,69195.0,18,7,0.0753,849909.0,0.0022786,2.289e-05,2e-07,5.057e-05,11,3,1,5,0.4918,2.0,1.0,14.0,1,2,1,False,False,988299.0
100000001857829100,coordinator,0.853,3,0.5384,"Собирает от 6 плательщиков (889 тыс ₸) и раздаёт 16 получателям (2.4 млн ₸); деньги доходят от 7 seed. Признаки узла, управляющего потоком. Деньги возвращаются отправителю: 2 встречных счёта.",2,False,6,16,888535.0,2390993.0,9,16,2.6909,0.0,0.00062048,0.0019596,0.00699081,0.00203776,7,0,2,6,0.1933,3.0,5.0,15.0,50,2,2,True,False,3279528.0
100000003115284100,consolidator,0.915,9,0.5375,"Получает 2.2 млн ₸ от 8 плательщиков, отдаёт 2 получателям, в один день платили 7.0 разных отправителей. Признаки консолидации. Деньги возвращаются отправителю: 1 встречный счёт.",1,False,8,2,2160500.0,517000.0,15,4,0.2393,1643500.0,0.00152864,0.0001278,1.732e-05,0.00500956,11,2,1,5,0.0,7.0,2.0,17.0,2,2,1,True,False,2677500.0
100000008104567100,coordinator,1.0,8,0.5335,"Посредничество в верхнем 1% (betweenness 0.0020), связывает 4 кластера, деньги от 7 seed. Вход 3, выход 3. Входит в замкнутую цепочку из 4 узлов. Точка сочленения: изъятие разрывает связность сети.",2,False,3,3,53550.0,40000.0,3,4,0.747,13550.0,0.00053804,0.00202602,1.22e-06,2.833e-05,7,0,2,4,0.0,1.0,1.0,15.0,1,4,0,True,False,93550.0
100000007594394100,consolidator,0.854,17,0.4854,"Получает 395 тыс ₸ от 6 плательщиков, отдаёт 1 получателю. Признаки консолидации. Деньги возвращаются отправителю: 1 встречный счёт. Отдаёт в 9× больше видимых входящих: источник вне выгрузки.",2,False,6,1,395385.0,3376312.0,6,40,8.5393,0.0,0.00040559,3.62e-05,0.00126142,0.00440882,9,0,2,4,0.0669,2.0,1.0,20.0,1,2,1,False,False,3771697.0
100000000661912100,consolidator,0.833,0,0.4815,"Получает 393 тыс ₸ от 5 плательщиков, отдаёт 2 получателям. Признаки консолидации. Деньги возвращаются отправителю: 1 встречный счёт. Точка сочленения: изъятие разрывает связность сети.",1,False,5,2,393036.0,430700.0,9,8,1.0958,0.0,0.00174916,0.00133369,0.0,0.00786214,7,1,1,2,0.2229,2.0,1.0,28.0,1,2,1,True,False,823736.0
100000002838861100,consolidator,0.842,7,0.4775,"Получает 555 тыс ₸ от 5 плательщиков, отдаёт 1 получателю. Признаки консолидации. Деньги возвращаются отправителю: 1 встречный счёт. Точка сочленения: изъятие разрывает связность сети.",1,False,5,1,554523.95,10000.0,5,1,0.018,544523.95,0.00211992,1.942e-05,0.0,3.073e-05,8,2,1,3,0.0,2.0,1.0,9.0,1,2,1,True,False,564523.95
100000004299488100,consolidator,0.873,0,0.4707,"Получает 1.7 млн ₸ от 6 плательщиков, отдаёт 2 получателям, в один день платили 3.0 разных отправителей. Признаки консолидации. Деньги возвращаются отправителю: 1 встречный счёт.",1,False,6,2,1749000.0,344999.0,22,14,0.1973,1404001.0,0.00146212,2.081e-05,0.0046423,0.00806852,7,1,1,2,0.2029,3.0,1.0,15.0,1,2,1,True,False,2093999.0
100000007055802100,consolidator,0.874,0,0.469,"Получает 2.0 млн ₸ от 6 плательщиков, отдаёт 1 получателю, в один день платили 4.0 разных отправителей. Признаки консолидации. Деньги возвращаются отправителю: 1 встречный счёт.",1,False,6,1,2024999.0,605000.0,34,7,0.2988,1419999.0,0.00118192,4.36e-06,0.00343417,0.0108205,7,1,1,3,0.6066,4.0,1.0,11.0,1,2,1,False,False,2629999.0
100000004071080100,consolidator,0.902,0,0.4662,"Получает 239 тыс ₸ от 9 плательщиков, отдаёт 2 получателям. Признаки консолидации. Деньги возвращаются отправителю: 1 встречный счёт. Точка сочленения: изъятие разрывает связность сети.",1,False,9,2,238600.0,46500.0,16,5,0.1949,192100.0,0.001369,2.814e-05,0.00027801,0.00926305,7,1,1,4,0.2258,2.0,1.0,16.0,1,2,1,True,False,285100.0
100000004759121100,consolidator,0.866,0,0.4636,"Получает 710 тыс ₸ от 6 плательщиков, отдаёт 2 получателям. Признаки консолидации. Деньги возвращаются отправителю: 1 встречный счёт. Точка сочленения: изъятие разрывает связность сети.",1,False,6,2,710000.0,312000.0,10,6,0.4394,398000.0,0.00141518,7.708e-05,0.0,0.01035024,7,1,1,2,0.359,1.0,1.0,4.0,1,2,1,True,False,1022000.0
100000008489922100,distributor,0.898,7,0.4596,Раздаёт 3.8 млн ₸ на 36 получателей при 3 плательщиков; средний перевод 92 тыс ₸. Признаки веерного распределения. Деньги возвращаются отправителю: 1 встречный счёт.,3,False,3,36,262010.0,3789900.0,5,41,14.4647,0.0,0.0005859,0.00087219,6.848e-05,3.85e-06,8,0,3,7,0.1606,2.0,7.0,15.0,6,2,1,True,False,4051910.0
100000008547948100,distributor,0.858,7,0.4585,Раздаёт 5.2 млн ₸ на 26 получателей при 6 плательщиков; средний перевод 167 тыс ₸. Признаки веерного распределения. Деньги возвращаются отправителю: 2 встречных счёта.,2,False,6,26,212665.0,5185600.0,7,31,24.3839,0.0,0.0004277,0.00113221,0.00010551,5.65e-06,8,0,2,7,0.1182,4.0,4.0,15.0,8,2,2,True,False,5398265.0
100000008003034100,coordinator,1.0,13,0.4573,"Посредничество в верхнем 1% (betweenness 0.0020), связывает 4 кластера, деньги от 7 seed. Вход 1, выход 4. Входит в замкнутую цепочку из 6 узлов.",1,False,1,4,12201.0,135000.0,1,4,11.0647,0.0,0.00028688,0.00199314,9.144e-05,0.00029524,7,1,1,4,0.3593,1.0,1.0,12.0,1,6,0,False,False,147201.0
100000008165763100,coordinator,0.857,2,0.4551,"Собирает от 15 плательщиков (1.2 млн ₸) и раздаёт 17 получателям (1.3 млн ₸); деньги доходят от 9 seed. Признаки узла, управляющего потоком. Точка сочленения: изъятие разрывает связность сети.",1,False,15,17,1165815.0,1267858.0,26,17,1.0875,0.0,0.00091024,0.00034529,0.00766086,0.0009409,9,1,1,8,0.0663,4.0,3.0,15.0,0,0,0,True,False,2433673.0
100000008111003100,consolidator,0.837,0,0.4528,"Получает 223 тыс ₸ от 6 плательщиков, отдаёт 1 получателю. Признаки консолидации. Деньги возвращаются отправителю: 1 встречный счёт.",2,False,6,1,222716.0,35000.0,9,1,0.1572,187716.0,0.00046962,0.00088191,0.0,0.00031518,7,0,2,3,0.0,2.0,1.0,8.0,104,2,1,False,False,257716.0
100000003741418100,consolidator,0.885,4,0.4521,"Получает 152 тыс ₸ от 9 плательщиков, отдаёт 3 получателям. Признаки консолидации. Деньги возвращаются отправителю: 1 встречный счёт. Точка сочленения: изъятие разрывает связность сети.",2,False,9,3,151900.0,39920.0,13,3,0.2628,111980.0,0.0006325,5.275e-05,0.00499869,0.00034011,7,0,2,2,0.0,2.0,1.0,-4.0,1,2,1,True,False,191820.0
100000008546855100,consolidator,0.793,17,0.4441,"Получает 72 тыс ₸ от 6 плательщиков, отдаёт 2 получателям, в один день платили 5.0 разных отправителей. Признаки консолидации. Деньги возвращаются отправителю: 2 встречных счёта.",2,False,6,2,71790.0,10000.0,8,2,0.1393,61790.0,0.00142698,5.885e-05,0.0,0.00020714,7,0,2,3,1.0,5.0,1.0,2.0,2,2,2,True,False,81790.0
100000008547844100,distributor,0.826,10,0.4407,Раздаёт 2.0 млн ₸ на 19 получателей при 3 плательщиков; средний перевод 97 тыс ₸. Признаки веерного распределения. Деньги возвращаются отправителю: 1 встречный счёт.,2,False,3,19,177600.0,2042199.0,3,21,11.4989,0.0,0.00034434,0.00178761,1.402e-05,3.28e-06,8,0,2,6,0.2847,1.0,4.0,12.0,8,2,1,True,False,2219799.0
100000003242289100,distributor,0.843,15,0.4252,Раздаёт 2.4 млн ₸ на 23 получателей при 3 плательщиков; средний перевод 91 тыс ₸. Признаки веерного распределения. Деньги возвращаются отправителю: 1 встречный счёт.,2,False,3,23,550791.0,2377741.0,8,26,4.317,0.0,0.00043972,0.00100135,0.01252122,0.00019201,7,0,2,5,0.0198,2.0,4.0,28.0,104,2,1,True,False,2928532.0
100000008304139100,distributor,0.845,2,0.4239,Раздаёт 1.7 млн ₸ на 24 получателей при 4 плательщиков; средний перевод 39 тыс ₸. Признаки веерного распределения. Деньги возвращаются отправителю: 1 встречный счёт.,1,False,4,24,189329.75,1692997.0,4,43,8.9421,0.0,0.00031362,0.0013103,0.00762871,0.00575671,7,1,1,10,0.0266,1.0,4.0,29.0,290,2,1,True,False,1882326.75
100000003880331100,distributor,0.815,3,0.4149,Раздаёт 3.9 млн ₸ на 16 получателей при 1 плательщика; средний перевод 126 тыс ₸. Признаки веерного распределения. Деньги возвращаются отправителю: 1 встречный счёт.,3,False,1,16,100000.0,3904908.0,1,31,39.0491,0.0,0.00030766,0.00065965,0.00609882,0.00013028,7,0,3,6,0.4467,1.0,6.0,6.0,21,2,1,True,False,4004908.0
100000003796063100,distributor,0.804,4,0.4103,Раздаёт 959 тыс ₸ на 15 получателей при 1 плательщика; средний перевод 42 тыс ₸. Признаки веерного распределения. Деньги возвращаются отправителю: 1 встречный счёт.,3,False,1,15,35000.0,959150.0,1,23,27.4043,0.0,0.00068526,0.00117893,0.00259578,0.0,7,0,3,7,0.0735,1.0,5.0,0.0,104,2,1,True,False,994150.0
100000008710843100,distributor,0.8,18,0.4103,Раздаёт 2.0 млн ₸ на 13 получателей при 2 плательщиков; средний перевод 142 тыс ₸. Признаки веерного распределения. Отдаёт в 58× больше видимых входящих: источник вне выгрузки.,2,False,2,13,33944.0,1985500.0,3,14,58.4934,0.0,0.00029288,0.00123575,6.924e-05,4.968e-05,8,0,2,6,0.0,1.0,2.0,17.0,4,4,0,True,False,2019444.0
100000002578405100,distributor,0.998,1,0.4077,Раздаёт 3.1 млн ₸ на 116 получателей при 2 плательщиков; средний перевод 26 тыс ₸. Признаки веерного распределения. Деньги возвращаются отправителю: 2 встречных счёта.,2,False,2,116,1200351.0,3108352.0,7,120,2.5895,0.0,0.00057001,0.000171,0.0,0.0,1,0,2,1,0.1612,1.0,9.0,23.0,2,2,2,True,False,4308703.0
100000008465789100,distributor,0.812,10,0.406,Раздаёт 1.9 млн ₸ на 16 получателей при 1 плательщика; средний перевод 109 тыс ₸. Признаки веерного распределения. Отдаёт в 62× больше видимых входящих: источник вне выгрузки.,3,False,1,16,30099.0,1858100.0,1,17,61.7329,0.0,0.00028989,0.0008451,2.638e-05,2.6e-07,8,0,3,3,0.478,1.0,4.0,5.0,6,3,0,True,False,1888199.0
100000004847758100,distributor,0.799,2,0.4059,Раздаёт 489 тыс ₸ на 15 получателей при 4 плательщиков; средний перевод 21 тыс ₸. Признаки веерного распределения. Деньги возвращаются отправителю: 1 встречный счёт.,1,False,4,15,115171.0,488800.0,4,23,4.2441,0.0,0.00030474,0.00135859,0.0085577,0.00677019,7,1,1,6,0.0,1.0,3.0,28.0,71,2,1,True,False,603971.0
100000008466579100,distributor,0.817,10,0.4034,Раздаёт 1.9 млн ₸ на 17 получателей при 2 плательщиков; средний перевод 97 тыс ₸. Признаки веерного распределения. Отдаёт в 52× больше видимых входящих: источник вне выгрузки.,2,False,2,17,36952.0,1933000.0,2,20,52.3111,0.0,0.00035341,0.00050563,9.925e-05,5.4e-07,8,0,2,5,0.0647,1.0,5.0,2.0,4,4,0,True,False,1969952.0
100000005578559100,distributor,0.829,8,0.3977,Раздаёт 893 тыс ₸ на 21 получателя при 2 плательщиков; средний перевод 39 тыс ₸. Признаки веерного распределения. Входит в замкнутую цепочку из 3 узлов.,2,False,2,21,131000.0,893163.67,2,23,6.818,0.0,0.00039102,0.00096675,3.438e-05,2.14e-06,7,0,2,5,0.3598,1.0,7.0,7.0,1,3,0,True,False,1024163.67
100000002527114100,distributor,0.998,1,0.3917,Раздаёт 3.3 млн ₸ на 111 получателей при 3 плательщиков; средний перевод 29 тыс ₸. Признаки веерного распределения. Деньги возвращаются отправителю: 3 встречных счёта.,0,True,3,111,129000.0,3289249.0,4,113,25.4981,0.0,0.00081111,0.00019339,0.0,0.0,0,0,0,1,0.0588,1.0,11.0,27.0,3,2,3,True,False,3418249.0
100000008413748100,distributor,0.819,15,0.3913,Раздаёт 1.4 млн ₸ на 18 получателей при 2 плательщиков; средний перевод 66 тыс ₸. Признаки веерного распределения. Отдаёт в 52× больше видимых входящих: источник вне выгрузки.,2,False,2,18,26480.0,1377320.22,2,21,52.0136,0.0,0.00039089,0.00062472,0.02500018,2.046e-05,7,0,2,4,0.3328,2.0,14.0,3.0,85,4,0,True,False,1403800.22
100000007593823100,distributor,0.779,0,0.3878,Раздаёт 163 тыс ₸ на 13 получателей при 3 плательщиков; средний перевод 8 тыс ₸. Признаки веерного распределения. Деньги возвращаются отправителю: 1 встречный счёт.,3,False,3,13,25000.0,162900.0,3,21,6.516,0.0,0.00029059,0.00068132,0.00148779,0.00430315,7,0,3,5,0.0,1.0,3.0,24.0,50,2,1,True,False,187900.0
100000002723538100,distributor,0.788,3,0.3856,Раздаёт 560 тыс ₸ на 12 получателей при 3 плательщиков; средний перевод 40 тыс ₸. Признаки веерного распределения. Деньги возвращаются отправителю: 1 встречный счёт.,2,False,3,12,105647.0,560499.0,3,14,5.3054,0.0,0.00032031,0.00029089,0.00652499,0.00458093,7,0,2,7,0.0928,1.0,3.0,16.0,61,2,1,True,False,666146.0
100000000089154100,distributor,0.798,0,0.383,Раздаёт 426 тыс ₸ на 15 получателей при 1 плательщика; средний перевод 20 тыс ₸. Признаки веерного распределения. Деньги возвращаются отправителю: 1 встречный счёт.,1,False,1,15,10000.0,425500.0,1,21,42.55,0.0,0.00028745,0.00010895,0.00284943,0.00215168,7,1,1,6,0.2738,1.0,4.0,6.0,57,2,1,True,False,435500.0
100000005665181100,distributor,0.772,4,0.3813,Раздаёт 182 тыс ₸ на 11 получателей при 4 плательщиков; средний перевод 17 тыс ₸. Признаки веерного распределения. Деньги возвращаются отправителю: 1 встречный счёт.,2,False,4,11,45498.0,181915.0,5,11,3.9983,0.0,0.00039854,0.00026832,0.0057385,0.00013216,7,0,2,4,0.077,2.0,4.0,12.0,1,2,1,True,False,227413.0
100000002398779100,consolidator,0.995,0,0.3776,"Получает 1.1 млн ₸ от 13 плательщиков, отдаёт 1 получателю, в один день платили 7.0 разных отправителей. Признаки консолидации.",2,False,13,1,1095690.0,66000.0,28,3,0.0602,1029690.0,0.0016005,1.278e-05,3.935e-05,0.00059279,8,0,2,3,0.8182,7.0,1.0,4.0,0,0,0,False,False,1161690.0
100000003213473100,distributor,0.775,0,0.3769,Раздаёт 240 тыс ₸ на 11 получателей при 1 плательщика; средний перевод 20 тыс ₸. Признаки веерного распределения. Деньги возвращаются отправителю: 1 встречный счёт.,3,False,1,11,57500.0,240000.0,2,12,4.1739,0.0,0.00028881,0.00010973,0.00168948,0.00290578,7,0,3,3,0.0375,1.0,2.0,6.0,34,2,1,True,False,297500.0
100000008730846100,consolidator,0.844,9,0.3726,"Получает 155 тыс ₸ от 7 плательщиков, отдаёт 3 получателям, в один день платили 4.0 разных отправителей. Признаки консолидации. Точка сочленения: изъятие разрывает связность сети.",2,False,7,3,155042.0,363370.0,11,4,2.3437,0.0,0.00053606,0.00014091,0.00216657,0.00024908,8,0,2,5,0.7018,4.0,1.0,3.0,0,0,0,True,False,518412.0
100000004150593100,distributor,0.787,5,0.3724,Раздаёт 871 тыс ₸ на 11 получателей при 1 плательщика; средний перевод 54 тыс ₸. Признаки веерного распределения. Входит в замкнутую цепочку из 4 узлов.,2,False,1,11,57000.0,871165.0,2,16,15.2836,0.0,0.00030663,0.00022164,0.00282088,2.6e-06,7,0,2,3,0.8159,1.0,7.0,8.0,4,4,0,True,False,928165.0
100000000332284100,consolidator,0.893,4,0.3703,"Получает 107 тыс ₸ от 10 плательщиков, отдаёт 3 получателям, в один день платили 3.0 разных отправителей. Признаки консолидации. Точка сочленения: изъятие разрывает связность сети.",2,False,10,3,107426.0,289500.0,12,3,2.6949,0.0,0.00071709,0.00010914,0.001282,0.00035653,7,0,2,5,0.0,3.0,2.0,25.0,0,0,0,True,False,396926.0
100000004140487100,distributor,0.771,2,0.3675,Раздаёт 263 тыс ₸ на 10 получателей при 1 плательщика; средний перевод 14 тыс ₸. Признаки веерного распределения. Входит в замкнутую цепочку из 4 узлов.,3,False,1,10,24510.0,262600.0,1,19,10.714,0.0,0.00028943,0.00032537,0.00272512,0.00023334,7,0,3,6,0.2959,1.0,6.0,11.0,35,4,0,True,False,287110.0
100000008710791100,distributor,0.845,7,0.3674,Раздаёт 5.5 млн ₸ на 23 получателей при 3 плательщиков; средний перевод 221 тыс ₸. Признаки веерного распределения. Отдаёт в 30× больше видимых входящих: источник вне выгрузки.,2,False,3,23,181510.0,5521511.0,3,25,30.4199,0.0,0.00033426,0.00031461,0.00017282,1.66e-06,9,0,2,4,0.0,1.0,5.0,15.0,0,0,0,True,False,5703021.0
100000007998965100,consolidator,0.823,9,0.3636,"Получает 278 тыс ₸ от 5 плательщиков, отдаёт 1 получателю. Признаки консолидации. Точка сочленения: изъятие разрывает связность сети.",2,False,5,1,278000.0,26000.0,7,3,0.0935,252000.0,0.00047192,1.981e-05,0.0,3.056e-05,8,0,2,3,0.0,2.0,1.0,24.0,0,0,0,True,False,304000.0
100000000343175100,distributor,0.878,9,0.3629,Раздаёт 4.0 млн ₸ на 31 получателя при 8 плательщиков; средний перевод 121 тыс ₸. Признаки веерного распределения. Отдаёт в 22× больше видимых входящих: источник вне выгрузки.,0,True,8,31,178712.0,4000039.0,14,33,22.3826,0.0,0.00071326,0.00109469,0.0065894,0.00028933,7,1,0,10,0.0385,2.0,7.0,20.0,0,0,0,True,False,4178751.0
100000001282143100,consolidator,0.852,12,0.3624,"Получает 1.7 млн ₸ от 5 плательщиков, отдаёт 0 получателям, в один день платили 4.0 разных отправителей. Признаки консолидации.",3,False,5,0,1700000.0,0.0,6,0,0.0,1700000.0,0.00040176,0.0,0.0,7.82e-06,10,0,3,3,0.0,4.0,0.0,0.0,0,0,0,False,False,1700000.0
100000002718366100,consolidator,0.874,7,0.3623,"Получает 2.5 млн ₸ от 6 плательщиков, отдаёт 0 получателям, в один день платили 3.0 разных отправителей. Признаки консолидации.",2,False,6,0,2525000.0,0.0,10,0,0.0,2525000.0,0.0006812,0.0,0.0,7.93e-06,9,0,2,3,0.0,3.0,0.0,0.0,0,0,0,False,False,2525000.0
100000008560717100,consolidator,0.883,4,0.3603,"Получает 529 тыс ₸ от 7 плательщиков, отдаёт 1 получателю. Признаки консолидации. Точка сочленения: изъятие разрывает связность сети.",1,False,7,1,529000.0,25000.0,9,1,0.0473,504000.0,0.00033083,1.922e-05,0.0,0.0123378,7,1,1,4,0.0,2.0,1.0,25.0,0,0,0,True,False,554000.0
100000003747133100,consolidator,0.818,48,0.3517,"Получает 237 тыс ₸ от 5 плательщиков, отдаёт 2 получателям. Признаки консолидации. Точка сочленения: изъятие разрывает связность сети.",2,False,5,2,237068.0,250000.0,8,2,1.0545,0.0,0.00037807,9.61e-05,0.0,0.00050567,7,0,2,4,0.0,2.0,1.0,10.0,0,0,0,True,False,487068.0
100000003249054100,consolidator,0.826,2,0.3511,"Получает 100 тыс ₸ от 7 плательщиков, отдаёт 1 получателю. Признаки консолидации. Точка сочленения: изъятие разрывает связность сети.",2,False,7,1,99700.0,15000.0,11,1,0.1505,84700.0,0.00043146,3.963e-05,0.0,0.00038185,7,0,2,4,0.0,2.0,1.0,16.0,0,0,0,True,False,114700.0
100000008686313100,terminal,0.997,0,0.3498,"Принял 1.9 млн ₸ от 6 плательщиков и удержал 1.6 млн ₸; обход на колене 1 не обрывался, значит отсутствие исходящих — поведение, а не артефакт. Деньги возвращаются отправителю: 3 встречных счёта.",1,False,6,7,1912716.0,333800.0,16,13,0.1745,1578916.0,0.00046763,0.00198483,0.00189829,0.0108259,7,1,1,5,0.1114,2.0,2.0,20.0,408,2,3,True,False,2246516.0
100000001303311100,consolidator,0.851,18,0.3491,"Получает 1.3 млн ₸ от 5 плательщиков, отдаёт 0 получателям, в один день платили 4.0 разных отправителей. Признаки консолидации.",3,False,5,0,1324000.0,0.0,5,0,0.0,1324000.0,0.0005017,0.0,0.0,3.91e-06,9,0,3,3,0.0,4.0,0.0,0.0,0,0,0,False,False,1324000.0
100000008748914100,distributor,0.803,2,0.3484,Раздаёт 4.5 млн ₸ на 13 получателей при 2 плательщиков; средний перевод 213 тыс ₸. Признаки веерного распределения. Деньги возвращаются отправителю: 1 встречный счёт.,1,False,2,13,180000.0,4471847.0,9,21,24.8436,0.0,0.00079083,0.00064061,0.00333327,0.0,1,1,1,5,0.3157,1.0,6.0,6.0,1,2,1,True,False,4651847.0
100000001253557100,consolidator,0.814,10,0.3478,"Получает 210 тыс ₸ от 5 плательщиков, отдаёт 0 получателям. Признаки консолидации.",1,False,5,0,210200.0,0.0,5,0,0.0,210200.0,0.00035107,0.0,0.0,4.142e-05,10,1,1,4,0.0,1.0,0.0,0.0,0,0,0,False,False,210200.0
100000001697501100,distributor,0.903,1,0.3466,Раздаёт 1.5 млн ₸ на 38 получателей при 3 плательщиков; средний перевод 27 тыс ₸. Признаки веерного распределения. Деньги возвращаются отправителю: 3 встречных счёта.,1,False,3,38,123700.0,1482606.0,3,55,11.9855,0.0,0.0005916,0.00020548,0.0,0.0,1,1,1,1,0.0567,1.0,6.0,27.0,3,2,3,True,False,1606306.0
100000003360542100,terminal,0.84,9,0.3454,"Принял 317 тыс ₸ от 2 плательщиков и удержал 265 тыс ₸; обход на колене 2 не обрывался, значит отсутствие исходящих — поведение, а не артефакт. Деньги возвращаются отправителю: 1 встречный счёт.",2,False,2,2,317000.0,51800.0,3,5,0.1634,265200.0,0.00145643,9.9e-07,0.00214938,3.3e-07,11,0,2,1,0.1062,1.0,1.0,11.0,3,2,1,False,False,368800.0
100000002547110100,consolidator,0.872,10,0.3417,"Получает 1.5 млн ₸ от 6 плательщиков, отдаёт 0 получателям, в один день платили 5.0 разных отправителей. Признаки консолидации.",3,False,6,0,1500000.0,0.0,10,0,0.0,1500000.0,0.00055163,0.0,0.0,5.89e-06,8,0,3,2,0.0,5.0,0.0,0.0,0,0,0,False,False,1500000.0
100000007629096100,transit,0.65,0,0.3414,"Пропустил 71% полученного дальше: принял 1.1 млн ₸ от 4 плательщиков, отдал 765 тыс ₸ на 1 получателя, 6% ушло в первые 2 дня. Признаки транзита. Деньги возвращаются отправителю: 1 встречный счёт.",2,False,4,1,1075170.0,765205.0,5,5,0.7117,309965.0,0.00247241,1.526e-05,0.00010198,0.00028463,7,0,2,2,0.0638,2.0,1.0,29.0,1,2,1,False,False,1840375.0
100000005074393100,transit,0.543,13,0.3407,"Пропустил 122% полученного дальше: принял 563 тыс ₸ от 4 плательщиков, отдал 686 тыс ₸ на 6 получателей. Признаки транзита. Деньги возвращаются отправителю: 2 встречных счёта.",1,False,4,6,563026.0,685500.0,5,10,1.2175,0.0,0.00106008,0.00021697,2.62e-06,0.00073229,10,1,1,2,0.0,1.0,2.0,20.0,3,2,2,True,False,1248526.0
100000008743913100,distributor,0.8,18,0.3364,Раздаёт 1.9 млн ₸ на 13 получателей при 3 плательщиков; средний перевод 142 тыс ₸. Признаки веерного распределения. Отдаёт в 12× больше видимых входящих: источник вне выгрузки.,2,False,3,13,149300.0,1850600.0,3,13,12.3952,0.0,0.00033211,0.00030607,1.91e-05,2.28e-06,9,0,2,5,0.0,2.0,3.0,9.0,0,0,0,True,False,1999900.0
100000000706545100,terminal,0.913,5,0.3363,"Принял 1.1 млн ₸ от 3 плательщиков и удержал 994 тыс ₸; обход на колене 1 не обрывался, значит отсутствие исходящих — поведение, а не артефакт. Деньги возвращаются отправителю: 1 встречный счёт.",1,False,3,1,1070300.0,75800.0,8,3,0.0708,994500.0,0.00322663,1.962e-05,0.0,0.00032227,7,1,1,1,0.0,1.0,1.0,20.0,1,2,1,True,False,1146100.0
100000004962193100,consolidator,0.911,0,0.3335,"Получает 900 тыс ₸ от 8 плательщиков, отдаёт 0 получателям, в один день платили 5.0 разных отправителей. Признаки консолидации.",2,False,8,0,900468.0,0.0,11,0,0.0,900468.0,0.00065732,0.0,0.0,0.00049942,7,0,2,3,0.0,5.0,0.0,0.0,0,0,0,False,False,900468.0
100000004486525100,consolidator,0.893,0,0.3327,"Получает 361 тыс ₸ от 8 плательщиков, отдаёт 2 получателям, в один день платили 5.0 разных отправителей. Признаки консолидации.",2,False,8,2,360924.0,271045.0,21,3,0.751,89879.0,0.0008058,4.76e-06,0.00046487,0.00030176,7,0,2,3,0.0594,5.0,1.0,5.0,0,0,0,False,False,631969.0
100000006274203100,terminal,0.88,17,0.3319,"Принял 3.4 млн ₸ от 2 плательщиков и удержал 3.3 млн ₸; обход на колене 3 не обрывался, значит отсутствие исходящих — поведение, а не артефакт. Деньги возвращаются отправителю: 1 встречный счёт.",3,False,2,3,3417512.0,72000.0,41,3,0.0211,3345512.0,0.00063211,3.734e-05,0.00190688,0.00296368,9,0,3,2,0.0,1.0,2.0,6.0,1,2,1,True,False,3489512.0
100000008512827100,distributor,0.788,12,0.331,Раздаёт 1.9 млн ₸ на 10 получателей при 3 плательщиков; средний перевод 194 тыс ₸. Признаки веерного распределения. Отдаёт в 18× больше видимых входящих: источник вне выгрузки.,2,False,3,10,107949.0,1944500.0,3,10,18.0131,0.0,0.00033526,0.00013727,0.00014597,3.9e-07,9,0,2,6,0.0,1.0,4.0,13.0,0,0,0,True,False,2052449.0
100000008144528100,consolidator,0.849,5,0.3306,"Получает 1.1 млн ₸ от 5 плательщиков, отдаёт 0 получателям. Признаки консолидации.",2,False,5,0,1068202.6,0.0,13,0,0.0,1068202.6,0.00105554,0.0,0.0,5.44e-06,7,0,2,3,0.0,2.0,0.0,0.0,0,0,0,False,False,1068202.6
100000003854444100,distributor,0.805,17,0.3296,Раздаёт 2.3 млн ₸ на 14 получателей при 1 плательщика; средний перевод 166 тыс ₸. Признаки веерного распределения. Отдаёт в 11× больше видимых входящих: источник вне выгрузки.,2,False,1,14,210000.0,2322909.0,4,14,11.0615,0.0,0.00046676,0.00107526,0.00453322,0.0,7,0,2,3,0.3405,1.0,5.0,13.0,0,0,0,True,False,2532909.0
100000008324800100,transit,0.641,69,0.3272,"Пропустил 97% полученного дальше: принял 526 тыс ₸ от 3 плательщиков, отдал 511 тыс ₸ на 1 получателя, 52% ушло в первые 2 дня. Признаки транзита. Деньги возвращаются отправителю: 1 встречный счёт.",2,False,3,1,526500.0,511000.0,17,13,0.9706,15500.0,0.00185178,1.922e-05,0.0,0.00310699,7,0,2,3,0.5205,2.0,1.0,14.0,1,2,1,True,False,1037500.0
100000005473151100,terminal,0.915,8,0.3271,"Принял 1.2 млн ₸ от 3 плательщиков и удержал 995 тыс ₸; обход на колене 1 не обрывался, значит отсутствие исходящих — поведение, а не артефакт. Деньги возвращаются отправителю: 1 встречный счёт.",1,False,3,4,1220000.0,225000.0,4,6,0.1844,995000.0,0.00046827,0.0002416,0.0,6.25e-06,9,1,1,3,0.9111,2.0,2.0,2.0,1,2,1,True,False,1445000.0
100000008517538100,distributor,0.815,7,0.3243,Раздаёт 1.4 млн ₸ на 17 получателей при 3 плательщиков; средний перевод 80 тыс ₸. Признаки веерного распределения. Отдаёт в 9× больше видимых входящих: источник вне выгрузки.,3,False,3,17,155500.0,1439000.0,6,18,9.254,0.0,0.00030702,0.00024581,1.776e-05,4.42e-06,8,0,3,5,0.0097,1.0,3.0,17.0,0,0,0,True,False,1594500.0
100000003299365100,transit,0.56,2,0.324,"Пропустил 100% полученного дальше: принял 200 тыс ₸ от 1 плательщика, отдал 200 тыс ₸ на 1 получателя, 100% ушло в первые 2 дня. Признаки транзита. Деньги возвращаются отправителю: 1 встречный счёт.",1,False,1,1,200000.0,200000.0,1,1,1.0,0.0,0.00032562,0.0,0.00057618,0.00046117,10,1,1,1,1.0,1.0,1.0,0.0,1,2,1,False,False,400000.0
100000008742053100,distributor,0.797,12,0.3231,Раздаёт 2.8 млн ₸ на 12 получателей при 1 плательщика; средний перевод 232 тыс ₸. Признаки веерного распределения. Отдаёт в 279× больше видимых входящих: источник вне выгрузки.,3,False,1,12,10000.0,2789000.0,1,12,278.9,0.0,0.00028627,0.00012107,1.137e-05,1.97e-06,8,0,3,3,0.0,1.0,5.0,8.0,0,0,0,True,False,2799000.0
100000006707582100,distributor,0.8,9,0.3205,Раздаёт 961 тыс ₸ на 14 получателей при 2 плательщиков; средний перевод 64 тыс ₸. Признаки веерного распределения. Деньги возвращаются отправителю: 1 встречный счёт.,1,False,2,14,39520.0,961138.0,2,15,24.3203,0.0,0.00053806,0.00036347,0.00124642,2.293e-05,1,1,1,6,0.948,1.0,5.0,2.0,1,2,1,True,False,1000658.0
100000005830339100,consolidator,0.838,2,0.3179,"Получает 476 тыс ₸ от 5 плательщиков, отдаёт 1 получателю. Признаки консолидации.",3,False,5,1,476341.0,339251.0,12,1,0.7122,137090.0,0.0003636,3.8e-06,0.00019785,0.00724594,7,0,3,4,0.0,1.0,1.0,20.0,0,0,0,False,False,815592.0
100000008244300100,consolidator,0.768,4,0.3177,"Получает 65 тыс ₸ от 5 плательщиков, отдаёт 0 получателям. Признаки консолидации.",1,False,5,0,65430.0,0.0,6,0,0.0,65430.0,0.00047937,0.0,0.0,0.00015744,8,1,1,4,0.0,1.0,0.0,0.0,0,0,0,False,False,65430.0
100000005367445100,transit,0.453,10,0.3136,"Пропустил 100% полученного дальше: принял 5 тыс ₸ от 1 плательщика, отдал 5 тыс ₸ на 1 получателя, 100% ушло в первые 2 дня. Признаки транзита. Деньги возвращаются отправителю: 1 встречный счёт.",3,False,1,1,5000.0,5000.0,1,1,1.0,0.0,0.001843,0.0,9.8e-07,0.0,9,0,3,1,1.0,1.0,1.0,1.0,1,2,1,False,False,10000.0
100000001530983100,distributor,0.791,5,0.3131,Раздаёт 1.8 млн ₸ на 11 получателей при 4 плательщиков; средний перевод 108 тыс ₸. Признаки веерного распределения. Отдаёт в 3× больше видимых входящих: источник вне выгрузки.,1,False,4,11,564158.0,1829538.0,4,17,3.243,0.0,0.00035609,0.00033207,0.00021683,0.00543967,7,2,1,4,0.1164,1.0,5.0,12.0,0,0,0,True,False,2393696.0
100000004160650100,distributor,0.786,23,0.3118,Раздаёт 1.5 млн ₸ на 10 получателей при 2 плательщиков; средний перевод 37 тыс ₸. Признаки веерного распределения. Деньги возвращаются отправителю: 2 встречных счёта.,2,False,2,10,75100.0,1489827.0,4,40,19.8379,0.0,0.00036923,5.35e-06,0.0,0.0,1,0,2,1,0.1869,1.0,5.0,7.0,16,2,2,True,False,1564927.0
100000008746449100,distributor,0.784,7,0.3118,Раздаёт 1.0 млн ₸ на 10 получателей при 1 плательщика; средний перевод 101 тыс ₸. Признаки веерного распределения. Отдаёт в 101× больше видимых входящих: источник вне выгрузки.,3,False,1,10,10000.0,1009000.0,1,10,100.9,0.0,0.000287,0.00016598,1.66e-06,2.6e-07,8,0,3,3,0.0,1.0,7.0,7.0,0,0,0,True,False,1019000.0
100000005882013100,terminal,0.794,13,0.3113,"Принял 135 тыс ₸ от 2 плательщиков и удержал 125 тыс ₸; обход на колене 2 не обрывался, значит отсутствие исходящих — поведение, а не артефакт. Деньги возвращаются отправителю: 1 встречный счёт.",2,False,2,1,135000.0,10000.0,3,1,0.0741,125000.0,0.00052642,0.0,0.00031168,5.9e-06,10,0,2,1,1.0,1.0,1.0,1.0,2,2,1,False,False,145000.0
100000004041163100,peripheral,0.6,20,0.3075,"Вход: 1 плательщика (50 тыс ₸), выход: 2 получателей (866 тыс ₸) — ни один порог роли не пройден. Деньги возвращаются отправителю: 1 встречный счёт. Точка сочленения: изъятие разрывает связность сети.",0,True,1,2,50000.0,866000.0,1,6,17.32,0.0,0.00208475,2.338e-05,4.6e-07,0.0,14,1,0,1,0.0554,1.0,1.0,0.0,1,2,1,True,False,916000.0
100000006518161100,transit,0.586,5,0.3068,"Пропустил 100% полученного дальше: принял 594 тыс ₸ от 3 плательщиков, отдал 596 тыс ₸ на 2 получателей, 2% ушло в первые 2 дня. Признаки транзита. Деньги возвращаются отправителю: 1 встречный счёт.",1,False,3,2,594200.0,595899.0,13,13,1.0029,0.0,0.00081081,5.786e-05,0.0,0.00033359,7,1,1,2,0.0168,2.0,1.0,25.0,1,2,1,True,False,1190099.0
100000002941114100,terminal,0.791,9,0.3054,"Принял 129 тыс ₸ от 2 плательщиков и удержал 114 тыс ₸; обход на колене 1 не обрывался, значит отсутствие исходящих — поведение, а не артефакт. Деньги возвращаются отправителю: 1 встречный счёт.",1,False,2,1,128510.0,15000.0,15,1,0.1167,113510.0,0.00181463,2.061e-05,0.0,0.00012378,8,1,1,1,0.0,2.0,1.0,19.0,1,2,1,True,False,143510.0
100000002870463100,terminal,0.86,6,0.3045,"Принял 207 тыс ₸ от 3 плательщиков и удержал 197 тыс ₸; обход на колене 2 не обрывался, значит отсутствие исходящих — поведение, а не артефакт. Деньги возвращаются отправителю: 1 встречный счёт.",2,False,3,1,207000.0,10000.0,4,1,0.0483,197000.0,0.00192998,1.942e-05,0.0,3.173e-05,7,0,2,2,0.0,1.0,1.0,14.0,1,2,1,True,False,217000.0
100000000673868100,terminal,0.838,30,0.3036,"Принял 2.0 млн ₸ от 1 плательщика и удержал 1.6 млн ₸; обход на колене 3 не обрывался, значит отсутствие исходящих — поведение, а не артефакт. Деньги возвращаются отправителю: 1 встречный счёт.",3,False,1,5,2030650.0,383000.0,5,19,0.1886,1647650.0,0.00117281,4.102e-05,0.00241501,3.6e-07,7,0,3,1,0.2611,1.0,3.0,11.0,2,2,1,True,False,2413650.0
100000005413948100,terminal,0.688,10,0.3033,"Принял 28 тыс ₸ от 2 плательщиков и удержал 23 тыс ₸; обход на колене 2 не обрывался, значит отсутствие исходящих — поведение, а не артефакт. Деньги возвращаются отправителю: 1 встречный счёт.",2,False,2,1,28215.0,5000.0,2,1,0.1772,23215.0,0.00185204,2.18e-05,0.0,2.31e-06,9,0,2,1,0.0,1.0,1.0,10.0,1,2,1,True,False,33215.0
100000002224132100,peripheral,0.6,24,0.301,"Вход: 5 плательщиков (4.0 млн ₸), выход: 4 получателей (12.1 млн ₸) — ни один порог роли не пройден. Деньги возвращаются отправителю: 3 встречных счёта.",2,False,5,4,3951020.0,12115000.0,10,25,3.0663,0.0,0.00599573,6.24e-06,0.0,0.0,2,0,2,1,0.0495,2.0,4.0,23.0,8,2,3,True,False,16066020.0
100000002812641100,transit,0.414,7,0.2998,"Пропустил 70% полученного дальше: принял 10 тыс ₸ от 1 плательщика, отдал 7 тыс ₸ на 1 получателя, 100% ушло в первые 2 дня. Признаки транзита. Деньги возвращаются отправителю: 1 встречный счёт.",2,False,1,1,10000.0,7023.95,1,1,0.7024,2976.05,0.00206385,0.0,1.308e-05,0.0,8,0,2,1,1.0,1.0,1.0,1.0,1,2,1,False,False,17023.95
100000006901046100,terminal,0.719,5,0.2995,"Принял 76 тыс ₸ от 1 плательщика и удержал 70 тыс ₸; обход на колене 2 не обрывался, значит отсутствие исходящих — поведение, а не артефакт. Деньги возвращаются отправителю: 1 встречный счёт.",2,False,1,1,75800.0,5500.0,3,1,0.0726,70300.0,0.00299988,0.0,0.00013717,0.0,7,0,2,1,0.0,1.0,1.0,4.0,1,2,1,False,False,81300.0
100000000201868100,transit,0.554,55,0.2985,"Пропустил 100% полученного дальше: принял 190 тыс ₸ от 1 плательщика, отдал 190 тыс ₸ на 1 получателя, 100% ушло в первые 2 дня. Признаки транзита. Деньги возвращаются отправителю: 1 встречный счёт.",2,False,1,1,190000.0,190000.0,1,1,1.0,0.0,0.00097464,0.0,0.00013207,0.0,7,0,2,1,1.0,1.0,1.0,1.0,1,2,1,False,False,380000.0
100000003635170100,transit,0.435,32,0.2985,"Пропустил 94% полученного дальше: принял 268 тыс ₸ от 3 плательщиков, отдал 254 тыс ₸ на 4 получателей. Признаки транзита. Деньги возвращаются отправителю: 2 встречных счёта.",1,False,3,4,268500.0,253500.0,13,10,0.9441,15000.0,0.00114819,0.00018804,0.0,0.0001248,8,1,1,2,0.0,2.0,2.0,24.0,2,2,2,True,False,522000.0
100000001600934100,terminal,0.77,3,0.2979,"Принял 180 тыс ₸ от 1 плательщика и удержал 169 тыс ₸; обход на колене 3 не обрывался, значит отсутствие исходящих — поведение, а не артефакт. Деньги возвращаются отправителю: 1 встречный счёт.",3,False,1,1,180300.0,11000.0,2,1,0.061,169300.0,0.00236685,0.0,0.00069389,3.027e-05,7,0,3,1,0.0,1.0,1.0,18.0,1,2,1,False,False,191300.0
100000003946524100,transit,0.382,2,0.2977,"Пропустил 108% полученного дальше: принял 134 тыс ₸ от 2 плательщиков, отдал 145 тыс ₸ на 2 получателей. Признаки транзита. Деньги возвращаются отправителю: 1 встречный счёт.",1,False,2,2,133757.0,144750.0,2,2,1.0822,0.0,0.00032606,0.00011948,0.0,0.00046488,10,1,1,1,0.0,1.0,1.0,6.0,1,2,1,True,False,278507.0
100000000291906100,transit,0.536,51,0.2971,"Пропустил 117% полученного дальше: принял 388 тыс ₸ от 2 плательщиков, отдал 456 тыс ₸ на 2 получателей, 35% ушло в первые 2 дня. Признаки транзита. Деньги возвращаются отправителю: 1 встречный счёт.",2,False,2,2,388000.0,455854.0,3,6,1.1749,0.0,0.00076294,7.807e-05,0.0,0.0,7,0,2,2,0.3518,1.0,1.0,28.0,1,2,1,True,False,843854.0
100000004135268100,transit,0.905,50,0.2958,"Пропустил 81% полученного дальше: принял 1.2 млн ₸ от 2 плательщиков, отдал 1.0 млн ₸ на 3 получателей, 85% ушло в первые 2 дня. Признаки транзита. Деньги возвращаются отправителю: 2 встречных счёта.",1,False,2,3,1239000.0,1000200.0,3,4,0.8073,238800.0,0.00174053,1.19e-06,0.0,0.0,1,1,1,1,0.8498,1.0,1.0,2.0,3,2,2,True,False,2239200.0
100000005242320100,distributor,0.837,12,0.295,Раздаёт 8.9 млн ₸ на 21 получателя при 2 плательщиков; средний перевод 308 тыс ₸. Признаки веерного распределения. Отдаёт в 24× больше видимых входящих: источник вне выгрузки.,2,False,2,21,365700.0,8936295.0,2,29,24.4361,0.0,0.00050012,2.972e-05,2.036e-05,4.5e-07,2,0,2,2,0.092,1.0,4.0,7.0,0,0,0,True,False,9301995.0
100000004544958100,terminal,0.767,9,0.2939,"Принял 168 тыс ₸ от 1 плательщика и удержал 145 тыс ₸; обход на колене 2 не обрывался, значит отсутствие исходящих — поведение, а не артефакт. Деньги возвращаются отправителю: 1 встречный счёт.",2,False,1,2,168000.0,23200.0,3,2,0.1381,144800.0,0.00121461,2.081e-05,5.311e-05,0.0,8,0,2,1,0.0,1.0,1.0,7.0,1,2,1,True,False,191200.0
100000003886323100,terminal,0.761,5,0.2889,"Принял 78 тыс ₸ от 2 плательщиков и удержал 71 тыс ₸; обход на колене 1 не обрывался, значит отсутствие исходящих — поведение, а не артефакт. Деньги возвращаются отправителю: 1 встречный счёт.",1,False,2,1,78168.0,7650.0,6,1,0.0979,70518.0,0.00180484,1.922e-05,0.0,0.0002976,7,1,1,1,0.0,1.0,1.0,10.0,1,2,1,True,False,85818.0
100000003718221100,transit,0.455,22,0.2886,"Пропустил 121% полученного дальше: принял 350 тыс ₸ от 2 плательщиков, отдал 424 тыс ₸ на 4 получателей. Признаки транзита. Деньги возвращаются отправителю: 2 встречных счёта.",2,False,2,4,350000.0,423500.0,6,8,1.21,0.0,0.00104347,3.923e-05,0.0001716,3.22e-06,7,0,2,1,0.0,1.0,2.0,19.0,4,2,2,True,False,773500.0
100000002193259100,transit,0.412,11,0.2876,"Пропустил 121% полученного дальше: принял 48 тыс ₸ от 2 плательщиков, отдал 58 тыс ₸ на 3 получателей, 69% ушло в первые 2 дня. Признаки транзита. Деньги возвращаются отправителю: 2 встречных счёта.",2,False,2,3,48000.0,58000.0,2,3,1.2083,0.0,0.00089084,6.44e-05,5.501e-05,0.0,8,0,2,1,0.6897,1.0,1.0,9.0,2,2,2,True,False,106000.0
100000005660203100,terminal,0.823,5,0.2871,"Принял 573 тыс ₸ от 1 плательщика и удержал 532 тыс ₸; обход на колене 2 не обрывался, значит отсутствие исходящих — поведение, а не артефакт. Деньги возвращаются отправителю: 1 встречный счёт.",2,False,1,2,572899.0,41000.0,12,5,0.0716,531899.0,0.00094925,1.942e-05,0.00014312,0.0,7,0,2,1,0.0,1.0,1.0,26.0,1,2,1,True,False,613899.0
100000003636627100,terminal,0.721,6,0.2855,"Принял 77 тыс ₸ от 1 плательщика и удержал 67 тыс ₸; обход на колене 3 не обрывался, значит отсутствие исходящих — поведение, а не артефакт. Деньги возвращаются отправителю: 1 встречный счёт.",3,False,1,1,77000.0,10000.0,8,1,0.1299,67000.0,0.00197631,0.0,1.242e-05,0.0,7,0,3,1,0.0,1.0,1.0,14.0,1,2,1,False,False,87000.0
100000001609499100,terminal,0.871,0,0.2854,"Принял 263 тыс ₸ от 3 плательщиков и удержал 242 тыс ₸; обход на колене 1 не обрывался, значит отсутствие исходящих — поведение, а не артефакт. Деньги возвращаются отправителю: 1 встречный счёт.",1,False,3,2,263113.0,21000.0,3,2,0.0798,242113.0,0.00032091,0.00018422,0.00054333,0.00666188,7,1,1,2,0.0,1.0,1.0,5.0,123,2,1,False,False,284113.0
100000004820260100,transit,0.42,16,0.2854,"Пропустил 92% полученного дальше: принял 234 тыс ₸ от 1 плательщика, отдал 215 тыс ₸ на 3 получателей, 2% ушло в первые 2 дня. Признаки транзита. Деньги возвращаются отправителю: 1 встречный счёт.",2,False,1,3,234200.0,215350.0,12,10,0.9195,18850.0,0.00140146,1.962e-05,0.00014649,2.4e-06,7,0,2,1,0.0232,1.0,2.0,15.0,2,2,1,True,False,449550.0
100000006069103100,transit,0.422,55,0.284,"Пропустил 118% полученного дальше: принял 229 тыс ₸ от 3 плательщиков, отдал 270 тыс ₸ на 3 получателей, 9% ушло в первые 2 дня. Признаки транзита. Деньги возвращаются отправителю: 1 встречный счёт.",1,False,3,3,228818.0,270000.0,3,4,1.18,0.0,0.00115163,5.806e-05,0.0,0.0003103,7,1,1,2,0.0926,1.0,2.0,3.0,1,2,1,True,False,498818.0
100000004603109100,terminal,0.919,24,0.2832,"Принял 2.7 млн ₸ от 3 плательщиков и удержал 2.3 млн ₸; обход на колене 3 не обрывался, значит отсутствие исходящих — поведение, а не артефакт. Деньги возвращаются отправителю: 1 встречный счёт.",3,False,3,2,2730000.0,400000.0,8,2,0.1465,2330000.0,0.00317837,6.9e-07,0.0,0.0,2,0,3,1,0.0,2.0,1.0,10.0,6,2,1,False,False,3130000.0
100000007322059100,transit,0.397,33,0.2816,"Пропустил 78% полученного дальше: принял 29 тыс ₸ от 2 плательщиков, отдал 22 тыс ₸ на 1 получателя, 69% ушло в первые 2 дня. Признаки транзита. Деньги возвращаются отправителю: 1 встречный счёт.",2,False,2,1,29000.0,22500.0,2,2,0.7759,6500.0,0.00068016,4.003e-05,0.0,0.0,8,0,2,1,0.6889,1.0,1.0,13.0,1,2,1,True,False,51500.0
100000008582730100,transit,0.453,17,0.2811,"Пропустил 100% полученного дальше: принял 5 тыс ₸ от 1 плательщика, отдал 5 тыс ₸ на 1 получателя, 100% ушло в первые 2 дня. Признаки транзита. Деньги возвращаются отправителю: 1 встречный счёт.",3,False,1,1,5000.0,5000.0,1,1,1.0,0.0,0.00089259,0.0,8.816e-05,0.0,7,0,3,1,1.0,1.0,1.0,0.0,1,2,1,False,False,10000.0
100000004892144100,terminal,0.88,24,0.2805,"Принял 4.5 млн ₸ от 2 плательщиков и удержал 4.3 млн ₸; обход на колене 3 не обрывался, значит отсутствие исходящих — поведение, а не артефакт. Деньги возвращаются отправителю: 1 встречный счёт.",3,False,2,1,4500000.0,180300.0,7,1,0.0401,4319700.0,0.0027832,0.0,0.0,0.0,2,0,3,1,0.0,2.0,1.0,10.0,4,2,1,False,False,4680300.0
100000002975437100,terminal,0.821,31,0.2795,"Принял 530 тыс ₸ от 1 плательщика и удержал 522 тыс ₸; обход на колене 3 не обрывался, значит отсутствие исходящих — поведение, а не артефакт. Деньги возвращаются отправителю: 1 встречный счёт.",3,False,1,1,530000.0,8500.0,2,1,0.016,521500.0,0.00052101,0.0,0.0,4.747e-05,7,0,3,1,0.0,1.0,1.0,-4.0,1,2,1,False,False,538500.0
100000004386331100,transit,0.328,11,0.2789,"Пропустил 88% полученного дальше: принял 20 тыс ₸ от 1 плательщика, отдал 18 тыс ₸ на 2 получателей. Признаки транзита. Деньги возвращаются отправителю: 1 встречный счёт.",3,False,1,2,20000.0,17500.0,1,2,0.875,2500.0,0.00051269,2.021e-05,0.0,0.0,9,0,3,1,0.0,1.0,1.0,-1.0,1,2,1,True,False,37500.0
100000004679953100,terminal,0.883,3,0.2785,"Принял 344 тыс ₸ от 3 плательщиков и удержал 309 тыс ₸; обход на колене 1 не обрывался, значит отсутствие исходящих — поведение, а не артефакт. Входит в замкнутую цепочку из 4 узлов.",1,False,3,3,343538.0,34100.0,3,3,0.0993,309438.0,0.00033427,0.00035422,0.00026639,0.00666188,7,1,1,5,0.0,2.0,1.0,9.0,6,4,0,True,False,377638.0
100000000011452100,terminal,0.825,0,0.2779,"Принял 110 тыс ₸ от 3 плательщиков и удержал 93 тыс ₸; обход на колене 1 не обрывался, значит отсутствие исходящих — поведение, а не артефакт. Деньги возвращаются отправителю: 1 встречный счёт.",1,False,3,1,110000.0,16685.0,7,2,0.1517,93315.0,0.00047686,3.37e-06,0.00069389,0.00378637,7,1,1,2,0.5205,1.0,1.0,22.0,1,2,1,False,False,126685.0
100000001660397100,transit,0.417,0,0.2769,"Пропустил 101% полученного дальше: принял 49 тыс ₸ от 2 плательщиков, отдал 49 тыс ₸ на 3 получателей, 51% ушло в первые 2 дня. Признаки транзита. Деньги возвращаются отправителю: 1 встречный счёт.",1,False,2,3,48600.0,49000.0,2,4,1.0082,0.0,0.00029515,0.0005033,0.00053508,0.00375609,7,1,1,3,0.5102,1.0,1.0,8.0,223,2,1,False,False,97600.0
100000005523088100,terminal,0.827,20,0.2766,"Принял 700 тыс ₸ от 1 плательщика и удержал 700 тыс ₸; обход на колене 0 не обрывался, значит отсутствие исходящих — поведение, а не артефакт.",0,True,1,0,700000.0,0.0,2,0,0.0,700000.0,0.00172064,0.0,0.0,1e-08,15,1,0,1,0.0,1.0,0.0,0.0,0,0,0,False,False,700000.0
100000005519998100,transit,0.413,34,0.2761,"Пропустил 103% полученного дальше: принял 182 тыс ₸ от 3 плательщиков, отдал 188 тыс ₸ на 3 получателей, 4% ушло в первые 2 дня. Признаки транзита. Деньги возвращаются отправителю: 2 встречных счёта.",2,False,3,3,182000.0,188000.0,5,8,1.033,0.0,0.00065246,5.984e-05,0.00094582,2.9e-07,7,0,2,1,0.0372,1.0,1.0,18.0,8,2,2,False,False,370000.0
100000004071070100,terminal,0.715,0,0.2739,"Принял 41 тыс ₸ от 2 плательщиков и удержал 35 тыс ₸; обход на колене 2 не обрывался, значит отсутствие исходящих — поведение, а не артефакт. Деньги возвращаются отправителю: 1 встречный счёт.",2,False,2,1,41000.0,6000.0,5,1,0.1463,35000.0,0.00118759,0.0,0.00394259,0.000648,7,0,2,1,0.0,1.0,1.0,11.0,1,2,1,False,False,47000.0
100000005175148100,terminal,0.761,16,0.2731,"Принял 79 тыс ₸ от 2 плательщиков и удержал 64 тыс ₸; обход на колене 2 не обрывался, значит отсутствие исходящих — поведение, а не артефакт. Деньги возвращаются отправителю: 1 встречный счёт.",2,False,2,1,79000.0,15000.0,4,1,0.1899,64000.0,0.00071815,0.0,0.00014314,5.13e-06,7,0,2,1,1.0,1.0,1.0,1.0,2,2,1,False,False,94000.0
100000008086440100,transit,0.413,0,0.2729,"Пропустил 81% полученного дальше: принял 200 тыс ₸ от 1 плательщика, отдал 161 тыс ₸ на 5 получателей, 24% ушло в первые 2 дня. Признаки транзита. Деньги возвращаются отправителю: 1 встречный счёт.",3,False,1,5,199733.0,161300.0,1,6,0.8076,38433.0,0.00033767,0.0001052,0.0015616,0.00113791,7,0,3,3,0.2356,1.0,2.0,10.0,82,2,1,True,False,361033.0
100000007511163100,transit,0.398,5,0.27,"Пропустил 129% полученного дальше: принял 64 тыс ₸ от 2 плательщиков, отдал 82 тыс ₸ на 3 получателей, 60% ушло в первые 2 дня. Признаки транзита. Деньги возвращаются отправителю: 1 встречный счёт.",1,False,2,3,63666.0,82052.0,2,3,1.2888,0.0,0.0003396,0.00013646,0.0001274,0.00030537,7,1,1,3,0.5972,1.0,2.0,0.0,1,2,1,False,False,145718.0
100000005171642100,transit,0.619,25,0.2694,"Пропустил 98% полученного дальше: принял 697 тыс ₸ от 2 плательщиков, отдал 684 тыс ₸ на 1 получателя, 1% ушло в первые 2 дня. Признаки транзита. Деньги возвращаются отправителю: 1 встречный счёт.",3,False,2,1,696800.0,683600.0,5,4,0.9811,13200.0,0.00276718,4e-07,1.263e-05,0.0,1,0,3,1,0.0088,1.0,1.0,23.0,2,2,1,False,False,1380400.0
100000001616816100,peripheral,0.6,6,0.2676,"Вход: 5 плательщиков (176 тыс ₸), выход: 3 получателей (181 тыс ₸) — ни один порог роли не пройден. Деньги возвращаются отправителю: 2 встречных счёта.",0,True,5,3,176195.0,181326.0,12,10,1.0291,0.0,0.00243466,0.0001047,2.187e-05,4.7e-07,10,0,0,3,0.193,1.0,1.0,21.0,2,2,2,True,False,357521.0
100000007131370100,transit,0.35,16,0.2666,"Пропустил 100% полученного дальше: принял 30 тыс ₸ от 1 плательщика, отдал 30 тыс ₸ на 1 получателя. Признаки транзита. Деньги возвращаются отправителю: 1 встречный счёт.",3,False,1,1,30000.0,30000.0,1,1,1.0,0.0,0.00089999,0.0,1.543e-05,0.0,7,0,3,1,0.0,1.0,1.0,-5.0,1,2,1,False,False,60000.0
100000002293421100,transit,0.335,0,0.2663,"Пропустил 115% полученного дальше: принял 41 тыс ₸ от 2 плательщиков, отдал 47 тыс ₸ на 2 получателей. Признаки транзита. Деньги возвращаются отправителю: 1 встречный счёт.",2,False,2,2,41000.0,47000.0,6,5,1.1463,0.0,0.00097483,1.962e-05,0.00093813,1.763e-05,7,0,2,1,0.0,1.0,1.0,22.0,2,2,1,True,False,88000.0
100000001382002100,transit,0.357,0,0.265,"Пропустил 103% полученного дальше: принял 55 тыс ₸ от 1 плательщика, отдал 56 тыс ₸ на 1 получателя. Признаки транзита. Деньги возвращаются отправителю: 1 встречный счёт.",2,False,1,1,55000.0,56500.0,2,3,1.0273,0.0,0.00066331,0.0,0.00092313,0.0,7,0,2,1,0.0,1.0,1.0,11.0,1,2,1,False,False,111500.0
100000004336312100,transit,0.342,34,0.2649,"Пропустил 80% полученного дальше: принял 90 тыс ₸ от 3 плательщиков, отдал 73 тыс ₸ на 2 получателей. Признаки транзита. Деньги возвращаются отправителю: 1 встречный счёт.",2,False,3,2,90415.0,72650.0,7,3,0.8035,17765.0,0.00069601,3.378e-05,7.69e-06,1.5e-07,7,0,2,1,0.0,3.0,1.0,30.0,8,2,1,False,False,163065.0
100000001937767100,peripheral,0.6,14,0.2646,"Вход: 1 плательщика (53 тыс ₸), выход: 4 получателей (1.9 млн ₸) — ни один порог роли не пройден. Деньги возвращаются отправителю: 1 встречный счёт. Точка сочленения: изъятие разрывает связность сети.",1,False,1,4,53000.0,1933000.0,1,6,36.4717,0.0,0.00089214,5.67e-05,2.3e-07,4.1e-07,11,1,1,2,0.0274,1.0,1.0,16.0,1,2,1,True,False,1986000.0
100000005873152100,transit,0.342,9,0.2612,"Пропустил 100% полученного дальше: принял 10 тыс ₸ от 1 плательщика, отдал 10 тыс ₸ на 1 получателя. Признаки транзита. Входит в замкнутую цепочку из 3 узлов.",3,False,1,1,10000.0,10000.0,1,1,1.0,0.0,0.00046746,4e-07,1.4e-07,0.0,11,0,3,1,0.0,1.0,1.0,-2.0,2,3,0,False,False,20000.0
100000008680912100,terminal,0.681,0,0.2603,"Принял 45 тыс ₸ от 1 плательщика и удержал 39 тыс ₸; обход на колене 3 не обрывался, значит отсутствие исходящих — поведение, а не артефакт. Деньги возвращаются отправителю: 1 встречный счёт.",3,False,1,1,45112.0,5990.85,2,1,0.1328,39121.15,0.00053518,0.0,0.00010198,2.35e-06,7,0,3,1,0.0,1.0,1.0,5.0,1,2,1,False,False,51102.85
100000006111439100,transit,0.324,4,0.2584,"Пропустил 117% полученного дальше: принял 21 тыс ₸ от 3 плательщиков, отдал 24 тыс ₸ на 4 получателей. Признаки транзита. Деньги возвращаются отправителю: 1 встречный счёт.",3,False,3,4,20570.0,24000.0,3,4,1.1667,0.0,0.0003655,1.756e-05,0.00039378,0.00364175,7,0,3,3,0.0,1.0,1.0,21.0,1,2,1,False,False,44570.0
100000004019124100,terminal,0.855,5,0.2567,"Принял 193 тыс ₸ от 3 плательщиков и удержал 193 тыс ₸; обход на колене 0 не обрывался, значит отсутствие исходящих — поведение, а не артефакт. Точка сочленения: изъятие разрывает связность сети.",0,True,3,0,193000.0,0.0,3,0,0.0,193000.0,0.00120287,0.0,0.0,3e-08,11,2,0,1,0.0,1.0,0.0,0.0,0,0,0,True,False,193000.0
100000008474308100,transit,0.303,11,0.2545,"Пропустил 71% полученного дальше: принял 14 тыс ₸ от 1 плательщика, отдал 10 тыс ₸ на 1 получателя. Признаки транзита. Деньги возвращаются отправителю: 1 встречный счёт.",2,False,1,1,14000.0,10000.0,2,1,0.7143,4000.0,0.00044502,0.0,0.00092313,4.48e-06,7,0,2,1,0.0,1.0,1.0,-5.0,1,2,1,False,False,24000.0
100000001732159100,peripheral,0.6,10,0.254,"Вход: 2 плательщиков (2.4 млн ₸), выход: 4 получателей (1.5 млн ₸) — ни один порог роли не пройден. Деньги возвращаются отправителю: 2 встречных счёта.",0,True,2,4,2378100.0,1505966.0,30,23,0.6333,872134.0,0.00109506,2.027e-05,5.34e-05,7.7e-07,9,2,0,1,0.0199,2.0,2.0,20.0,4,2,2,False,False,3884066.0
100000008460102100,distributor,0.866,19,0.254,Раздаёт 477 тыс ₸ на 31 получателя при 1 плательщика; средний перевод 14 тыс ₸. Признаки веерного распределения. Точка сочленения: изъятие разрывает связность сети.,3,False,1,31,17500.0,476570.0,1,34,27.2326,0.0,0.00029969,0.00097772,0.00019786,4.1e-07,1,0,3,5,0.1874,1.0,8.0,6.0,0,0,0,True,False,494070.0
100000003390036100,peripheral,0.6,9,0.251,"Вход: 2 плательщиков (231 тыс ₸), выход: 2 получателей (62 тыс ₸) — ни один порог роли не пройден. Входит в замкнутую цепочку из 3 узлов. Точка сочленения: изъятие разрывает связность сети.",2,False,2,2,231300.0,62000.0,4,2,0.2681,169300.0,0.00132422,7.827e-05,0.0,4.038e-05,11,0,2,1,0.1613,1.0,1.0,4.0,2,3,0,True,False,293300.0
100000006977207100,distributor,0.811,3,0.249,Раздаёт 4.2 млн ₸ на 15 получателей при 1 плательщика; средний перевод 277 тыс ₸. Признаки веерного распределения. Отдаёт в 10× больше видимых входящих: источник вне выгрузки.,2,False,1,15,414000.0,4157018.0,1,15,10.0411,0.0,0.00034789,3.277e-05,0.00425846,6.212e-05,1,0,2,4,0.0,1.0,4.0,-8.0,0,0,0,True,False,4571018.0
100000008637537100,peripheral,0.6,10,0.2468,"Вход: 3 плательщиков (620 тыс ₸), выход: 3 получателей (2.4 млн ₸) — ни один порог роли не пройден. Деньги возвращаются отправителю: 2 встречных счёта.",0,True,3,3,619890.0,2351495.0,22,30,3.7934,0.0,0.00082873,7.754e-05,7.6e-07,9.451e-05,9,2,0,2,0.3585,2.0,2.0,16.0,4,2,2,True,False,2971385.0
100000007747786100,distributor,0.878,6,0.2462,Раздаёт 4.2 млн ₸ на 31 получателя при 0 плательщиков; средний перевод 121 тыс ₸. Признаки веерного распределения. Входящих в выгрузке нет вовсе — источник средств вне периметра.,0,True,0,31,0.0,4238009.4,0,35,,0.0,0.00028557,0.0,0.00023296,0.0,0,0,0,7,0.0,0.0,4.0,0.0,0,0,0,True,False,4238009.4
100000002741024100,peripheral,0.6,0,0.2452,"Вход: 5 плательщиков (818 тыс ₸), выход: 6 получателей (435 тыс ₸) — ни один порог роли не пройден. Деньги возвращаются отправителю: 3 встречных счёта.",2,False,5,6,817980.85,434989.0,9,7,0.5318,382991.85,0.00285519,0.00011869,0.00012615,0.00023959,7,0,2,2,0.0,1.0,2.0,17.0,3,2,3,True,False,1252969.85
100000000594783100,terminal,0.839,24,0.2446,"Принял 2.6 млн ₸ от 1 плательщика и удержал 2.5 млн ₸; обход на колене 3 не обрывался, значит отсутствие исходящих — поведение, а не артефакт. Деньги возвращаются отправителю: 1 встречный счёт.",3,False,1,2,2635000.0,152500.0,10,2,0.0579,2482500.0,0.00138159,0.0,0.0,0.0,2,0,3,1,0.3934,1.0,1.0,6.0,3,2,1,False,False,2787500.0
100000007129492100,transit,0.435,9,0.2431,"Пропустил 73% полученного дальше: принял 51 тыс ₸ от 2 плательщиков, отдал 37 тыс ₸ на 1 получателя, 100% ушло в первые 2 дня. Признаки транзита. Точка сочленения: изъятие разрывает связность сети.",1,False,2,1,50990.0,37000.0,2,1,0.7256,13990.0,0.00029452,2.516e-05,0.0,0.00058397,11,2,1,2,1.0,1.0,1.0,0.0,0,0,0,True,False,87990.0
100000008516839100,terminal,0.843,20,0.2407,"Принял 155 тыс ₸ от 3 плательщиков и удержал 155 тыс ₸; обход на колене 0 не обрывался, значит отсутствие исходящих — поведение, а не артефакт. Точка сочленения: изъятие разрывает связность сети.",0,True,3,0,155000.0,0.0,4,0,0.0,155000.0,0.00106958,0.0,0.0,0.0,10,1,0,1,0.0,2.0,0.0,0.0,0,0,0,True,False,155000.0
100000005493505100,terminal,0.787,2,0.2402,"Принял 62 тыс ₸ от 3 плательщиков и удержал 62 тыс ₸; обход на колене 0 не обрывался, значит отсутствие исходящих — поведение, а не артефакт. Точка сочленения: изъятие разрывает связность сети.",0,True,3,0,62020.0,0.0,3,0,0.0,62020.0,0.00061742,0.0,0.0,4e-08,11,1,0,2,0.0,1.0,0.0,0.0,0,0,0,True,False,62020.0
100000001162560100,distributor,0.798,7,0.2384,Раздаёт 2.9 млн ₸ на 12 получателей при 1 плательщика; средний перевод 207 тыс ₸. Признаки веерного распределения. Отдаёт в 9× больше видимых входящих: источник вне выгрузки.,1,False,1,12,331300.0,2904398.0,2,14,8.7667,0.0,0.00032115,2.97e-06,2.69e-05,2.275e-05,1,1,1,3,0.0,1.0,3.0,8.0,0,0,0,True,False,3235698.0
100000008748408100,distributor,0.832,6,0.2382,Раздаёт 1.5 млн ₸ на 21 получателя при 1 плательщика; средний перевод 68 тыс ₸. Признаки веерного распределения. Отдаёт в 4× больше видимых входящих: источник вне выгрузки.,1,False,1,21,360000.0,1499960.0,2,22,4.1666,0.0,0.00033405,7.13e-06,0.00154118,4.09e-05,1,1,1,3,0.5108,1.0,6.0,5.0,0,0,0,True,False,1859960.0
100000008258083100,peripheral,0.6,30,0.2375,"Вход: 2 плательщиков (3.1 млн ₸), выход: 2 получателей (2.0 млн ₸) — ни один порог роли не пройден. Деньги возвращаются отправителю: 1 встречный счёт.",2,False,2,2,3149500.0,2045650.0,13,6,0.6495,1103850.0,0.00105004,7.767e-05,1.946e-05,4.539e-05,7,0,2,1,0.3111,1.0,1.0,29.0,2,2,1,False,False,5195150.0
100000007898453100,peripheral,0.6,2,0.2367,"Вход: 1 плательщика (25 тыс ₸), выход: 2 получателей (320 тыс ₸) — ни один порог роли не пройден. Деньги возвращаются отправителю: 1 встречный счёт. Точка сочленения: изъятие разрывает связность сети.",2,False,1,2,24750.0,320000.0,1,2,12.9293,0.0,0.00033302,2.398e-05,0.00019945,0.0,10,0,2,1,0.9375,1.0,1.0,8.0,1,2,1,True,False,344750.0
100000008545727100,peripheral,0.6,8,0.2363,"Вход: 1 плательщика (30 тыс ₸), выход: 6 получателей (1.9 млн ₸) — ни один порог роли не пройден. Деньги возвращаются отправителю: 1 встречный счёт. Точка сочленения: изъятие разрывает связность сети.",2,False,1,6,30000.0,1866500.0,1,7,62.2167,0.0,0.0003387,0.0001342,3.05e-06,0.0,9,0,2,1,0.6376,1.0,2.0,13.0,1,2,1,True,False,1896500.0
100000008561016100,transit,0.546,7,0.2361,"Пропустил 103% полученного дальше: принял 180 тыс ₸ от 1 плательщика, отдал 185 тыс ₸ на 1 получателя, 100% ушло в первые 2 дня. Признаки транзита. Точка сочленения: изъятие разрывает связность сети.",3,False,1,1,180000.0,185000.0,2,4,1.0278,0.0,0.00029484,2.239e-05,0.0,3.22e-06,9,0,3,1,1.0,1.0,1.0,1.0,0,0,0,True,False,365000.0
100000003404627100,terminal,0.951,10,0.236,"Принял 878 тыс ₸ от 4 плательщиков и удержал 878 тыс ₸; обход на колене 1 не обрывался, значит отсутствие исходящих — поведение, а не артефакт.",1,False,4,0,877700.0,0.0,5,0,0.0,877700.0,0.00137858,0.0,0.0,2.896e-05,11,1,1,1,0.0,3.0,0.0,0.0,0,0,0,False,False,877700.0
100000005514161100,terminal,0.93,6,0.2359,"Принял 402 тыс ₸ от 4 плательщиков и удержал 352 тыс ₸; обход на колене 1 не обрывался, значит отсутствие исходящих — поведение, а не артефакт. Точка сочленения: изъятие разрывает связность сети.",1,False,4,1,401500.0,50000.0,7,1,0.1245,351500.0,0.00080614,4.042e-05,0.0,4.46e-06,9,1,1,3,0.0,2.0,1.0,-15.0,0,0,0,True,False,451500.0
100000005140601100,peripheral,0.6,3,0.2347,"Вход: 3 плательщиков (53 тыс ₸), выход: 2 получателей (195 тыс ₸) — ни один порог роли не пройден. Деньги возвращаются отправителю: 2 встречных счёта.",2,False,3,2,52685.0,195300.0,4,5,3.7069,0.0,0.00270573,1.962e-05,0.00162446,0.00163027,7,0,2,2,0.512,2.0,2.0,18.0,2,2,2,True,False,247985.0
100000002781227100,transit,0.402,61,0.2346,"Пропустил 111% полученного дальше: принял 191 тыс ₸ от 2 плательщиков, отдал 212 тыс ₸ на 3 получателей. Признаки транзита. Деньги возвращаются отправителю: 1 встречный счёт.",1,False,2,3,191167.62,212420.0,8,10,1.1112,0.0,0.00232659,0.00013296,2.66e-06,0.0,1,1,1,3,0.0,1.0,3.0,23.0,1,2,1,True,False,403587.62
100000002605308100,terminal,0.919,14,0.2345,"Принял 2.6 млн ₸ от 3 плательщиков и удержал 2.6 млн ₸; обход на колене 2 не обрывался, значит отсутствие исходящих — поведение, а не артефакт.",2,False,3,0,2569521.84,0.0,7,0,0.0,2569521.84,0.00088498,0.0,0.0,6e-08,11,0,2,1,0.0,1.0,0.0,0.0,0,0,0,False,False,2569521.84
100000001232297100,peripheral,0.6,13,0.2344,"Вход: 1 плательщика (5 тыс ₸), выход: 2 получателей (45 тыс ₸) — ни один порог роли не пройден. Деньги возвращаются отправителю: 1 встречный счёт.",2,False,1,2,5000.0,45000.0,1,2,9.0,0.0,0.00029215,0.0,0.0003142,5e-08,10,0,2,1,0.0,1.0,1.0,3.0,2,2,1,False,False,50000.0
100000008723830100,transit,0.699,5,0.2341,"Пропустил 99% полученного дальше: принял 460 тыс ₸ от 2 плательщиков, отдал 455 тыс ₸ на 1 получателя, 100% ушло в первые 2 дня. Признаки транзита. Точка сочленения: изъятие разрывает связность сети.",1,False,2,1,459785.0,455000.0,2,1,0.9896,4785.0,0.00034023,1.962e-05,0.0,0.00031972,7,1,1,1,1.0,1.0,1.0,1.0,0,0,0,True,False,914785.0
100000005668605100,terminal,0.812,20,0.2339,"Принял 94 тыс ₸ от 3 плательщиков и удержал 94 тыс ₸; обход на колене 0 не обрывался, значит отсутствие исходящих — поведение, а не артефакт. Точка сочленения: изъятие разрывает связность сети.",0,True,3,0,94500.0,0.0,3,0,0.0,94500.0,0.0008383,0.0,0.0,2.93e-06,10,1,0,1,0.0,1.0,0.0,0.0,0,0,0,True,False,94500.0
100000002963189100,peripheral,0.6,14,0.2333,"Вход: 1 плательщика (490 тыс ₸), выход: 7 получателей (5.2 млн ₸) — ни один порог роли не пройден. Деньги возвращаются отправителю: 1 встречный счёт.",3,False,1,7,490000.0,5219000.0,3,15,10.651,0.0,0.00042407,8.541e-05,3.18e-06,2.441e-05,7,0,3,2,0.0,1.0,3.0,7.0,1,2,1,True,False,5709000.0
100000001166289100,terminal,0.867,1,0.2329,"Принял 721 тыс ₸ от 2 плательщиков и удержал 696 тыс ₸; обход на колене 2 не обрывался, значит отсутствие исходящих — поведение, а не артефакт. Деньги возвращаются отправителю: 1 встречный счёт.",2,False,2,1,721039.0,25000.0,10,1,0.0347,696039.0,0.00200213,0.0,0.0,0.0,1,0,2,1,0.0,1.0,1.0,23.0,1,2,1,False,False,746039.0
100000003701161100,peripheral,0.6,22,0.2323,"Вход: 4 плательщиков (1.5 млн ₸), выход: 3 получателей (349 тыс ₸) — ни один порог роли не пройден. Деньги возвращаются отправителю: 2 встречных счёта.",1,False,4,3,1527103.0,349000.0,13,7,0.2285,1178103.0,0.00164882,0.00021301,2.78e-06,0.00039352,7,1,1,2,0.1003,2.0,2.0,17.0,4,2,2,True,False,1876103.0
100000005168487100,peripheral,0.6,9,0.2321,"Вход: 1 плательщика (15 тыс ₸), выход: 1 получателя (104 тыс ₸) — ни один порог роли не пройден. Деньги возвращаются отправителю: 1 встречный счёт.",2,False,1,1,15000.0,103510.0,1,14,6.9007,0.0,0.00181255,0.0,5.268e-05,0.0,8,0,2,1,0.174,1.0,1.0,10.0,1,2,1,False,False,118510.0
100000004997515100,terminal,0.929,7,0.231,"Принял 395 тыс ₸ от 4 плательщиков и удержал 340 тыс ₸; обход на колене 3 не обрывался, значит отсутствие исходящих — поведение, а не артефакт. Точка сочленения: изъятие разрывает связность сети.",3,False,4,4,395000.0,54500.0,4,4,0.138,340500.0,0.00035662,8.956e-05,0.0,2.33e-06,9,0,3,3,0.0,1.0,1.0,17.0,0,0,0,True,False,449500.0
100000004386258100,peripheral,0.6,11,0.2295,"Вход: 3 плательщиков (62 тыс ₸), выход: 3 получателей (40 тыс ₸) — ни один порог роли не пройден. Деньги возвращаются отправителю: 2 встречных счёта.",2,False,3,3,61700.0,40000.0,3,3,0.6483,21700.0,0.00053367,0.00012047,0.0,0.0,9,0,2,1,0.0,2.0,2.0,25.0,2,2,2,True,False,101700.0
100000008314203100,peripheral,0.6,10,0.2295,"Вход: 2 плательщиков (382 тыс ₸), выход: 2 получателей (327 тыс ₸) — ни один порог роли не пройден. Деньги возвращаются отправителю: 2 встречных счёта.",0,True,2,2,382076.0,327000.0,10,13,0.8559,55076.0,0.00050299,0.0,4.055e-05,1.01e-06,9,2,0,1,0.2141,1.0,1.0,11.0,4,2,2,False,False,709076.0
100000001899164100,peripheral,0.6,11,0.2285,"Вход: 4 плательщиков (292 тыс ₸), выход: 3 получателей (76 тыс ₸) — ни один порог роли не пройден. Деньги возвращаются отправителю: 2 встречных счёта.",1,False,4,3,291675.0,76500.0,5,3,0.2623,215175.0,0.00117656,0.00012662,0.0,0.0001272,8,1,1,2,0.0,2.0,2.0,22.0,2,2,2,True,False,368175.0
100000008461532100,peripheral,0.6,27,0.2282,"Вход: 2 плательщиков (565 тыс ₸), выход: 8 получателей (2.5 млн ₸) — ни один порог роли не пройден. Деньги возвращаются отправителю: 1 встречный счёт.",2,False,2,8,565300.0,2530090.0,2,9,4.4757,0.0,0.00074525,0.00027126,0.0,5e-06,7,0,2,2,0.5527,1.0,6.0,14.0,1,2,1,True,False,3095390.0
100000008680731100,distributor,0.857,11,0.2272,Раздаёт 1.5 млн ₸ на 27 получателей при 0 плательщиков; средний перевод 52 тыс ₸. Признаки веерного распределения. Входящих в выгрузке нет вовсе — источник средств вне периметра.,0,True,0,27,0.0,1464354.0,0,28,,0.0,0.00028557,0.0,0.00054197,0.0,0,0,0,5,0.0,0.0,9.0,0.0,0,0,0,True,False,1464354.0
100000002267998100,peripheral,0.6,22,0.2267,"Вход: 2 плательщиков (420 тыс ₸), выход: 3 получателей (1.1 млн ₸) — ни один порог роли не пройден. Деньги возвращаются отправителю: 2 встречных счёта.",2,False,2,3,420000.0,1115000.0,4,12,2.6548,0.0,0.00158483,5.885e-05,0.00017021,3.25e-06,7,0,2,1,0.6726,1.0,2.0,19.0,4,2,2,True,False,1535000.0
100000008213966100,peripheral,0.6,28,0.2263,"Вход: 3 плательщиков (187 тыс ₸), выход: 1 получателя (437 тыс ₸) — ни один порог роли не пройден. Деньги возвращаются отправителю: 1 встречный счёт.",2,False,3,1,187004.0,436900.0,7,8,2.3363,0.0,0.00193355,4.32e-05,0.0,0.0,7,0,2,2,0.3257,1.0,1.0,27.0,1,2,1,True,False,623904.0
100000008724461100,transit,0.467,7,0.2263,"Пропустил 130% полученного дальше: принял 100 тыс ₸ от 1 плательщика, отдал 130 тыс ₸ на 1 получателя, 100% ушло в первые 2 дня. Признаки транзита. Точка сочленения: изъятие разрывает связность сети.",3,False,1,1,100111.0,130000.0,1,1,1.2986,0.0,0.00029073,2.239e-05,0.0,3.22e-06,9,0,3,1,1.0,1.0,1.0,0.0,0,0,0,True,False,230111.0
100000007442518100,peripheral,0.6,30,0.2262,"Вход: 5 плательщиков (510 тыс ₸), выход: 9 получателей (4.4 млн ₸) — ни один порог роли не пройден. Отдаёт в 9× больше видимых входящих: источник вне выгрузки. Входит в замкнутую цепочку из 3 узлов.",1,False,5,9,510000.0,4419999.0,8,12,8.6667,0.0,0.00064877,0.00025224,2.08e-05,0.00549326,7,1,1,5,0.0,1.0,2.0,20.0,1,3,0,True,False,4929999.0
100000008751429100,terminal,0.887,43,0.2262,"Принял 386 тыс ₸ от 3 плательщиков и удержал 314 тыс ₸; обход на колене 1 не обрывался, значит отсутствие исходящих — поведение, а не артефакт. Деньги возвращаются отправителю: 1 встречный счёт.",1,False,3,1,386200.0,72600.0,6,2,0.188,313600.0,0.00150431,0.0,0.0,0.0,1,1,1,1,0.0,2.0,1.0,5.0,6,2,1,False,False,458800.0
100000005124479100,terminal,0.795,0,0.2259,"Принял 138 тыс ₸ от 2 плательщиков и удержал 116 тыс ₸; обход на колене 1 не обрывался, значит отсутствие исходящих — поведение, а не артефакт. Точка сочленения: изъятие разрывает связность сети.",1,False,2,2,137753.0,22000.0,2,2,0.1597,115753.0,0.00030323,4.756e-05,0.0,0.00159311,10,1,1,2,0.0,1.0,1.0,4.0,0,0,0,True,False,159753.0
100000000838385100,peripheral,0.6,28,0.2254,"Вход: 1 плательщика (437 тыс ₸), выход: 2 получателей (178 тыс ₸) — ни один порог роли не пройден. Деньги возвращаются отправителю: 1 встречный счёт.",3,False,1,2,436900.0,177500.0,8,6,0.4063,259400.0,0.00192115,2.18e-05,0.0,0.0,7,0,3,1,0.2197,1.0,1.0,27.0,1,2,1,True,False,614400.0
100000003917461100,peripheral,0.6,11,0.2254,"Вход: 1 плательщика (10 тыс ₸), выход: 2 получателей (140 тыс ₸) — ни один порог роли не пройден. Деньги возвращаются отправителю: 1 встречный счёт. Точка сочленения: изъятие разрывает связность сети.",3,False,1,2,10000.0,140000.0,1,5,14.0,0.0,0.00039913,2.021e-05,0.0,0.0,9,0,3,1,0.0714,1.0,1.0,0.0,1,2,1,True,False,150000.0
100000004692798100,terminal,0.827,11,0.225,"Принял 240 тыс ₸ от 2 плательщиков и удержал 225 тыс ₸; обход на колене 1 не обрывался, значит отсутствие исходящих — поведение, а не артефакт. Деньги возвращаются отправителю: 1 встречный счёт.",1,False,2,1,240305.0,15000.0,4,2,0.0624,225305.0,0.00191065,2e-07,0.0,1.018e-05,1,1,1,1,0.0,1.0,1.0,9.0,1,2,1,True,False,255305.0
100000002692750100,peripheral,0.6,6,0.2249,"Вход: 3 плательщиков (113 тыс ₸), выход: 1 получателя (77 тыс ₸) — ни один порог роли не пройден. Деньги возвращаются отправителю: 1 встречный счёт. Точка сочленения: изъятие разрывает связность сети.",2,False,3,1,112830.0,77000.0,3,8,0.6824,35830.0,0.00201424,1.981e-05,0.0,2.919e-05,7,0,2,1,0.0,1.0,1.0,21.0,1,2,1,True,False,189830.0
100000004717647100,peripheral,0.6,47,0.2249,"Вход: 1 плательщика (300 тыс ₸), выход: 5 получателей (2.2 млн ₸) — ни один порог роли не пройден. Деньги возвращаются отправителю: 1 встречный счёт.",3,False,1,5,300000.0,2240000.0,2,10,7.4667,0.0,0.00102336,7.767e-05,4.111e-05,0.0,7,0,3,1,0.021,1.0,2.0,1.0,1,2,1,True,False,2540000.0
100000005339662100,peripheral,0.6,16,0.2249,"Вход: 4 плательщиков (203 тыс ₸), выход: 4 получателей (295 тыс ₸) — ни один порог роли не пройден. Деньги возвращаются отправителю: 2 встречных счёта.",1,False,4,4,202939.0,295160.0,9,15,1.4544,0.0,0.00165674,0.00013962,0.00012866,0.00033632,7,1,1,3,0.2336,2.0,2.0,15.0,3,2,2,True,False,498099.0
100000007390016100,peripheral,0.6,69,0.2249,"Вход: 1 плательщика (511 тыс ₸), выход: 1 получателя (346 тыс ₸) — ни один порог роли не пройден. Деньги возвращаются отправителю: 1 встречный счёт.",3,False,1,1,511000.0,346500.0,13,14,0.6781,164500.0,0.001843,0.0,0.00132241,0.0,7,0,3,1,0.3608,1.0,1.0,8.0,1,2,1,False,False,857500.0
100000002696152100,peripheral,0.6,32,0.2246,"Вход: 1 плательщика (22 тыс ₸), выход: 2 получателей (69 тыс ₸) — ни один порог роли не пройден. Деньги возвращаются отправителю: 1 встречный счёт. Точка сочленения: изъятие разрывает связность сети.",3,False,1,2,21800.0,69000.0,3,8,3.1651,0.0,0.00120506,2.14e-05,0.0,0.0,8,0,3,1,0.1449,1.0,1.0,30.0,1,2,1,True,False,90800.0
100000004159526100,peripheral,0.6,14,0.2241,"Вход: 4 плательщиков (275 тыс ₸), выход: 4 получателей (68 тыс ₸) — ни один порог роли не пройден. Деньги возвращаются отправителю: 1 встречный счёт.",1,False,4,4,275037.0,68000.0,4,6,0.2472,207037.0,0.0008532,9.788e-05,0.0,5.24e-05,8,1,1,3,0.4412,2.0,1.0,19.0,1,2,1,True,False,343037.0
100000004677680100,peripheral,0.6,9,0.2241,"Вход: 2 плательщиков (63 тыс ₸), выход: 1 получателя (168 тыс ₸) — ни один порог роли не пройден. Деньги возвращаются отправителю: 1 встречный счёт. Точка сочленения: изъятие разрывает связность сети.",1,False,2,1,63000.0,168000.0,2,3,2.6667,0.0,0.00109283,4.121e-05,0.0,0.00012379,8,1,1,1,0.0,1.0,1.0,10.0,1,2,1,True,False,231000.0
100000002156381100,peripheral,0.6,32,0.2232,"Вход: 2 плательщиков (61 тыс ₸), выход: 1 получателя (22 тыс ₸) — ни один порог роли не пройден. Деньги возвращаются отправителю: 1 встречный счёт. Точка сочленения: изъятие разрывает связность сети.",2,False,2,1,61000.0,21800.0,7,3,0.3574,39200.0,0.00108078,4.24e-05,0.0,0.0,8,0,2,1,0.2294,2.0,1.0,1.0,1,2,1,True,False,82800.0
100000005498992100,distributor,0.813,7,0.223,Раздаёт 2.3 млн ₸ на 16 получателей при 0 плательщиков; средний перевод 119 тыс ₸. Признаки веерного распределения. Входящих в выгрузке нет вовсе — источник средств вне периметра.,0,True,0,16,0.0,2262868.0,0,19,,0.0,0.00028557,0.0,0.00122064,0.0,0,0,0,4,0.0,0.0,5.0,0.0,0,0,0,True,False,2262868.0
100000006579678100,peripheral,0.6,5,0.2226,"Вход: 2 плательщиков (193 тыс ₸), выход: 6 получателей (1.7 млн ₸) — ни один порог роли не пройден. Деньги возвращаются отправителю: 2 встречных счёта.",1,False,2,6,192930.0,1668800.0,2,15,8.6498,0.0,0.00062564,0.00044894,1.009e-05,0.0002976,7,1,1,1,0.1208,1.0,2.0,15.0,2,2,2,True,False,1861730.0
100000003265158100,transit,0.391,11,0.2221,"Пропустил 106% полученного дальше: принял 146 тыс ₸ от 3 плательщиков, отдал 154 тыс ₸ на 2 получателей. Признаки транзита. Точка сочленения: изъятие разрывает связность сети.",1,False,3,2,146100.4,154200.0,3,4,1.0554,0.0,0.00038467,0.00017655,0.0,1.947e-05,9,2,1,2,0.0,1.0,1.0,22.0,0,0,0,True,False,300300.4
100000004707703100,transit,0.545,5,0.2221,"Пропустил 97% полученного дальше: принял 239 тыс ₸ от 2 плательщиков, отдал 232 тыс ₸ на 5 получателей, 80% ушло в первые 2 дня. Признаки транзита. Точка сочленения: изъятие разрывает связность сети.",1,False,2,5,239300.0,231650.0,3,6,0.968,7650.0,0.00063556,0.0001071,0.0,0.0002976,7,1,1,2,0.8029,1.0,2.0,17.0,0,0,0,True,False,470950.0
100000002738256100,transit,0.513,50,0.2219,"Пропустил 117% полученного дальше: принял 150 тыс ₸ от 1 плательщика, отдал 175 тыс ₸ на 1 получателя, 100% ушло в первые 2 дня. Признаки транзита. Деньги возвращаются отправителю: 1 встречный счёт.",2,False,1,1,150200.0,175000.0,1,1,1.1651,0.0,0.00050731,0.0,0.0,0.0,1,0,2,1,1.0,1.0,1.0,1.0,1,2,1,False,False,325200.0
100000005142492100,peripheral,0.6,6,0.2219,"Вход: 1 плательщика (10 тыс ₸), выход: 1 получателя (57 тыс ₸) — ни один порог роли не пройден. Деньги возвращаются отправителю: 1 встречный счёт.",3,False,1,1,10000.0,57000.0,1,1,5.7,0.0,0.00190779,0.0,1.351e-05,0.0,7,0,3,1,1.0,1.0,1.0,0.0,1,2,1,False,False,67000.0
100000005820746100,terminal,0.838,24,0.2219,"Принял 2.0 млн ₸ от 1 плательщика и удержал 1.9 млн ₸; обход на колене 3 не обрывался, значит отсутствие исходящих — поведение, а не артефакт. Деньги возвращаются отправителю: 1 встречный счёт.",3,False,1,1,1989000.0,60000.0,2,1,0.0302,1929000.0,0.00098946,0.0,0.0,0.0,1,0,3,1,0.0,1.0,1.0,4.0,1,2,1,False,False,2049000.0
100000008438656100,terminal,0.762,2,0.2214,"Принял 80 тыс ₸ от 2 плательщиков и удержал 75 тыс ₸; обход на колене 1 не обрывался, значит отсутствие исходящих — поведение, а не артефакт. Точка сочленения: изъятие разрывает связность сети.",1,False,2,1,80000.0,5000.0,2,1,0.0625,75000.0,0.00029739,2.378e-05,0.0,0.00340134,10,1,1,2,0.0,1.0,1.0,14.0,0,0,0,True,False,85000.0
100000001141268100,terminal,0.856,18,0.2213,"Принял 480 тыс ₸ от 2 плательщиков и удержал 470 тыс ₸; обход на колене 3 не обрывался, значит отсутствие исходящих — поведение, а не артефакт. Точка сочленения: изъятие разрывает связность сети.",3,False,2,1,480000.0,10000.0,2,1,0.0208,470000.0,0.00036486,2.239e-05,0.0,4.4e-07,9,0,3,1,1.0,2.0,1.0,1.0,0,0,0,True,False,490000.0
100000003131016100,peripheral,0.6,0,0.2211,"Вход: 1 плательщика (406 тыс ₸), выход: 1 получателя (126 тыс ₸) — ни один порог роли не пройден. Деньги возвращаются отправителю: 1 встречный счёт.",2,False,1,1,405700.0,126000.0,7,4,0.3106,279700.0,0.00167746,0.0,0.00334633,0.0,7,0,2,1,0.2063,1.0,1.0,20.0,1,2,1,False,False,531700.0
100000004017410100,peripheral,0.6,34,0.2211,"Вход: 2 плательщиков (194 тыс ₸), выход: 5 получателей (1.3 млн ₸) — ни один порог роли не пройден. Деньги возвращаются отправителю: 2 встречных счёта.",3,False,2,5,193650.0,1330915.0,6,11,6.8728,0.0,0.00113154,4.059e-05,7.88e-06,1.777e-05,7,0,3,1,0.0413,2.0,2.0,12.0,7,2,2,True,False,1524565.0
100000005456919100,terminal,0.856,43,0.221,"Принял 480 тыс ₸ от 2 плательщиков и удержал 475 тыс ₸; обход на колене 1 не обрывался, значит отсутствие исходящих — поведение, а не артефакт. Деньги возвращаются отправителю: 1 встречный счёт.",1,False,2,1,479950.0,5000.0,10,1,0.0104,474950.0,0.00137003,0.0,0.0,0.0,1,1,1,1,0.0,2.0,1.0,15.0,4,2,1,False,False,484950.0
100000007382543100,peripheral,0.6,28,0.221,"Вход: 3 плательщиков (218 тыс ₸), выход: 5 получателей (427 тыс ₸) — ни один порог роли не пройден. Деньги возвращаются отправителю: 2 встречных счёта.",2,False,3,5,218000.0,427000.0,3,8,1.9587,0.0,0.00119049,0.00024448,0.0,0.0,7,0,2,2,0.2342,1.0,1.0,16.0,2,2,2,True,False,645000.0
100000004209339100,peripheral,0.6,32,0.2209,"Вход: 1 плательщика (138 тыс ₸), выход: 2 получателей (238 тыс ₸) — ни один порог роли не пройден. Деньги возвращаются отправителю: 1 встречный счёт.",2,False,1,2,138500.0,238500.0,6,11,1.722,0.0,0.00081953,2.1e-05,5.354e-05,0.0,8,0,2,1,0.0,1.0,2.0,19.0,1,2,1,True,False,377000.0
100000002175422100,peripheral,0.6,31,0.2206,"Вход: 3 плательщиков (68 тыс ₸), выход: 6 получателей (1.6 млн ₸) — ни один порог роли не пройден. Деньги возвращаются отправителю: 3 встречных счёта.",2,False,3,6,68500.0,1621188.0,5,14,23.667,0.0,0.00084589,0.00015872,0.00254742,0.0,7,0,2,1,0.0062,2.0,2.0,12.0,3,2,3,True,False,1689688.0
100000007749092100,peripheral,0.6,5,0.2206,"Вход: 1 плательщика (8 тыс ₸), выход: 1 получателя (70 тыс ₸) — ни один порог роли не пройден. Деньги возвращаются отправителю: 1 встречный счёт.",2,False,1,1,7650.0,70375.0,1,5,9.1993,0.0,0.00180442,0.0,0.00012667,0.0,7,0,2,1,0.0,1.0,1.0,-3.0,1,2,1,False,False,78025.0
100000004330371100,peripheral,0.6,5,0.2204,"Вход: 2 плательщиков (264 тыс ₸), выход: 2 получателей (91 тыс ₸) — ни один порог роли не пройден. Деньги возвращаются отправителю: 2 встречных счёта.",1,False,2,2,264171.0,90681.0,12,6,0.3433,173490.0,0.00125427,0.00033467,5.36e-06,0.0002976,7,1,1,1,0.0948,2.0,2.0,22.0,2,2,2,True,False,354852.0
100000003509750100,transit,0.364,6,0.2199,"Пропустил 95% полученного дальше: принял 82 тыс ₸ от 3 плательщиков, отдал 78 тыс ₸ на 3 получателей. Признаки транзита. Деньги возвращаются отправителю: 2 встречных счёта.",2,False,3,3,82290.0,78400.0,4,5,0.9527,3890.0,0.00168705,1.98e-06,0.0,2.918e-05,1,0,2,1,0.0,1.0,1.0,27.0,2,2,2,True,False,160690.0
100000002217161100,peripheral,0.6,35,0.2198,"Вход: 2 плательщиков (405 тыс ₸), выход: 7 получателей (995 тыс ₸) — ни один порог роли не пройден. Деньги возвращаются отправителю: 1 встречный счёт.",2,False,2,7,404750.0,995132.0,15,19,2.4586,0.0,0.00089157,0.00015515,0.0,5.213e-05,7,0,2,2,0.0,1.0,2.0,29.0,1,2,1,True,False,1399882.0
100000004552204100,peripheral,0.6,33,0.2198,"Вход: 1 плательщика (22 тыс ₸), выход: 2 получателей (10 тыс ₸) — ни один порог роли не пройден. Деньги возвращаются отправителю: 1 встречный счёт. Точка сочленения: изъятие разрывает связность сети.",3,False,1,2,22500.0,10000.0,2,2,0.4444,12500.0,0.0008647,2.021e-05,0.0,0.0,8,0,3,1,0.0,1.0,1.0,8.0,1,2,1,True,False,32500.0
100000001049200100,peripheral,0.6,17,0.2196,"Вход: 2 плательщиков (77 тыс ₸), выход: 4 получателей (36 тыс ₸) — ни один порог роли не пройден. Деньги возвращаются отправителю: 1 встречный счёт.",1,False,2,4,76624.0,36000.0,2,5,0.4698,40624.0,0.00029829,0.00115965,1.101e-05,0.00037972,7,1,1,3,0.0,1.0,2.0,24.0,4,2,1,False,False,112624.0
100000008512552100,peripheral,0.6,15,0.2195,"Вход: 4 плательщиков (394 тыс ₸), выход: 6 получателей (1.3 млн ₸) — ни один порог роли не пройден. Деньги возвращаются отправителю: 1 встречный счёт.",2,False,4,6,394360.0,1302275.0,9,11,3.3022,0.0,0.00042588,0.00043073,0.00100302,0.00033801,7,0,2,3,0.4952,2.0,2.0,17.0,13,2,1,True,False,1696635.0
100000008595687100,terminal,0.709,5,0.2194,"Принял 64 тыс ₸ от 1 плательщика и удержал 54 тыс ₸; обход на колене 3 не обрывался, значит отсутствие исходящих — поведение, а не артефакт. Входит в замкнутую цепочку из 4 узлов.",3,False,1,1,64395.0,10400.0,1,1,0.1615,53995.0,0.00030486,0.00030108,5.32e-06,5.257e-05,7,0,3,1,1.0,1.0,1.0,1.0,3,4,0,False,False,74795.0
100000000933075100,peripheral,0.6,11,0.2193,"Вход: 1 плательщика (40 тыс ₸), выход: 2 получателей (55 тыс ₸) — ни один порог роли не пройден. Деньги возвращаются отправителю: 1 встречный счёт. Точка сочленения: изъятие разрывает связность сети.",3,False,1,2,40000.0,55000.0,1,2,1.375,0.0,0.0008087,2.14e-05,0.0,1.03e-06,8,0,3,1,0.7273,1.0,1.0,23.0,1,2,1,True,False,95000.0
100000005287097100,peripheral,0.6,5,0.2193,"Вход: 2 плательщиков (127 тыс ₸), выход: 9 получателей (697 тыс ₸) — ни один порог роли не пройден. Деньги возвращаются отправителю: 2 встречных счёта.",1,False,2,9,127173.0,697300.0,5,42,5.4831,0.0,0.00030271,0.00078322,0.00013971,0.00033092,7,1,1,3,0.1018,1.0,3.0,20.0,10,2,2,True,False,824473.0
100000002628576100,transit,0.537,4,0.2188,"Пропустил 74% полученного дальше: принял 728 тыс ₸ от 2 плательщиков, отдал 539 тыс ₸ на 2 получателей. Признаки транзита. Точка сочленения: изъятие разрывает связность сети.",3,False,2,2,727882.0,539000.0,3,2,0.7405,188882.0,0.00031139,3.844e-05,0.0,0.00584596,7,0,3,2,0.0,1.0,2.0,6.0,0,0,0,True,False,1266882.0
100000000076451100,peripheral,0.6,16,0.2187,"Вход: 3 плательщиков (88 тыс ₸), выход: 4 получателей (58 тыс ₸) — ни один порог роли не пройден. Деньги возвращаются отправителю: 2 встречных счёта.",2,False,3,4,87707.0,58000.0,4,4,0.6613,29707.0,0.0013962,9.769e-05,0.0,3.625e-05,7,0,2,1,0.2586,2.0,2.0,10.0,2,2,2,True,False,145707.0
100000000297649100,peripheral,0.6,11,0.2187,"Вход: 1 плательщика (40 тыс ₸), выход: 1 получателя (71 тыс ₸) — ни один порог роли не пройден. Деньги возвращаются отправителю: 1 встречный счёт.",2,False,1,1,40000.0,70600.0,1,2,1.765,0.0,0.00080914,0.0,5.414e-05,0.0,8,0,2,1,0.0,1.0,1.0,8.0,1,2,1,False,False,110600.0
100000004479404100,peripheral,0.6,47,0.2183,"Вход: 2 плательщиков (1.5 млн ₸), выход: 1 получателя (300 тыс ₸) — ни один порог роли не пройден. Деньги возвращаются отправителю: 1 встречный счёт.",2,False,2,1,1492000.0,300000.0,8,2,0.2011,1192000.0,0.00086671,9.61e-05,0.0,9.352e-05,7,0,2,2,0.0,1.0,1.0,26.0,1,2,1,True,False,1792000.0
100000006844768100,peripheral,0.6,0,0.2177,"Вход: 1 плательщика (282 тыс ₸), выход: 2 получателей (188 тыс ₸) — ни один порог роли не пройден. Деньги возвращаются отправителю: 1 встречный счёт.",2,False,1,2,282000.0,188000.0,5,5,0.6667,94000.0,0.00137078,3.884e-05,0.00444055,0.0,7,0,2,1,0.0,1.0,1.0,29.0,1,2,1,True,False,470000.0
100000001526235100,peripheral,0.6,26,0.2175,"Вход: 3 плательщиков (82 тыс ₸), выход: 8 получателей (433 тыс ₸) — ни один порог роли не пройден. Деньги возвращаются отправителю: 3 встречных счёта.",2,False,3,8,82000.0,432750.0,4,9,5.2774,0.0,0.00087786,0.0002566,0.00013419,2e-08,7,0,2,1,0.0913,1.0,2.0,28.0,3,2,3,True,False,514750.0
100000001746925100,terminal,0.711,2,0.2175,"Принял 65 тыс ₸ от 1 плательщика и удержал 60 тыс ₸; обход на колене 1 не обрывался, значит отсутствие исходящих — поведение, а не артефакт. Точка сочленения: изъятие разрывает связность сети.",1,False,1,1,65250.0,5000.0,1,1,0.0766,60250.0,0.00029863,0.00011889,0.0,0.00046117,10,1,1,2,0.0,1.0,1.0,-14.0,0,0,0,True,False,70250.0
100000004076740100,peripheral,0.6,34,0.2162,"Вход: 3 плательщиков (93 тыс ₸), выход: 6 получателей (125 тыс ₸) — ни один порог роли не пройден. Деньги возвращаются отправителю: 2 встречных счёта.",1,False,3,6,93250.0,125000.0,5,10,1.3405,0.0,0.00074145,0.00043516,2e-07,0.00218665,7,1,1,3,0.08,1.0,2.0,26.0,4,2,2,True,False,218250.0
100000003809101100,peripheral,0.6,9,0.2161,"Вход: 2 плательщиков (166 тыс ₸), выход: 2 получателей (55 тыс ₸) — ни один порог роли не пройден. Деньги возвращаются отправителю: 1 встречный счёт.",1,False,2,2,166050.0,55200.0,3,4,0.3324,110850.0,0.00036195,0.00013334,0.0,0.00012383,8,1,1,2,0.1848,1.0,1.0,14.0,1,2,1,True,False,221250.0
100000002132479100,peripheral,0.6,14,0.2158,"Вход: 1 плательщика (30 тыс ₸), выход: 1 получателя (20 тыс ₸) — ни один порог роли не пройден. Деньги возвращаются отправителю: 1 встречный счёт.",2,False,1,1,30000.0,20000.0,2,1,0.6667,10000.0,0.00060602,0.0,2.23e-05,0.0,8,0,2,1,0.0,1.0,1.0,7.0,1,2,1,False,False,50000.0
100000008254069100,peripheral,0.6,20,0.2154,"Вход: 1 плательщика (10 тыс ₸), выход: 5 получателей (108 тыс ₸) — ни один порог роли не пройден. Деньги возвращаются отправителю: 1 встречный счёт. Точка сочленения: изъятие разрывает связность сети.",2,False,1,5,10200.0,107500.0,2,6,10.5392,0.0,0.00034249,9.351e-05,5.529e-05,0.0,8,0,2,2,0.093,1.0,2.0,9.0,1,2,1,True,False,117700.0
100000008379273100,transit,0.345,8,0.2154,"Пропустил 106% полученного дальше: принял 36 тыс ₸ от 2 плательщиков, отдал 38 тыс ₸ на 4 получателей. Признаки транзита. Точка сочленения: изъятие разрывает связность сети.",3,False,2,4,36000.0,38000.0,2,4,1.0556,0.0,0.00029902,0.00170051,0.00011632,3.4e-06,7,0,3,4,0.0,1.0,2.0,17.0,0,0,0,True,False,74000.0
100000006704530100,transit,0.508,27,0.2152,"Пропустил 95% полученного дальше: принял 450 тыс ₸ от 1 плательщика, отдал 428 тыс ₸ на 3 получателей. Признаки транзита. Точка сочленения: изъятие разрывает связность сети.",3,False,1,3,450500.0,428000.0,1,5,0.9501,22500.0,0.00039854,5.885e-05,0.0,0.0,7,0,3,1,0.0,1.0,2.0,11.0,0,0,0,True,False,878500.0
100000000913911100,transit,0.494,2,0.2145,"Пропустил 128% полученного дальше: принял 467 тыс ₸ от 2 плательщиков, отдал 600 тыс ₸ на 1 получателя. Признаки транзита. Точка сочленения: изъятие разрывает связность сети.",2,False,2,1,467000.0,600000.0,2,1,1.2848,0.0,0.00045944,1.942e-05,0.0,6.262e-05,7,0,2,2,0.0,2.0,1.0,3.0,0,0,0,True,False,1067000.0
100000004180097100,peripheral,0.6,0,0.2145,"Вход: 3 плательщиков (105 тыс ₸), выход: 3 получателей (48 тыс ₸) — ни один порог роли не пройден. Деньги возвращаются отправителю: 2 встречных счёта.",1,False,3,3,104854.0,47800.0,5,7,0.4559,57054.0,0.00085653,0.00031367,7.62e-06,0.00218665,7,1,1,2,0.0,1.0,2.0,30.0,3,2,2,True,False,152654.0
100000001330685100,terminal,0.919,4,0.2144,"Принял 2.4 млн ₸ от 3 плательщиков и удержал 2.3 млн ₸; обход на колене 1 не обрывался, значит отсутствие исходящих — поведение, а не артефакт. Точка сочленения: изъятие разрывает связность сети.",1,False,3,1,2435923.0,100500.0,7,1,0.0413,2335423.0,0.00043822,1.922e-05,0.0,0.00622976,7,1,1,2,0.0,2.0,1.0,-9.0,0,0,0,True,False,2536423.0
100000006734214100,terminal,0.985,4,0.2143,"Принял 610 тыс ₸ от 5 плательщиков и удержал 574 тыс ₸; обход на колене 3 не обрывался, значит отсутствие исходящих — поведение, а не артефакт. Точка сочленения: изъятие разрывает связность сети.",3,False,5,3,610000.0,36000.0,10,4,0.059,574000.0,0.00060639,5.944e-05,0.0,0.00800942,7,0,3,4,0.0,2.0,1.0,27.0,0,0,0,True,False,646000.0
100000008501413100,transit,0.45,32,0.2139,"Пропустил 102% полученного дальше: принял 5 тыс ₸ от 1 плательщика, отдал 5 тыс ₸ на 1 получателя, 100% ушло в первые 2 дня. Признаки транзита. Точка сочленения: изъятие разрывает связность сети.",3,False,1,1,5000.0,5100.0,1,1,1.02,0.0,0.00036665,2.12e-05,0.0,1e-06,8,0,3,1,1.0,1.0,1.0,2.0,0,0,0,True,False,10100.0
100000000791285100,peripheral,0.6,27,0.2138,"Вход: 1 плательщика (1.1 млн ₸), выход: 3 получателей (650 тыс ₸) — ни один порог роли не пройден. Деньги возвращаются отправителю: 1 встречный счёт.",3,False,1,3,1120000.0,650000.0,2,3,0.5804,470000.0,0.00056643,3.884e-05,2.16e-06,0.0,7,0,3,1,0.9538,1.0,2.0,0.0,1,2,1,True,False,1770000.0
100000005048668100,peripheral,0.6,3,0.2136,"Вход: 2 плательщиков (17 тыс ₸), выход: 8 получателей (159 тыс ₸) — ни один порог роли не пройден. Деньги возвращаются отправителю: 1 встречный счёт.",3,False,2,8,16668.0,159400.0,2,11,9.5632,0.0,0.00028855,0.00065429,0.00160727,0.00316524,7,0,3,6,0.0,1.0,2.0,18.0,45,2,1,True,False,176068.0
100000003942602100,transit,0.467,1,0.2129,"Пропустил 100% полученного дальше: принял 30 тыс ₸ от 1 плательщика, отдал 30 тыс ₸ на 1 получателя, 100% ушло в первые 2 дня. Признаки транзита. Деньги возвращаются отправителю: 1 встречный счёт.",1,False,1,1,30000.0,30000.0,1,1,1.0,0.0,0.00029187,0.0,0.0,0.0,1,1,1,1,1.0,1.0,1.0,0.0,1,2,1,False,False,60000.0
100000008692291100,transit,0.417,10,0.2128,"Пропустил 98% полученного дальше: принял 160 тыс ₸ от 3 плательщиков, отдал 156 тыс ₸ на 3 получателей, 13% ушло в первые 2 дня. Признаки транзита. Точка сочленения: изъятие разрывает связность сети.",3,False,3,3,160000.0,156000.0,3,3,0.975,4000.0,0.00030785,6.42e-05,0.0,7.5e-06,8,0,3,3,0.1346,2.0,1.0,3.0,0,0,0,True,False,316000.0
100000003071930100,terminal,0.896,7,0.2127,"Принял 478 тыс ₸ от 3 плательщиков и удержал 473 тыс ₸; обход на колене 1 не обрывался, значит отсутствие исходящих — поведение, а не артефакт. Точка сочленения: изъятие разрывает связность сети.",1,False,3,1,477610.0,5000.0,4,1,0.0105,472610.0,0.00034837,4.28e-05,0.0,0.00014631,8,1,1,2,0.0,1.0,1.0,8.0,0,0,0,True,False,482610.0
100000005602999100,peripheral,0.6,32,0.2126,"Вход: 1 плательщика (5 тыс ₸), выход: 2 получателей (16 тыс ₸) — ни один порог роли не пройден. Деньги возвращаются отправителю: 1 встречный счёт. Точка сочленения: изъятие разрывает связность сети.",2,False,1,2,5000.0,16000.0,1,3,3.2,0.0,0.00030485,4.201e-05,5.354e-05,0.0,8,0,2,1,0.6875,1.0,2.0,2.0,1,2,1,True,False,21000.0
100000005782781100,peripheral,0.6,6,0.2124,"Вход: 6 плательщиков (172 тыс ₸), выход: 10 получателей (1.3 млн ₸) — ни один порог роли не пройден. Отдаёт в 7× больше видимых входящих: источник вне выгрузки. Входит в замкнутую цепочку из 4 узлов.",2,False,6,10,171888.0,1263597.0,10,10,7.3513,0.0,0.00048751,0.00056832,0.00581199,0.0003718,7,0,2,6,0.0716,3.0,5.0,11.0,23,4,0,True,False,1435485.0
100000006534886100,peripheral,0.6,5,0.2124,"Вход: 1 плательщика (72 тыс ₸), выход: 1 получателя (168 тыс ₸) — ни один порог роли не пройден. Деньги возвращаются отправителю: 1 встречный счёт.",2,False,1,1,71700.0,167500.0,5,8,2.3361,0.0,0.0011277,0.0,0.00012667,1e-07,7,0,2,1,0.0,1.0,1.0,20.0,1,2,1,False,False,239200.0
100000007544358100,transit,0.505,5,0.2123,"Пропустил 109% полученного дальше: принял 322 тыс ₸ от 2 плательщиков, отдал 350 тыс ₸ на 1 получателя, 29% ушло в первые 2 дня. Признаки транзита. Точка сочленения: изъятие разрывает связность сети.",1,False,2,1,322500.0,350000.0,2,3,1.0853,0.0,0.00034057,1.962e-05,0.0,0.00031972,7,1,1,1,0.2857,1.0,1.0,17.0,0,0,0,True,False,672500.0
100000000850297100,transit,0.46,9,0.2121,"Пропустил 100% полученного дальше: принял 18 тыс ₸ от 1 плательщика, отдал 18 тыс ₸ на 1 получателя, 100% ушло в первые 2 дня. Признаки транзита. Деньги возвращаются отправителю: 1 встречный счёт.",2,False,1,1,17520.0,17520.0,1,1,1.0,0.0,0.00029392,0.0,9.76e-06,2.323e-05,1,0,2,1,1.0,1.0,1.0,0.0,1,2,1,False,False,35040.0
100000001169666100,terminal,0.782,8,0.212,"Принял 220 тыс ₸ от 1 плательщика и удержал 196 тыс ₸; обход на колене 3 не обрывался, значит отсутствие исходящих — поведение, а не артефакт. Точка сочленения: изъятие разрывает связность сети.",3,False,1,1,220000.0,24000.0,2,1,0.1091,196000.0,0.00031954,2.199e-05,0.0,6e-08,9,0,3,1,0.0,1.0,1.0,12.0,0,0,0,True,False,244000.0
100000008443341100,peripheral,0.6,11,0.212,"Вход: 2 плательщиков (34 тыс ₸), выход: 3 получателей (50 тыс ₸) — ни один порог роли не пройден. Деньги возвращаются отправителю: 1 встречный счёт. Точка сочленения: изъятие разрывает связность сети.",1,False,2,3,34500.0,50000.0,2,4,1.4493,0.0,0.00066897,0.0003601,0.00024016,0.00216889,7,1,1,2,0.0,1.0,2.0,7.0,35,2,1,True,False,84500.0
100000004358004100,distributor,0.787,2,0.2117,Раздаёт 981 тыс ₸ на 11 получателей при 0 плательщиков; средний перевод 58 тыс ₸. Признаки веерного распределения. Точка сочленения: изъятие разрывает связность сети.,0,True,0,11,0.0,980850.0,0,17,,0.0,0.00028557,0.0,0.00363817,0.0,0,0,0,5,0.0,0.0,3.0,0.0,0,0,0,True,False,980850.0
100000008389800100,peripheral,0.6,5,0.2111,"Вход: 3 плательщиков (189 тыс ₸), выход: 7 получателей (402 тыс ₸) — ни один порог роли не пройден. Деньги возвращаются отправителю: 2 встречных счёта.",2,False,3,7,189000.0,401620.0,3,8,2.125,0.0,0.0005051,0.00015931,0.00054323,2.58e-06,7,0,2,3,0.2415,1.0,2.0,8.0,2,2,2,True,False,590620.0
100000008733194100,peripheral,0.6,13,0.2111,"Вход: 4 плательщиков (251 тыс ₸), выход: 8 получателей (160 тыс ₸) — ни один порог роли не пройден. Деньги возвращаются отправителю: 1 встречный счёт.",2,False,4,8,251424.0,159695.0,4,8,0.6352,91729.0,0.00047073,0.00020045,2.29e-06,0.00051944,7,0,2,4,0.4234,2.0,2.0,9.0,1,2,1,True,False,411119.0
100000005584222100,peripheral,0.6,0,0.2107,"Вход: 2 плательщиков (193 тыс ₸), выход: 2 получателей (109 тыс ₸) — ни один порог роли не пройден. Деньги возвращаются отправителю: 1 встречный счёт.",1,False,2,2,192717.0,108587.0,6,3,0.5635,84130.0,0.00087592,3.864e-05,0.0,0.00216889,7,1,1,1,0.0,1.0,1.0,10.0,1,2,1,True,False,301304.0
100000001072022100,terminal,0.917,2,0.2106,"Принял 1.7 млн ₸ от 3 плательщиков и удержал 1.7 млн ₸; обход на колене 1 не обрывался, значит отсутствие исходящих — поведение, а не артефакт.",1,False,3,0,1684000.0,0.0,6,0,0.0,1684000.0,0.00050213,0.0,0.0,0.00346346,10,1,1,2,0.0,2.0,0.0,0.0,0,0,0,False,False,1684000.0
100000001445848100,peripheral,0.6,35,0.21,"Вход: 1 плательщика (546 тыс ₸), выход: 1 получателя (352 тыс ₸) — ни один порог роли не пройден. Деньги возвращаются отправителю: 1 встречный счёт.",3,False,1,1,546000.0,351850.0,13,14,0.6444,194150.0,0.00070202,0.0,2.219e-05,0.0,7,0,3,1,0.1705,1.0,1.0,19.0,1,2,1,False,False,897850.0
100000007170072100,transit,0.504,3,0.2099,"Пропустил 100% полученного дальше: принял 100 тыс ₸ от 1 плательщика, отдал 100 тыс ₸ на 2 получателей, 100% ушло в первые 2 дня. Признаки транзита. Точка сочленения: изъятие разрывает связность сети.",3,False,1,2,100000.0,99500.0,1,9,0.995,500.0,0.00030766,3.844e-05,0.0,0.00013028,7,0,3,1,1.0,1.0,2.0,2.0,0,0,0,True,False,199500.0
100000007939160100,terminal,0.829,42,0.2099,"Принял 795 тыс ₸ от 1 плательщика и удержал 781 тыс ₸; обход на колене 1 не обрывался, значит отсутствие исходящих — поведение, а не артефакт. Деньги возвращаются отправителю: 1 встречный счёт.",1,False,1,2,795000.0,14300.0,2,2,0.018,780700.0,0.00066535,4e-07,0.0,0.0,1,1,1,1,0.0,1.0,2.0,-11.0,1,2,1,True,False,809300.0
100000008192264100,transit,0.504,4,0.2097,"Пропустил 115% полученного дальше: принял 163 тыс ₸ от 1 плательщика, отдал 188 тыс ₸ на 1 получателя, 87% ушло в первые 2 дня. Признаки транзита. Точка сочленения: изъятие разрывает связность сети.",3,False,1,1,162810.0,187910.0,1,2,1.1542,0.0,0.00029085,1.922e-05,0.0,0.00294017,7,0,3,1,0.875,1.0,1.0,0.0,0,0,0,True,False,350720.0
100000008603331100,peripheral,0.6,10,0.2097,"Вход: 2 плательщиков (40 тыс ₸), выход: 6 получателей (742 тыс ₸) — ни один порог роли не пройден. Деньги возвращаются отправителю: 1 встречный счёт.",2,False,2,6,39500.0,741774.0,3,6,18.7791,0.0,0.00034423,0.00019577,2.61e-06,1.72e-06,7,0,2,3,0.0328,1.0,2.0,7.0,1,2,1,True,False,781274.0
100000004407753100,peripheral,0.6,28,0.2096,"Вход: 1 плательщика (250 тыс ₸), выход: 1 получателя (100 тыс ₸) — ни один порог роли не пройден. Деньги возвращаются отправителю: 1 встречный счёт.",3,False,1,1,250000.0,100000.0,4,1,0.4,150000.0,0.00087856,0.0,0.0,0.0,7,0,3,1,1.0,1.0,1.0,2.0,1,2,1,False,False,350000.0
100000001650895100,terminal,0.762,8,0.2095,"Принял 154 тыс ₸ от 1 плательщика и удержал 144 тыс ₸; обход на колене 3 не обрывался, значит отсутствие исходящих — поведение, а не артефакт. Точка сочленения: изъятие разрывает связность сети.",3,False,1,1,153500.0,10000.0,1,1,0.0651,143500.0,0.00030927,2.199e-05,0.0,6e-08,9,0,3,1,0.0,1.0,1.0,-9.0,0,0,0,True,False,163500.0
100000004698193100,terminal,0.823,6,0.2095,"Принял 223 тыс ₸ от 2 плательщиков и удержал 185 тыс ₸; обход на колене 2 не обрывался, значит отсутствие исходящих — поведение, а не артефакт. Деньги возвращаются отправителю: 1 встречный счёт.",2,False,2,3,222700.0,38000.0,15,5,0.1706,184700.0,0.00082541,1.59e-06,0.0,2.895e-05,1,0,2,1,0.0,1.0,2.0,29.0,1,2,1,True,False,260700.0
100000002894076100,terminal,0.954,6,0.2092,"Принял 1.1 млн ₸ от 4 плательщиков и удержал 1.1 млн ₸; обход на колене 1 не обрывался, значит отсутствие исходящих — поведение, а не артефакт.",1,False,4,0,1122782.0,0.0,6,0,0.0,1122782.0,0.00038268,0.0,0.0,0.00013028,10,2,1,4,0.0,3.0,0.0,0.0,0,0,0,False,False,1122782.0
100000008011159100,peripheral,0.6,38,0.2092,"Вход: 3 плательщиков (363 тыс ₸), выход: 5 получателей (153 тыс ₸) — ни один порог роли не пройден. Деньги возвращаются отправителю: 1 встречный счёт.",2,False,3,5,363000.0,153037.0,6,5,0.4216,209963.0,0.00048611,0.00012211,0.00130309,0.00014978,7,0,2,4,0.0,1.0,3.0,13.0,1,2,1,True,False,516037.0
100000006169033100,peripheral,0.6,38,0.209,"Вход: 1 плательщика (49 тыс ₸), выход: 3 получателей (1.1 млн ₸) — ни один порог роли не пройден. Деньги возвращаются отправителю: 1 встречный счёт. Точка сочленения: изъятие разрывает связность сети.",3,False,1,3,49000.0,1140271.0,1,10,23.2708,0.0,0.00041804,3.923e-05,6.478e-05,2.428e-05,7,0,3,1,0.0,1.0,2.0,10.0,1,2,1,True,False,1189271.0
100000003001661100,peripheral,0.6,28,0.2089,"Вход: 1 плательщика (110 тыс ₸), выход: 5 получателей (440 тыс ₸) — ни один порог роли не пройден. Деньги возвращаются отправителю: 1 встречный счёт.",3,False,1,5,110000.0,439500.0,1,8,3.9955,0.0,0.00054649,8.322e-05,0.0,0.0,7,0,3,1,0.0,1.0,1.0,27.0,1,2,1,True,False,549500.0
100000007689942100,peripheral,0.6,17,0.2089,"Вход: 1 плательщика (5 тыс ₸), выход: 2 получателей (25 тыс ₸) — ни один порог роли не пройден. Деньги возвращаются отправителю: 1 встречный счёт. Точка сочленения: изъятие разрывает связность сети.",3,False,1,2,5000.0,25000.0,1,2,5.0,0.0,0.00089259,1.981e-05,8.887e-05,0.0,7,0,3,1,0.0,1.0,1.0,-1.0,1,2,1,True,False,30000.0
100000005342513100,terminal,0.786,1,0.2087,"Принял 235 тыс ₸ от 1 плательщика и удержал 205 тыс ₸; обход на колене 3 не обрывался, значит отсутствие исходящих — поведение, а не артефакт. Деньги возвращаются отправителю: 1 встречный счёт.",3,False,1,1,235000.0,30000.0,2,1,0.1277,205000.0,0.00108165,0.0,0.0,0.0,1,0,3,1,1.0,1.0,1.0,0.0,1,2,1,False,False,265000.0
100000003557488100,peripheral,0.6,31,0.2086,"Вход: 1 плательщика (665 тыс ₸), выход: 2 получателей (138 тыс ₸) — ни один порог роли не пройден. Деньги возвращаются отправителю: 1 встречный счёт.",3,False,1,2,664992.0,138000.0,3,4,0.2075,526992.0,0.00058097,1.981e-05,0.0,4.747e-05,7,0,3,1,0.0725,1.0,1.0,15.0,1,2,1,True,False,802992.0
100000004390333100,peripheral,0.6,0,0.2086,"Вход: 2 плательщиков (65 тыс ₸), выход: 9 получателей (506 тыс ₸) — ни один порог роли не пройден. Деньги возвращаются отправителю: 1 встречный счёт.",1,False,2,9,64558.0,506500.0,2,14,7.8457,0.0,0.00029521,0.00015842,0.00286911,0.00505746,7,1,1,3,0.2172,1.0,2.0,29.0,170,2,1,True,False,571058.0
100000003406094100,peripheral,0.6,5,0.2085,"Вход: 1 плательщика (70 тыс ₸), выход: 3 получателей (47 тыс ₸) — ни один порог роли не пройден. Деньги возвращаются отправителю: 1 встречный счёт. Точка сочленения: изъятие разрывает связность сети.",3,False,1,3,70000.0,47000.0,4,3,0.6714,23000.0,0.00077815,3.884e-05,1.14e-06,0.0,7,0,3,1,0.0,1.0,1.0,20.0,1,2,1,True,False,117000.0
100000006755850100,terminal,0.813,4,0.2085,"Принял 443 тыс ₸ от 1 плательщика и удержал 443 тыс ₸; обход на колене 2 не обрывался, значит отсутствие исходящих — поведение, а не артефакт.",2,False,1,0,443475.8,0.0,3,0,0.0,443475.8,0.00064921,0.0,0.0,0.0,11,0,2,1,0.0,1.0,0.0,0.0,0,0,0,False,False,443475.8
100000004670388100,peripheral,0.6,51,0.2081,"Вход: 1 плательщика (160 тыс ₸), выход: 2 получателей (720 тыс ₸) — ни один порог роли не пройден. Деньги возвращаются отправителю: 1 встречный счёт.",3,False,1,2,160354.0,720000.0,1,4,4.4901,0.0,0.00051402,1.962e-05,0.0,0.0,7,0,3,1,0.5278,1.0,1.0,21.0,1,2,1,True,False,880354.0
100000002433697100,transit,0.492,4,0.208,"Пропустил 85% полученного дальше: принял 130 тыс ₸ от 1 плательщика, отдал 110 тыс ₸ на 1 получателя, 100% ушло в первые 2 дня. Признаки транзита. Точка сочленения: изъятие разрывает связность сети.",3,False,1,1,130000.0,110000.0,1,1,0.8462,20000.0,0.00028978,1.922e-05,0.0,0.00294017,7,0,3,1,1.0,1.0,1.0,0.0,0,0,0,True,False,240000.0
100000001808684100,transit,0.324,6,0.2077,"Пропустил 78% полученного дальше: принял 48 тыс ₸ от 1 плательщика, отдал 38 тыс ₸ на 1 получателя. Признаки транзита. Деньги возвращаются отправителю: 1 встречный счёт.",3,False,1,1,48400.0,37700.0,3,2,0.7789,10700.0,0.0011691,0.0,1.242e-05,0.0,1,0,3,1,0.0,1.0,1.0,4.0,1,2,1,False,False,86100.0
100000004325327100,transit,0.487,0,0.2077,"Пропустил 99% полученного дальше: принял 71 тыс ₸ от 2 плательщиков, отдал 70 тыс ₸ на 1 получателя, 100% ушло в первые 2 дня. Признаки транзита. Точка сочленения: изъятие разрывает связность сети.",1,False,2,1,70817.0,70000.0,3,1,0.9885,817.0,0.00029579,3.844e-05,0.0,0.00505746,7,1,1,1,1.0,1.0,1.0,2.0,0,0,0,True,False,140817.0
100000002957306100,terminal,0.849,9,0.2076,"Принял 398 тыс ₸ от 2 плательщиков и удержал 398 тыс ₸; обход на колене 1 не обрывался, значит отсутствие исходящих — поведение, а не артефакт.",1,False,2,0,398490.0,0.0,2,0,0.0,398490.0,0.00035519,0.0,0.0,0.00058397,11,2,1,2,0.0,1.0,0.0,0.0,0,0,0,False,False,398490.0
100000003004487100,peripheral,0.6,31,0.2074,"Вход: 4 плательщиков (184 тыс ₸), выход: 2 получателей (265 тыс ₸) — ни один порог роли не пройден. Деньги возвращаются отправителю: 1 встречный счёт.",1,False,4,2,183702.8,265015.0,9,3,1.4426,0.0,0.00035087,0.0001928,0.0,0.00574775,7,1,1,2,0.0,2.0,1.0,17.0,1,2,1,True,False,448717.8
100000001534244100,terminal,0.846,7,0.207,"Принял 366 тыс ₸ от 2 плательщиков и удержал 321 тыс ₸; обход на колене 3 не обрывался, значит отсутствие исходящих — поведение, а не артефакт. Точка сочленения: изъятие разрывает связность сети.",3,False,2,1,366000.0,45000.0,2,1,0.123,321000.0,0.00034151,2.16e-05,0.0,2e-06,8,0,3,1,0.0,2.0,1.0,-26.0,0,0,0,True,False,411000.0
100000001904863100,terminal,0.819,14,0.2069,"Принял 500 тыс ₸ от 1 плательщика и удержал 500 тыс ₸; обход на колене 2 не обрывался, значит отсутствие исходящих — поведение, а не артефакт.",2,False,1,0,500000.0,0.0,1,0,0.0,500000.0,0.0004818,0.0,0.0,0.0,11,0,2,1,0.0,1.0,0.0,0.0,0,0,0,False,False,500000.0
100000005911352100,peripheral,0.6,40,0.2063,"Вход: 2 плательщиков (15 тыс ₸), выход: 3 получателей (24 тыс ₸) — ни один порог роли не пройден. Деньги возвращаются отправителю: 1 встречный счёт. Точка сочленения: изъятие разрывает связность сети.",2,False,2,3,15000.0,24000.0,2,3,1.6,0.0,0.00055173,9.749e-05,0.0,0.0,7,0,2,1,0.0,1.0,1.0,8.0,1,2,1,True,False,39000.0
100000002575080100,transit,0.452,16,0.206,"Пропустил 96% полученного дальше: принял 13 тыс ₸ от 1 плательщика, отдал 12 тыс ₸ на 1 получателя, 100% ушло в первые 2 дня. Признаки транзита. Точка сочленения: изъятие разрывает связность сети.",3,False,1,1,13000.0,12500.0,1,1,0.9615,500.0,0.00055182,1.981e-05,0.0,0.0,7,0,3,1,1.0,1.0,1.0,0.0,0,0,0,True,False,25500.0
100000003204491100,transit,0.472,0,0.206,"Пропустил 71% полученного дальше: принял 140 тыс ₸ от 1 плательщика, отдал 100 тыс ₸ на 1 получателя, 100% ушло в первые 2 дня. Признаки транзита. Точка сочленения: изъятие разрывает связность сети.",3,False,1,1,140000.0,100000.0,1,2,0.7143,40000.0,0.00029798,1.922e-05,0.0,0.00113194,7,0,3,1,1.0,1.0,1.0,0.0,0,0,0,True,False,240000.0
100000004007116100,terminal,0.909,23,0.2059,"Принял 765 тыс ₸ от 3 плательщиков и удержал 617 тыс ₸; обход на колене 0 не обрывался, значит отсутствие исходящих — поведение, а не артефакт. Деньги возвращаются отправителю: 2 встречных счёта.",0,True,3,4,764704.0,148000.0,24,6,0.1935,616704.0,0.00062778,4e-07,0.0,0.0,0,0,0,1,0.0,1.0,1.0,28.0,16,2,2,False,False,912704.0
100000000607941100,peripheral,0.6,5,0.2058,"Вход: 2 плательщиков (50 тыс ₸), выход: 1 получателя (70 тыс ₸) — ни один порог роли не пройден. Деньги возвращаются отправителю: 1 встречный счёт. Точка сочленения: изъятие разрывает связность сети.",2,False,2,1,50000.0,70000.0,3,4,1.4,0.0,0.00057857,5.766e-05,0.0,2.62e-06,7,0,2,1,0.0,1.0,1.0,13.0,1,2,1,True,False,120000.0
100000000667713100,peripheral,0.6,5,0.2057,"Вход: 2 плательщиков (119 тыс ₸), выход: 6 получателей (79 тыс ₸) — ни один порог роли не пройден. Деньги возвращаются отправителю: 1 встречный счёт.",1,False,2,6,119495.0,79236.0,10,7,0.6631,40259.0,0.00032011,0.00013968,0.00067592,0.00030027,7,1,1,4,0.1609,1.0,2.0,27.0,2,2,1,True,False,198731.0
100000002472632100,terminal,0.859,26,0.2057,"Принял 502 тыс ₸ от 2 плательщиков и удержал 482 тыс ₸; обход на колене 3 не обрывался, значит отсутствие исходящих — поведение, а не артефакт. Точка сочленения: изъятие разрывает связность сети.",3,False,2,1,502400.0,20000.0,3,1,0.0398,482400.0,0.00098562,2.001e-05,0.0,2.52e-06,7,0,3,1,0.0,1.0,1.0,-8.0,0,0,0,True,False,522400.0
100000004105288100,terminal,0.821,2,0.2057,"Принял 215 тыс ₸ от 2 плательщиков и удержал 215 тыс ₸; обход на колене 1 не обрывался, значит отсутствие исходящих — поведение, а не артефакт.",1,False,2,0,215000.0,0.0,2,0,0.0,215000.0,0.00046304,0.0,0.0,0.0001238,11,1,1,2,0.0,1.0,0.0,0.0,0,0,0,False,False,215000.0
100000007138613100,terminal,0.912,0,0.2056,"Принял 1.0 млн ₸ от 3 плательщиков и удержал 823 тыс ₸; обход на колене 3 не обрывался, значит отсутствие исходящих — поведение, а не артефакт. Точка сочленения: изъятие разрывает связность сети.",3,False,3,2,1002000.0,179000.0,3,2,0.1786,823000.0,0.00035418,3.884e-05,0.0,0.00600701,7,0,3,2,0.0,1.0,1.0,-22.0,0,0,0,True,False,1181000.0
100000000031787100,transit,0.375,6,0.2055,"Пропустил 100% полученного дальше: принял 90 тыс ₸ от 1 плательщика, отдал 90 тыс ₸ на 2 получателей. Признаки транзита. Деньги возвращаются отправителю: 1 встречный счёт.",2,False,1,2,90000.0,90000.0,2,4,1.0,0.0,0.00043154,4e-07,1.88e-06,0.0,1,0,2,1,0.0,1.0,1.0,7.0,1,2,1,True,False,180000.0
100000005505655100,peripheral,0.6,26,0.2052,"Вход: 2 плательщиков (33 тыс ₸), выход: 1 получателя (20 тыс ₸) — ни один порог роли не пройден. Деньги возвращаются отправителю: 1 встречный счёт. Точка сочленения: изъятие разрывает связность сети.",1,False,2,1,33070.0,20000.0,2,1,0.6048,13070.0,0.00032151,0.00026908,1e-08,0.00029774,7,1,1,2,0.0,1.0,1.0,3.0,1,2,1,True,False,53070.0
100000004905207100,terminal,0.807,14,0.2045,"Принял 380 тыс ₸ от 1 плательщика и удержал 380 тыс ₸; обход на колене 2 не обрывался, значит отсутствие исходящих — поведение, а не артефакт.",2,False,1,0,380000.0,0.0,1,0,0.0,380000.0,0.0004347,0.0,0.0,0.0,11,0,2,1,0.0,1.0,0.0,0.0,0,0,0,False,False,380000.0
100000004715209100,peripheral,0.6,53,0.2044,"Вход: 1 плательщика (5 тыс ₸), выход: 5 получателей (350 тыс ₸) — ни один порог роли не пройден. Деньги возвращаются отправителю: 1 встречный счёт. Точка сочленения: изъятие разрывает связность сети.",3,False,1,5,5000.0,350450.0,1,17,70.09,0.0,0.00028754,7.767e-05,7.6e-07,5e-08,7,0,3,2,0.1278,1.0,2.0,12.0,1,2,1,True,False,355450.0
100000000976943100,transit,0.356,9,0.2043,"Пропустил 120% полученного дальше: принял 70 тыс ₸ от 1 плательщика, отдал 84 тыс ₸ на 1 получателя, 13% ушло в первые 2 дня. Признаки транзита. Точка сочленения: изъятие разрывает связность сети.",3,False,1,1,70000.0,84000.0,1,3,1.2,0.0,0.00037346,2.18e-05,0.0,4.038e-05,8,0,3,1,0.131,1.0,1.0,10.0,0,0,0,True,False,154000.0
100000003254277100,transit,0.464,0,0.2043,"Пропустил 91% полученного дальше: принял 49 тыс ₸ от 1 плательщика, отдал 45 тыс ₸ на 1 получателя, 100% ушло в первые 2 дня. Признаки транзита. Точка сочленения: изъятие разрывает связность сети.",3,False,1,1,49200.0,44997.0,1,1,0.9146,4203.0,0.00028834,1.922e-05,0.0,0.00290578,7,0,3,1,1.0,1.0,1.0,0.0,0,0,0,True,False,94197.0
100000005475379100,transit,0.339,9,0.2043,"Пропустил 75% полученного дальше: принял 108 тыс ₸ от 1 плательщика, отдал 81 тыс ₸ на 3 получателей. Признаки транзита. Точка сочленения: изъятие разрывает связность сети.",3,False,1,3,108370.0,81000.0,1,3,0.7474,27370.0,0.00042164,6.539e-05,0.0,4.038e-05,8,0,3,1,0.0,1.0,1.0,9.0,0,0,0,True,False,189370.0
100000001788284100,peripheral,0.6,26,0.2041,"Вход: 1 плательщика (8 тыс ₸), выход: 5 получателей (297 тыс ₸) — ни один порог роли не пройден. Деньги возвращаются отправителю: 1 встречный счёт. Точка сочленения: изъятие разрывает связность сети.",3,False,1,5,8000.0,296700.0,1,8,37.0875,0.0,0.00029938,5.944e-05,1.11e-06,2.5e-06,7,0,3,1,0.6502,1.0,1.0,12.0,1,2,1,True,False,304700.0
100000008430691100,peripheral,0.6,70,0.2041,"Вход: 1 плательщика (20 тыс ₸), выход: 2 получателей (605 тыс ₸) — ни один порог роли не пройден. Деньги возвращаются отправителю: 1 встречный счёт. Точка сочленения: изъятие разрывает связность сети.",3,False,1,2,20000.0,604900.0,1,2,30.245,0.0,0.00030698,1.962e-05,1.11e-06,1.012e-05,7,0,3,2,0.9669,1.0,1.0,7.0,1,2,1,True,False,624900.0
100000008169544100,peripheral,0.6,5,0.204,"Вход: 1 плательщика (137 тыс ₸), выход: 4 получателей (43 тыс ₸) — ни один порог роли не пройден. Деньги возвращаются отправителю: 1 встречный счёт. Точка сочленения: изъятие разрывает связность сети.",1,False,1,4,137104.0,42800.0,2,7,0.3122,94304.0,0.00030031,0.00011831,0.00013281,0.00029524,7,1,1,3,0.2874,1.0,1.0,8.0,4,2,1,True,False,179904.0
100000003237045100,peripheral,0.6,5,0.2039,"Вход: 1 плательщика (340 тыс ₸), выход: 1 получателя (150 тыс ₸) — ни один порог роли не пройден. Деньги возвращаются отправителю: 1 встречный счёт.",2,False,1,1,340200.0,150000.0,2,1,0.4409,190200.0,0.00039413,0.0,0.00012667,1.9e-07,7,0,2,1,0.0,1.0,1.0,-14.0,1,2,1,False,False,490200.0
100000008293431100,peripheral,0.6,0,0.2039,"Вход: 1 плательщика (15 тыс ₸), выход: 5 получателей (297 тыс ₸) — ни один порог роли не пройден. Деньги возвращаются отправителю: 1 встречный счёт. Точка сочленения: изъятие разрывает связность сети.",3,False,1,5,15000.0,297000.0,1,7,19.8,0.0,0.0002869,5.687e-05,0.00036692,0.00113194,7,0,3,3,0.0,1.0,2.0,-2.0,1,2,1,True,False,312000.0
100000004508696100,peripheral,0.6,40,0.2038,"Вход: 1 плательщика (7 тыс ₸), выход: 3 получателей (111 тыс ₸) — ни один порог роли не пройден. Деньги возвращаются отправителю: 1 встречный счёт. Точка сочленения: изъятие разрывает связность сети.",3,False,1,3,7000.0,111000.0,1,4,15.8571,0.0,0.00042253,3.923e-05,0.0,0.0,7,0,3,1,0.955,1.0,2.0,2.0,1,2,1,True,False,118000.0
100000003988112100,peripheral,0.6,20,0.2037,"Вход: 1 плательщика (92 тыс ₸), выход: 1 получателя (64 тыс ₸) — ни один порог роли не пройден. Деньги возвращаются отправителю: 1 встречный счёт.",2,False,1,1,92000.0,64000.0,2,5,0.6957,28000.0,0.00050455,0.0,0.00094337,1.88e-06,7,0,2,1,0.6875,1.0,1.0,1.0,1,2,1,False,False,156000.0
100000005546031100,terminal,0.792,45,0.2037,"Принял 67 тыс ₸ от 3 плательщиков и удержал 59 тыс ₸; обход на колене 1 не обрывался, значит отсутствие исходящих — поведение, а не артефакт. Деньги возвращаются отправителю: 1 встречный счёт.",1,False,3,1,66800.0,8000.0,6,1,0.1198,58800.0,0.00071253,5.9e-07,0.0,0.0,1,1,1,1,1.0,2.0,1.0,2.0,1,2,1,False,False,74800.0
100000004746397100,terminal,0.782,4,0.2036,"Принял 220 тыс ₸ от 1 плательщика и удержал 212 тыс ₸; обход на колене 3 не обрывался, значит отсутствие исходящих — поведение, а не артефакт. Входит в замкнутую цепочку из 6 узлов.",3,False,1,1,219520.0,7500.0,1,1,0.0342,212020.0,0.00029268,0.00066777,8.152e-05,0.00294017,7,0,3,2,0.0,1.0,1.0,-27.0,4,6,0,False,False,227020.0
100000008121806100,peripheral,0.6,3,0.2036,"Вход: 1 плательщика (67 тыс ₸), выход: 4 получателей (249 тыс ₸) — ни один порог роли не пройден. Входит в замкнутую цепочку из 4 узлов. Точка сочленения: изъятие разрывает связность сети.",3,False,1,4,67000.0,248509.0,1,6,3.7091,0.0,0.00030037,0.00078086,9.236e-05,0.00013028,7,0,3,3,0.342,1.0,2.0,9.0,12,4,0,True,False,315509.0
100000008137435100,peripheral,0.6,22,0.2036,"Вход: 2 плательщиков (94 тыс ₸), выход: 6 получателей (1.4 млн ₸) — ни один порог роли не пройден. Отдаёт в 15× больше видимых входящих: источник вне выгрузки. Входит в замкнутую цепочку из 3 узлов.",1,False,2,6,93906.0,1419700.0,2,7,15.1183,0.0,0.00031428,0.00029841,0.00493174,0.0027945,7,1,1,2,0.2944,2.0,2.0,26.0,14,3,0,True,False,1513606.0
100000005186131100,transit,0.456,0,0.2031,"Пропустил 100% полученного дальше: принял 10 тыс ₸ от 1 плательщика, отдал 10 тыс ₸ на 1 получателя, 100% ушло в первые 2 дня. Признаки транзита. Точка сочленения: изъятие разрывает связность сети.",3,False,1,1,10000.0,10000.0,1,1,1.0,0.0,0.00028613,1.922e-05,0.0,0.00290578,7,0,3,1,1.0,1.0,1.0,0.0,0,0,0,True,False,20000.0
100000008473207100,terminal,0.779,2,0.2029,"Принял 202 тыс ₸ от 1 плательщика и удержал 202 тыс ₸; обход на колене 2 не обрывался, значит отсутствие исходящих — поведение, а не артефакт.",2,False,1,0,202000.0,0.0,4,0,0.0,202000.0,0.00055621,0.0,0.0,0.0,11,0,2,1,0.0,1.0,0.0,0.0,0,0,0,False,False,202000.0
100000004770073100,transit,0.453,0,0.2028,"Пропустил 100% полученного дальше: принял 5 тыс ₸ от 1 плательщика, отдал 5 тыс ₸ на 1 получателя, 100% ушло в первые 2 дня. Признаки транзита. Точка сочленения: изъятие разрывает связность сети.",3,False,1,1,5462.4,5466.97,1,1,1.0008,0.0,0.00028781,1.922e-05,0.0,0.00064282,7,0,3,1,1.0,1.0,1.0,0.0,0,0,0,True,False,10929.37
100000005268319100,peripheral,0.6,0,0.2028,"Вход: 1 плательщика (20 тыс ₸), выход: 5 получателей (91 тыс ₸) — ни один порог роли не пройден. Деньги возвращаются отправителю: 1 встречный счёт. Точка сочленения: изъятие разрывает связность сети.",3,False,1,5,19712.8,91000.0,2,10,4.6163,0.0,0.00029364,4.047e-05,0.00029802,0.00064282,7,0,3,2,0.2637,1.0,1.0,24.0,1,2,1,True,False,110712.8
100000006225798100,terminal,0.907,15,0.2028,"Принял 722 тыс ₸ от 3 плательщиков и удержал 696 тыс ₸; обход на колене 3 не обрывался, значит отсутствие исходящих — поведение, а не артефакт. Точка сочленения: изъятие разрывает связность сети.",3,False,3,2,722000.0,26300.0,4,2,0.0364,695700.0,0.00035997,3.844e-05,0.0,0.0060793,7,0,3,3,0.0,1.0,2.0,-3.0,0,0,0,True,False,748300.0
100000005756189100,transit,0.446,4,0.2026,"Пропустил 75% полученного дальше: принял 65 тыс ₸ от 1 плательщика, отдал 49 тыс ₸ на 1 получателя, 100% ушло в первые 2 дня. Признаки транзита. Точка сочленения: изъятие разрывает связность сети.",3,False,1,1,65000.0,49050.0,1,1,0.7546,15950.0,0.00028768,1.922e-05,0.0,0.00294017,7,0,3,1,1.0,1.0,1.0,0.0,0,0,0,True,False,114050.0
100000004475818100,peripheral,0.6,4,0.2025,"Вход: 1 плательщика (13 тыс ₸), выход: 3 получателей (54 тыс ₸) — ни один порог роли не пройден. Деньги возвращаются отправителю: 1 встречный счёт.",3,False,1,3,13000.0,53989.0,1,3,4.153,0.0,0.00030981,6.94e-05,0.0002595,0.00010694,7,0,3,2,1.0,1.0,2.0,1.0,1,2,1,False,False,66989.0
100000001439416100,peripheral,0.6,0,0.2023,"Вход: 1 плательщика (10 тыс ₸), выход: 2 получателей (165 тыс ₸) — ни один порог роли не пройден. Деньги возвращаются отправителю: 1 встречный счёт. Точка сочленения: изъятие разрывает связность сети.",3,False,1,2,10000.0,165000.0,1,3,16.5,0.0,0.0003409,1.981e-05,0.00010279,2.35e-06,7,0,3,1,0.0,1.0,1.0,18.0,1,2,1,True,False,175000.0
100000001138283100,peripheral,0.6,3,0.2016,"Вход: 1 плательщика (82 тыс ₸), выход: 2 получателей (50 тыс ₸) — ни один порог роли не пройден. Деньги возвращаются отправителю: 1 встречный счёт. Точка сочленения: изъятие разрывает связность сети.",3,False,1,2,81805.0,50000.0,1,2,0.6112,31805.0,0.00030221,1.902e-05,0.00105429,0.00160441,7,0,3,1,0.8,1.0,1.0,0.0,1,2,1,True,False,131805.0
100000002939838100,terminal,0.903,5,0.2016,"Принял 571 тыс ₸ от 3 плательщиков и удержал 571 тыс ₸; обход на колене 1 не обрывался, значит отсутствие исходящих — поведение, а не артефакт.",1,False,3,0,571233.0,0.0,3,0,0.0,571233.0,0.00040003,0.0,0.0,0.00046899,10,1,1,2,0.0,1.0,0.0,0.0,0,0,0,False,False,571233.0
100000001924185100,terminal,0.802,9,0.2015,"Принял 151 тыс ₸ от 2 плательщиков и удержал 151 тыс ₸; обход на колене 1 не обрывался, значит отсутствие исходящих — поведение, а не артефакт.",1,False,2,0,151000.0,0.0,2,0,0.0,151000.0,0.00031022,0.0,0.0,0.00058397,11,2,1,2,0.0,1.0,0.0,0.0,0,0,0,False,False,151000.0
100000004467157100,peripheral,0.6,34,0.2015,"Вход: 1 плательщика (20 тыс ₸), выход: 1 получателя (7 тыс ₸) — ни один порог роли не пройден. Деньги возвращаются отправителю: 1 встречный счёт.",2,False,1,1,20000.0,7000.0,3,1,0.35,13000.0,0.00038656,0.0,0.0009307,0.0,7,0,2,1,0.0,1.0,1.0,16.0,1,2,1,False,False,27000.0
100000004629688100,peripheral,0.6,16,0.2015,"Вход: 1 плательщика (5 тыс ₸), выход: 1 получателя (15 тыс ₸) — ни один порог роли не пройден. Деньги возвращаются отправителю: 1 встречный счёт.",3,False,1,1,5000.0,15000.0,1,2,3.0,0.0,0.00038797,0.0,1.543e-05,0.0,7,0,3,1,0.0,1.0,1.0,3.0,1,2,1,False,False,20000.0
100000004765639100,peripheral,0.6,0,0.2015,"Вход: 1 плательщика (5 тыс ₸), выход: 2 получателей (11 тыс ₸) — ни один порог роли не пройден. Деньги возвращаются отправителю: 1 встречный счёт.",2,False,1,2,5000.0,11000.0,1,2,2.2,0.0,0.00036186,0.0,0.0009382,1.4e-07,7,0,2,1,0.5455,1.0,1.0,0.0,2,2,1,False,False,16000.0
100000002480800100,terminal,0.863,2,0.2014,"Принял 569 тыс ₸ от 2 плательщиков и удержал 569 тыс ₸; обход на колене 1 не обрывался, значит отсутствие исходящих — поведение, а не артефакт.",1,False,2,0,569251.0,0.0,2,0,0.0,569251.0,0.00064108,0.0,0.0,0.00046486,10,1,1,1,0.0,2.0,0.0,0.0,0,0,0,False,False,569251.0
100000004005964100,transit,0.333,23,0.2014,"Пропустил 74% полученного дальше: принял 98 тыс ₸ от 3 плательщиков, отдал 72 тыс ₸ на 3 получателей. Признаки транзита. Деньги возвращаются отправителю: 2 встречных счёта.",1,False,3,3,97900.0,72000.0,9,5,0.7354,25900.0,0.00040452,5e-07,0.0,0.0,1,1,1,1,0.0,1.0,2.0,13.0,16,2,2,False,False,169900.0
100000005037490100,peripheral,0.6,13,0.2014,"Вход: 1 плательщика (15 тыс ₸), выход: 2 получателей (30 тыс ₸) — ни один порог роли не пройден. Деньги возвращаются отправителю: 1 встречный счёт. Точка сочленения: изъятие разрывает связность сети.",3,False,1,2,15000.0,30000.0,1,3,2.0,0.0,0.0003232,1.942e-05,0.00022285,4e-08,7,0,3,1,0.4667,1.0,1.0,0.0,1,2,1,True,False,45000.0
100000004697956100,transit,0.342,6,0.2013,"Пропустил 100% полученного дальше: принял 10 тыс ₸ от 1 плательщика, отдал 10 тыс ₸ на 1 получателя. Признаки транзита. Деньги возвращаются отправителю: 1 встречный счёт.",3,False,1,1,10000.0,10000.0,1,1,1.0,0.0,0.00046812,0.0,1.242e-05,0.0,1,0,3,1,0.0,1.0,1.0,3.0,1,2,1,False,False,20000.0
100000000926766100,peripheral,0.6,26,0.2006,"Вход: 1 плательщика (19 тыс ₸), выход: 1 получателя (6 тыс ₸) — ни один порог роли не пройден. Деньги возвращаются отправителю: 1 встречный счёт.",3,False,1,1,18750.0,6000.0,1,1,0.32,12750.0,0.00031794,0.0,1e-08,2.5e-06,7,0,3,1,1.0,1.0,1.0,0.0,1,2,1,False,False,24750.0
100000003574895100,transit,0.424,0,0.2,"Пропустил 72% полученного дальше: принял 28 тыс ₸ от 1 плательщика, отдал 20 тыс ₸ на 1 получателя, 100% ушло в первые 2 дня. Признаки транзита. Точка сочленения: изъятие разрывает связность сети.",3,False,1,1,27968.0,20000.0,1,1,0.7151,7968.0,0.00028714,1.922e-05,0.0,0.00290578,7,0,3,1,1.0,1.0,1.0,0.0,0,0,0,True,False,47968.0
100000007197866100,transit,0.425,3,0.2,"Пропустил 75% полученного дальше: принял 20 тыс ₸ от 1 плательщика, отдал 15 тыс ₸ на 1 получателя, 100% ушло в первые 2 дня. Признаки транзита. Точка сочленения: изъятие разрывает связность сети.",3,False,1,1,20000.0,15000.0,1,1,0.75,5000.0,0.00028964,1.922e-05,0.0,0.00160441,7,0,3,1,1.0,1.0,1.0,0.0,0,0,0,True,False,35000.0
100000003035737100,terminal,0.87,4,0.1992,"Принял 809 тыс ₸ от 2 плательщиков и удержал 803 тыс ₸; обход на колене 3 не обрывался, значит отсутствие исходящих — поведение, а не артефакт. Точка сочленения: изъятие разрывает связность сети.",3,False,2,1,809170.0,6544.53,3,1,0.0081,802625.47,0.00037881,1.922e-05,0.0,0.00307045,7,0,3,2,0.0,1.0,1.0,9.0,0,0,0,True,False,815714.53
100000005077484100,terminal,0.761,29,0.1986,"Принял 150 тыс ₸ от 1 плательщика и удержал 136 тыс ₸; обход на колене 2 не обрывался, значит отсутствие исходящих — поведение, а не артефакт. Деньги возвращаются отправителю: 1 встречный счёт.",2,False,1,2,150000.0,13550.0,1,2,0.0903,136450.0,0.00053971,4e-07,0.0,0.0,1,0,2,1,0.5203,1.0,1.0,10.0,1,2,1,True,False,163550.0
100000003163886100,terminal,0.819,56,0.1983,"Принял 500 тыс ₸ от 1 плательщика и удержал 500 тыс ₸; обход на колене 3 не обрывался, значит отсутствие исходящих — поведение, а не артефакт.",3,False,1,0,500000.0,0.0,1,0,0.0,500000.0,0.00073384,0.0,0.0,3e-08,10,0,3,1,0.0,1.0,0.0,0.0,0,0,0,False,False,500000.0
100000001126374100,terminal,0.891,0,0.1982,"Принял 182 тыс ₸ от 4 плательщиков и удержал 153 тыс ₸; обход на колене 1 не обрывался, значит отсутствие исходящих — поведение, а не артефакт. Точка сочленения: изъятие разрывает связность сети.",1,False,4,2,182500.0,29200.0,7,4,0.16,153300.0,0.0003135,3.923e-05,0.0,0.00630231,7,1,1,2,0.0,1.0,2.0,27.0,0,0,0,True,False,211700.0
100000003178549100,peripheral,0.6,15,0.1972,"Вход: 2 плательщиков (250 тыс ₸), выход: 4 получателей (89 тыс ₸) — ни один порог роли не пройден. Входит в замкнутую цепочку из 3 узлов. Точка сочленения: изъятие разрывает связность сети.",3,False,2,4,250000.0,89080.0,2,4,0.3563,160920.0,0.00035216,0.00027212,0.00152259,0.0016231,7,0,3,4,0.0,1.0,2.0,-3.0,11,3,0,True,False,339080.0
100000002883402100,terminal,0.879,7,0.1966,"Принял 300 тыс ₸ от 3 плательщиков и удержал 300 тыс ₸; обход на колене 3 не обрывался, значит отсутствие исходящих — поведение, а не артефакт.",3,False,3,0,300000.0,0.0,3,0,0.0,300000.0,0.00030066,0.0,0.0,3.66e-06,10,0,3,3,0.0,1.0,0.0,0.0,0,0,0,False,False,300000.0
100000001279272100,peripheral,0.6,0,0.1962,"Вход: 1 плательщика (250 тыс ₸), выход: 2 получателей (137 тыс ₸) — ни один порог роли не пройден. Входит в замкнутую цепочку из 4 узлов. Точка сочленения: изъятие разрывает связность сети.",3,False,1,2,250000.0,136758.0,1,2,0.547,113242.0,0.00030774,0.0002992,9.775e-05,0.00113194,7,0,3,2,0.9506,1.0,1.0,4.0,11,4,0,True,False,386758.0
100000003899899100,terminal,0.822,5,0.1961,"Принял 218 тыс ₸ от 2 плательщиков и удержал 208 тыс ₸; обход на колене 3 не обрывался, значит отсутствие исходящих — поведение, а не артефакт. Точка сочленения: изъятие разрывает связность сети.",3,False,2,1,218500.0,10000.0,5,1,0.0458,208500.0,0.00065398,1.942e-05,0.0,5.299e-05,7,0,3,1,0.0,1.0,1.0,3.0,0,0,0,True,False,228500.0
100000006612238100,terminal,0.764,1,0.1957,"Принял 160 тыс ₸ от 1 плательщика и удержал 135 тыс ₸; обход на колене 2 не обрывался, значит отсутствие исходящих — поведение, а не артефакт. Деньги возвращаются отправителю: 1 встречный счёт.",2,False,1,1,160000.0,25000.0,1,1,0.1562,135000.0,0.00033991,0.0,0.0,0.0,1,0,2,1,1.0,1.0,1.0,0.0,1,2,1,False,False,185000.0
100000001527186100,terminal,0.826,2,0.1952,"Принял 678 тыс ₸ от 1 плательщика и удержал 678 тыс ₸; обход на колене 1 не обрывался, значит отсутствие исходящих — поведение, а не артефакт.",1,False,1,0,678000.0,0.0,2,0,0.0,678000.0,0.00042133,0.0,0.0,0.00046117,10,1,1,1,0.0,1.0,0.0,0.0,0,0,0,False,False,678000.0
100000002173161100,terminal,0.916,5,0.1952,"Принял 1.4 млн ₸ от 3 плательщиков и удержал 1.4 млн ₸; обход на колене 1 не обрывался, значит отсутствие исходящих — поведение, а не артефакт.",1,False,3,0,1427500.0,0.0,5,0,0.0,1427500.0,0.00043541,0.0,0.0,0.00030118,9,1,1,3,0.0,2.0,0.0,0.0,0,0,0,False,False,1427500.0
100000000291908100,terminal,0.797,51,0.1948,"Принял 296 тыс ₸ от 1 плательщика и удержал 282 тыс ₸; обход на колене 3 не обрывался, значит отсутствие исходящих — поведение, а не артефакт. Точка сочленения: изъятие разрывает связность сети.",3,False,1,1,295500.0,13300.0,5,1,0.045,282200.0,0.00070655,1.981e-05,0.0,0.0,7,0,3,1,0.0,1.0,1.0,4.0,0,0,0,True,False,308800.0
100000005432267100,terminal,0.844,2,0.1942,"Принял 350 тыс ₸ от 2 плательщиков и удержал 350 тыс ₸; обход на колене 1 не обрывался, значит отсутствие исходящих — поведение, а не артефакт.",1,False,2,0,350001.0,0.0,2,0,0.0,350001.0,0.00034233,0.0,0.0,0.00057483,10,1,1,2,0.0,2.0,0.0,0.0,0,0,0,False,False,350001.0
100000003366471100,terminal,0.841,3,0.194,"Принял 330 тыс ₸ от 2 плательщиков и удержал 310 тыс ₸; обход на колене 3 не обрывался, значит отсутствие исходящих — поведение, а не артефакт. Точка сочленения: изъятие разрывает связность сети.",3,False,2,1,329789.0,20000.0,5,1,0.0606,309789.0,0.00036049,1.922e-05,0.0,0.00274232,7,0,3,2,0.0,2.0,1.0,25.0,0,0,0,True,False,349789.0
100000002306369100,peripheral,0.6,2,0.1938,"Вход: 1 плательщика (73 тыс ₸), выход: 6 получателей (261 тыс ₸) — ни один порог роли не пройден. Входит в замкнутую цепочку из 4 узлов. Точка сочленения: изъятие разрывает связность сети.",1,False,1,6,73166.0,260900.0,1,9,3.5659,0.0,0.0002993,7.025e-05,0.00379576,0.00215168,7,1,1,3,0.0,1.0,2.0,23.0,81,4,0,True,False,334066.0
100000008556318100,terminal,0.81,2,0.1936,"Принял 180 тыс ₸ от 2 плательщиков и удержал 180 тыс ₸; обход на колене 1 не обрывался, значит отсутствие исходящих — поведение, а не артефакт.",1,False,2,0,180132.0,0.0,2,0,0.0,180132.0,0.0005605,0.0,0.0,0.00046486,10,1,1,1,0.0,1.0,0.0,0.0,0,0,0,False,False,180132.0
100000000552584100,terminal,0.839,24,0.1935,"Принял 2.5 млн ₸ от 1 плательщика и удержал 2.4 млн ₸; обход на колене 3 не обрывался, значит отсутствие исходящих — поведение, а не артефакт. Входит в замкнутую цепочку из 3 узлов.",3,False,1,1,2500000.0,57500.0,3,1,0.023,2442500.0,0.00132544,0.0,0.0,0.0,2,0,3,1,0.0,1.0,1.0,4.0,2,3,0,False,False,2557500.0
100000000656682100,transit,0.35,0,0.1933,"Пропустил 113% полученного дальше: принял 71 тыс ₸ от 1 плательщика, отдал 80 тыс ₸ на 2 получателей. Признаки транзита. Точка сочленения: изъятие разрывает связность сети.",3,False,1,2,71000.0,80000.0,1,3,1.1268,0.0,0.00028957,3.844e-05,0.0,0.00290578,7,0,3,1,0.0,1.0,1.0,6.0,0,0,0,True,False,151000.0
100000004539443100,terminal,0.747,2,0.1933,"Принял 62 тыс ₸ от 2 плательщиков и удержал 62 тыс ₸; обход на колене 3 не обрывался, значит отсутствие исходящих — поведение, а не артефакт.",3,False,2,0,61990.0,0.0,2,0,0.0,61990.0,0.00095618,0.0,0.0,0.0,10,0,3,1,0.0,2.0,0.0,0.0,0,0,0,False,False,61990.0
100000004666651100,terminal,0.812,64,0.1933,"Принял 429 тыс ₸ от 1 плательщика и удержал 429 тыс ₸; обход на колене 2 не обрывался, значит отсутствие исходящих — поведение, а не артефакт.",2,False,1,0,429250.0,0.0,1,0,0.0,429250.0,0.00045754,0.0,0.0,0.0,10,0,2,1,0.0,1.0,0.0,0.0,0,0,0,False,False,429250.0
100000003270419100,terminal,0.761,13,0.1929,"Принял 150 тыс ₸ от 1 плательщика и удержал 150 тыс ₸; обход на колене 3 не обрывался, значит отсутствие исходящих — поведение, а не артефакт.",3,False,1,0,150000.0,0.0,1,0,0.0,150000.0,0.00083348,0.0,0.0,0.0,10,0,3,1,0.0,1.0,0.0,0.0,0,0,0,False,False,150000.0
100000002565277100,terminal,0.816,2,0.1928,"Принял 483 тыс ₸ от 1 плательщика и удержал 483 тыс ₸; обход на колене 1 не обрывался, значит отсутствие исходящих — поведение, а не артефакт.",1,False,1,0,483319.0,0.0,1,0,0.0,483319.0,0.00038235,0.0,0.0,0.00046117,10,1,1,1,0.0,1.0,0.0,0.0,0,0,0,False,False,483319.0
100000008427027100,terminal,0.799,2,0.1928,"Принял 300 тыс ₸ от 1 плательщика и удержал 300 тыс ₸; обход на колене 3 не обрывался, значит отсутствие исходящих — поведение, а не артефакт.",3,False,1,0,300000.0,0.0,1,0,0.0,300000.0,0.00055126,0.0,0.0,3.72e-06,10,0,3,1,0.0,1.0,0.0,0.0,0,0,0,False,False,300000.0
100000003968044100,peripheral,0.6,3,0.1927,"Вход: 1 плательщика (40 тыс ₸), выход: 3 получателей (311 тыс ₸) — ни один порог роли не пройден. Входит в замкнутую цепочку из 4 узлов. Точка сочленения: изъятие разрывает связность сети.",3,False,1,3,40000.0,311000.0,1,4,7.775,0.0,0.000296,6.562e-05,0.00145797,0.00113791,7,0,3,3,0.0,1.0,1.0,21.0,43,4,0,True,False,351000.0
100000004689658100,terminal,0.815,3,0.1924,"Принял 456 тыс ₸ от 1 плательщика и удержал 449 тыс ₸; обход на колене 3 не обрывался, значит отсутствие исходящих — поведение, а не артефакт. Точка сочленения: изъятие разрывает связность сети.",3,False,1,1,456100.0,7092.0,1,1,0.0155,449008.0,0.00038632,1.922e-05,0.0,0.00013028,7,0,3,1,0.0,1.0,1.0,-1.0,0,0,0,True,False,463192.0
100000008566737100,terminal,0.824,0,0.192,"Принял 230 тыс ₸ от 2 плательщиков и удержал 230 тыс ₸; обход на колене 1 не обрывался, значит отсутствие исходящих — поведение, а не артефакт.",1,False,2,0,230000.0,0.0,2,0,0.0,230000.0,0.00034946,0.0,0.0,0.00062222,10,1,1,2,0.0,2.0,0.0,0.0,0,0,0,False,False,230000.0
100000003254723100,terminal,0.793,2,0.1919,"Принял 270 тыс ₸ от 1 плательщика и удержал 270 тыс ₸; обход на колене 2 не обрывался, значит отсутствие исходящих — поведение, а не артефакт.",2,False,1,0,269850.0,0.0,6,0,0.0,269850.0,0.00053004,0.0,0.0,0.0,10,0,2,1,0.0,1.0,0.0,0.0,0,0,0,False,False,269850.0
100000006852430100,terminal,0.668,9,0.1919,"Принял 37 тыс ₸ от 1 плательщика и удержал 37 тыс ₸; обход на колене 2 не обрывался, значит отсутствие исходящих — поведение, а не артефакт.",2,False,1,0,37000.0,0.0,1,0,0.0,37000.0,0.0005362,0.0,0.0,0.0,11,0,2,1,0.0,1.0,0.0,0.0,0,0,0,False,False,37000.0
100000004451012100,transit,0.329,17,0.1918,"Пропустил 72% полученного дальше: принял 91 тыс ₸ от 1 плательщика, отдал 66 тыс ₸ на 3 получателей. Признаки транзита. Точка сочленения: изъятие разрывает связность сети.",3,False,1,3,91245.0,65740.0,1,3,0.7205,25505.0,0.00030117,5.766e-05,0.0,8.448e-05,7,0,3,1,0.0,1.0,3.0,-20.0,0,0,0,True,False,156985.0
100000003104347100,terminal,0.811,22,0.1917,"Принял 418 тыс ₸ от 1 плательщика и удержал 386 тыс ₸; обход на колене 2 не обрывался, значит отсутствие исходящих — поведение, а не артефакт. Точка сочленения: изъятие разрывает связность сети.",2,False,1,1,418000.0,32000.0,1,1,0.0766,386000.0,0.00036432,1.922e-05,0.0,9.191e-05,7,0,2,1,0.0,1.0,1.0,21.0,0,0,0,True,False,450000.0
100000002188829100,terminal,0.81,2,0.1916,"Принял 400 тыс ₸ от 1 плательщика и удержал 400 тыс ₸; обход на колене 1 не обрывался, значит отсутствие исходящих — поведение, а не артефакт.",1,False,1,0,400000.0,0.0,1,0,0.0,400000.0,0.00036566,0.0,0.0,0.00046117,10,1,1,1,0.0,1.0,0.0,0.0,0,0,0,False,False,400000.0
100000002369874100,terminal,0.944,7,0.1916,"Принял 600 тыс ₸ от 4 плательщиков и удержал 600 тыс ₸; обход на колене 3 не обрывался, значит отсутствие исходящих — поведение, а не артефакт.",3,False,4,0,600000.0,0.0,4,0,0.0,600000.0,0.00033735,0.0,0.0,8.24e-06,9,0,3,2,0.0,4.0,0.0,0.0,0,0,0,False,False,600000.0
100000003157679100,terminal,0.941,7,0.1916,"Принял 541 тыс ₸ от 4 плательщиков и удержал 541 тыс ₸; обход на колене 3 не обрывался, значит отсутствие исходящих — поведение, а не артефакт.",3,False,4,0,541000.0,0.0,4,0,0.0,541000.0,0.00037285,0.0,0.0,1.96e-06,9,0,3,2,0.0,2.0,0.0,0.0,0,0,0,False,False,541000.0
100000004217419100,terminal,0.788,3,0.1916,"Принял 118 тыс ₸ от 2 плательщиков и удержал 110 тыс ₸; обход на колене 3 не обрывался, значит отсутствие исходящих — поведение, а не артефакт. Точка сочленения: изъятие разрывает связность сети.",3,False,2,1,118200.0,7700.0,3,1,0.0651,110500.0,0.00058418,1.942e-05,0.0,0.00161724,7,0,3,2,0.0,1.0,1.0,3.0,0,0,0,True,False,125900.0
100000002448088100,transit,0.312,21,0.1915,"Пропустил 125% полученного дальше: принял 20 тыс ₸ от 3 плательщиков, отдал 25 тыс ₸ на 1 получателя. Признаки транзита. Точка сочленения: изъятие разрывает связность сети.",3,False,3,1,20000.0,25000.0,3,1,1.25,0.0,0.00050866,2.081e-05,0.0,0.0,7,0,3,2,0.0,2.0,1.0,5.0,0,0,0,True,False,45000.0
100000004959752100,terminal,0.627,2,0.1915,"Принял 22 тыс ₸ от 1 плательщика и удержал 22 тыс ₸; обход на колене 3 не обрывался, значит отсутствие исходящих — поведение, а не артефакт.",3,False,1,0,22200.0,0.0,1,0,0.0,22200.0,0.00078487,0.0,0.0,0.0,11,0,3,1,0.0,1.0,0.0,0.0,0,0,0,False,False,22200.0
100000006020215100,transit,0.333,13,0.1915,"Пропустил 113% полученного дальше: принял 30 тыс ₸ от 1 плательщика, отдал 34 тыс ₸ на 2 получателей. Признаки транзита. Точка сочленения: изъятие разрывает связность сети.",3,False,1,2,30000.0,33800.0,1,2,1.1267,0.0,0.00029667,6.056e-05,0.0,0.00025946,7,0,3,2,0.0,1.0,1.0,13.0,0,0,0,True,False,63800.0
100000002679516100,terminal,0.821,11,0.1911,"Принял 102 тыс ₸ от 3 плательщиков и удержал 102 тыс ₸; обход на колене 1 не обрывался, значит отсутствие исходящих — поведение, а не артефакт.",1,False,3,0,102335.0,0.0,3,0,0.0,102335.0,0.00032683,0.0,0.0,0.00015524,10,1,1,2,0.0,1.0,0.0,0.0,0,0,0,False,False,102335.0
100000007229557100,terminal,0.911,18,0.1911,"Принял 878 тыс ₸ от 3 плательщиков и удержал 878 тыс ₸; обход на колене 3 не обрывался, значит отсутствие исходящих — поведение, а не артефакт.",3,False,3,0,878000.0,0.0,3,0,0.0,878000.0,0.00039421,0.0,0.0,4.87e-06,9,0,3,2,0.0,3.0,0.0,0.0,0,0,0,False,False,878000.0
100000000806727100,terminal,0.681,2,0.1908,"Принял 45 тыс ₸ от 1 плательщика и удержал 40 тыс ₸; обход на колене 2 не обрывался, значит отсутствие исходящих — поведение, а не артефакт.",2,False,1,1,45000.0,5000.0,1,1,0.1111,40000.0,0.00034586,0.0,0.0,0.0,11,0,2,1,0.0,1.0,1.0,21.0,0,0,0,False,False,50000.0
100000003131693100,terminal,0.804,2,0.1907,"Принял 353 тыс ₸ от 1 плательщика и удержал 353 тыс ₸; обход на колене 1 не обрывался, значит отсутствие исходящих — поведение, а не артефакт.",1,False,1,0,353277.0,0.0,1,0,0.0,353277.0,0.00035631,0.0,0.0,0.00046117,10,1,1,1,0.0,1.0,0.0,0.0,0,0,0,False,False,353277.0
100000004737477100,transit,0.33,0,0.1907,"Пропустил 82% полученного дальше: принял 50 тыс ₸ от 2 плательщиков, отдал 40 тыс ₸ на 1 получателя. Признаки транзита. Точка сочленения: изъятие разрывает связность сети.",1,False,2,1,49598.0,40500.0,3,3,0.8166,9098.0,0.00029232,1.922e-05,0.0,0.00505746,7,1,1,1,0.0,1.0,1.0,5.0,0,0,0,True,False,90098.0
100000002956769100,terminal,0.91,12,0.1906,"Принял 840 тыс ₸ от 3 плательщиков и удержал 840 тыс ₸; обход на колене 3 не обрывался, значит отсутствие исходящих — поведение, а не артефакт.",3,False,3,0,840000.0,0.0,3,0,0.0,840000.0,0.00038478,0.0,0.0,3.26e-06,9,0,3,2,0.0,3.0,0.0,0.0,0,0,0,False,False,840000.0
100000008747113100,terminal,0.816,4,0.1905,"Принял 198 тыс ₸ от 2 плательщиков и удержал 198 тыс ₸; обход на колене 1 не обрывался, значит отсутствие исходящих — поведение, а не артефакт.",1,False,2,0,197801.0,0.0,2,0,0.0,197801.0,0.00030752,0.0,0.0,0.00340134,10,1,1,2,0.0,2.0,0.0,0.0,0,0,0,False,False,197801.0
100000003134934100,terminal,0.927,0,0.1904,"Принял 379 тыс ₸ от 4 плательщиков и удержал 379 тыс ₸; обход на колене 2 не обрывался, значит отсутствие исходящих — поведение, а не артефакт.",2,False,4,0,379354.0,0.0,4,0,0.0,379354.0,0.00042448,0.0,0.0,0.00199271,9,0,2,4,0.0,2.0,0.0,0.0,0,0,0,False,False,379354.0
100000002793881100,terminal,0.909,7,0.1901,"Принял 786 тыс ₸ от 3 плательщиков и удержал 786 тыс ₸; обход на колене 3 не обрывался, значит отсутствие исходящих — поведение, а не артефакт.",3,False,3,0,785600.0,0.0,3,0,0.0,785600.0,0.00037508,0.0,0.0,5.28e-06,9,0,3,1,0.0,3.0,0.0,0.0,0,0,0,False,False,785600.0
100000002991079100,terminal,0.799,5,0.19,"Принял 149 тыс ₸ от 2 плательщиков и удержал 138 тыс ₸; обход на колене 1 не обрывался, значит отсутствие исходящих — поведение, а не артефакт. Точка сочленения: изъятие разрывает связность сети.",1,False,2,1,148900.0,11000.0,3,1,0.0739,137900.0,0.00039517,1.981e-05,0.0,0.00030537,7,1,1,1,1.0,1.0,1.0,0.0,0,0,0,True,False,159900.0
100000007181706100,terminal,0.809,2,0.19,"Принял 176 тыс ₸ от 2 плательщиков и удержал 176 тыс ₸; обход на колене 1 не обрывался, значит отсутствие исходящих — поведение, а не артефакт.",1,False,2,0,176272.0,0.0,2,0,0.0,176272.0,0.00031907,0.0,0.0,0.00336695,10,1,1,2,0.0,2.0,0.0,0.0,0,0,0,False,False,176272.0
100000003163256100,transit,0.328,5,0.1899,"Пропустил 111% полученного дальше: принял 13 тыс ₸ от 1 плательщика, отдал 15 тыс ₸ на 1 получателя. Признаки транзита. Точка сочленения: изъятие разрывает связность сети.",1,False,1,1,13485.0,15000.0,1,1,1.1123,0.0,0.00028702,1.922e-05,0.0,0.00029524,7,1,1,1,0.0,1.0,1.0,-5.0,0,0,0,True,False,28485.0
100000004226848100,terminal,0.799,2,0.1899,"Принял 302 тыс ₸ от 1 плательщика и удержал 302 тыс ₸; обход на колене 1 не обрывался, значит отсутствие исходящих — поведение, а не артефакт.",1,False,1,0,301866.0,0.0,1,0,0.0,301866.0,0.00034601,0.0,0.0,0.00046117,10,1,1,1,0.0,1.0,0.0,0.0,0,0,0,False,False,301866.0
100000004676985100,transit,0.327,0,0.1899,"Пропустил 84% полученного дальше: принял 32 тыс ₸ от 1 плательщика, отдал 27 тыс ₸ на 1 получателя. Признаки транзита. Точка сочленения: изъятие разрывает связность сети.",3,False,1,1,32260.0,27102.0,1,1,0.8401,5158.0,0.00028739,1.922e-05,0.0,0.00290578,7,0,3,1,0.0,1.0,1.0,3.0,0,0,0,True,False,59362.0
100000004726132100,terminal,0.803,0,0.1899,"Принял 349 тыс ₸ от 1 плательщика и удержал 325 тыс ₸; обход на колене 3 не обрывался, значит отсутствие исходящих — поведение, а не артефакт. Точка сочленения: изъятие разрывает связность сети.",3,False,1,1,349000.0,24000.0,1,2,0.0688,325000.0,0.00031652,1.922e-05,0.0,0.00113194,7,0,3,1,0.0,1.0,1.0,7.0,0,0,0,True,False,373000.0
100000001384826100,terminal,0.805,4,0.1898,"Принял 364 тыс ₸ от 1 плательщика и удержал 354 тыс ₸; обход на колене 3 не обрывался, значит отсутствие исходящих — поведение, а не артефакт. Точка сочленения: изъятие разрывает связность сети.",3,False,1,1,364260.0,10000.0,1,1,0.0275,354260.0,0.00029737,1.922e-05,0.0,0.00294017,7,0,3,1,0.0,1.0,1.0,12.0,0,0,0,True,False,374260.0
100000002356167100,terminal,0.799,4,0.1898,"Принял 300 тыс ₸ от 1 плательщика и удержал 270 тыс ₸; обход на колене 3 не обрывался, значит отсутствие исходящих — поведение, а не артефакт. Точка сочленения: изъятие разрывает связность сети.",3,False,1,2,300000.0,29500.0,1,3,0.0983,270500.0,0.00029529,3.844e-05,0.0,0.00294017,7,0,3,1,0.1864,1.0,1.0,10.0,0,0,0,True,False,329500.0
100000004816564100,terminal,0.796,16,0.1898,"Принял 285 тыс ₸ от 1 плательщика и удержал 280 тыс ₸; обход на колене 2 не обрывался, значит отсутствие исходящих — поведение, а не артефакт. Точка сочленения: изъятие разрывает связность сети.",2,False,1,1,285480.0,5000.0,1,1,0.0175,280480.0,0.00037639,1.922e-05,0.0,3.568e-05,7,0,2,1,1.0,1.0,1.0,1.0,0,0,0,True,False,290480.0
100000005778283100,terminal,0.905,6,0.1898,"Принял 616 тыс ₸ от 3 плательщиков и удержал 616 тыс ₸; обход на колене 1 не обрывался, значит отсутствие исходящих — поведение, а не артефакт.",1,False,3,0,615760.0,0.0,3,0,0.0,615760.0,0.00043758,0.0,0.0,0.00011358,9,2,1,1,0.0,1.0,0.0,0.0,0,0,0,False,False,615760.0
100000000534581100,transit,0.317,3,0.1895,"Пропустил 71% полученного дальше: принял 56 тыс ₸ от 2 плательщиков, отдал 40 тыс ₸ на 1 получателя. Признаки транзита. Точка сочленения: изъятие разрывает связность сети.",3,False,2,1,55960.0,40000.0,2,1,0.7148,15960.0,0.00029845,1.922e-05,0.0,0.00186387,7,0,3,2,0.0,1.0,1.0,5.0,0,0,0,True,False,95960.0
100000000764836100,terminal,0.79,3,0.1895,"Принял 252 тыс ₸ от 1 плательщика и удержал 202 тыс ₸; обход на колене 3 не обрывался, значит отсутствие исходящих — поведение, а не артефакт. Точка сочленения: изъятие разрывает связность сети.",3,False,1,2,251716.0,50000.0,1,2,0.1986,201716.0,0.00033678,3.844e-05,0.0,0.00160441,7,0,3,1,0.5,1.0,1.0,0.0,0,0,0,True,False,301716.0
100000008088082100,transit,0.316,13,0.1891,"Пропустил 128% полученного дальше: принял 39 тыс ₸ от 1 плательщика, отдал 50 тыс ₸ на 1 получателя. Признаки транзита. Точка сочленения: изъятие разрывает связность сети.",3,False,1,1,39138.0,50000.0,1,1,1.2775,0.0,0.00030006,1.922e-05,0.0,0.00025946,7,0,3,1,0.0,1.0,1.0,20.0,0,0,0,True,False,89138.0
100000001875239100,terminal,0.907,7,0.1889,"Принял 712 тыс ₸ от 3 плательщиков и удержал 712 тыс ₸; обход на колене 3 не обрывался, значит отсутствие исходящих — поведение, а не артефакт.",3,False,3,0,712000.0,0.0,3,0,0.0,712000.0,0.00033398,0.0,0.0,5.45e-06,9,0,3,2,0.0,3.0,0.0,0.0,0,0,0,False,False,712000.0
100000004004621100,terminal,0.799,13,0.1888,"Принял 75 тыс ₸ от 3 плательщиков и удержал 75 тыс ₸; обход на колене 1 не обрывался, значит отсутствие исходящих — поведение, а не артефакт.",1,False,3,0,75389.0,0.0,3,0,0.0,75389.0,0.00030077,0.0,0.0,0.0036608,10,1,1,3,0.0,2.0,0.0,0.0,0,0,0,False,False,75389.0
100000002984403100,transit,0.312,26,0.1887,"Пропустил 125% полученного дальше: принял 20 тыс ₸ от 1 плательщика, отдал 25 тыс ₸ на 1 получателя. Признаки транзита. Точка сочленения: изъятие разрывает связность сети.",3,False,1,1,20000.0,25000.0,1,1,1.25,0.0,0.0003201,2.001e-05,0.0,2.5e-06,7,0,3,1,0.0,1.0,1.0,-5.0,0,0,0,True,False,45000.0
100000006492770100,terminal,0.793,0,0.1884,"Принял 269 тыс ₸ от 1 плательщика и удержал 249 тыс ₸; обход на колене 3 не обрывался, значит отсутствие исходящих — поведение, а не артефакт. Точка сочленения: изъятие разрывает связность сети.",3,False,1,1,269000.0,20000.0,1,1,0.0743,249000.0,0.00030072,1.922e-05,0.0,0.00290578,7,0,3,1,1.0,1.0,1.0,1.0,0,0,0,True,False,289000.0
100000002945626100,terminal,0.903,7,0.1879,"Принял 584 тыс ₸ от 3 плательщиков и удержал 584 тыс ₸; обход на колене 3 не обрывался, значит отсутствие исходящих — поведение, а не артефакт.",3,False,3,0,584000.0,0.0,3,0,0.0,584000.0,0.00033776,0.0,0.0,4.85e-06,9,0,3,2,0.0,2.0,0.0,0.0,0,0,0,False,False,584000.0
100000002605548100,terminal,0.787,9,0.1878,"Принял 117 тыс ₸ от 2 плательщиков и удержал 117 тыс ₸; обход на колене 1 не обрывался, значит отсутствие исходящих — поведение, а не артефакт.",1,False,2,0,116695.0,0.0,2,0,0.0,116695.0,0.00031432,0.0,0.0,0.00012509,10,1,1,2,0.0,1.0,0.0,0.0,0,0,0,False,False,116695.0
100000002443664100,terminal,0.902,12,0.1877,"Принял 557 тыс ₸ от 3 плательщиков и удержал 557 тыс ₸; обход на колене 2 не обрывался, значит отсутствие исходящих — поведение, а не артефакт.",2,False,3,0,556880.0,0.0,3,0,0.0,556880.0,0.00033877,0.0,0.0,1.07e-06,9,0,2,3,0.0,3.0,0.0,0.0,0,0,0,False,False,556880.0
100000005664632100,terminal,0.776,64,0.1877,"Принял 199 тыс ₸ от 1 плательщика и удержал 199 тыс ₸; обход на колене 2 не обрывался, значит отсутствие исходящих — поведение, а не артефакт.",2,False,1,0,198620.0,0.0,18,0,0.0,198620.0,0.00036514,0.0,0.0,0.0,10,0,2,1,0.0,1.0,0.0,0.0,0,0,0,False,False,198620.0
100000001229743100,transit,0.302,0,0.1872,"Пропустил 129% полученного дальше: принял 7 тыс ₸ от 1 плательщика, отдал 9 тыс ₸ на 1 получателя. Признаки транзита. Точка сочленения: изъятие разрывает связность сети.",3,False,1,1,7000.0,9000.0,1,1,1.2857,0.0,0.00028844,1.922e-05,0.0,0.00064282,7,0,3,1,0.0,1.0,1.0,6.0,0,0,0,True,False,16000.0
100000004904960100,terminal,0.7,0,0.1867,"Принял 32 тыс ₸ от 2 плательщиков и удержал 32 тыс ₸; обход на колене 2 не обрывался, значит отсутствие исходящих — поведение, а не артефакт.",2,False,2,0,32000.0,0.0,2,0,0.0,32000.0,0.00077792,0.0,0.0,0.0,10,0,2,1,0.0,1.0,0.0,0.0,0,0,0,False,False,32000.0
100000008223661100,transit,0.408,10,0.1867,"Пропустил 130% полученного дальше: принял 202 тыс ₸ от 2 плательщиков, отдал 263 тыс ₸ на 5 получателей, 19% ушло в первые 2 дня. Признаки транзита.",3,False,2,5,202000.0,262580.0,2,5,1.2999,0.0,0.00031467,0.00032542,0.00134729,2.34e-06,8,0,3,4,0.1875,2.0,1.0,5.0,0,0,0,False,False,464580.0
100000001641951100,terminal,0.64,2,0.1864,"Принял 25 тыс ₸ от 1 плательщика и удержал 25 тыс ₸; обход на колене 2 не обрывался, значит отсутствие исходящих — поведение, а не артефакт.",2,False,1,0,25000.0,0.0,4,0,0.0,25000.0,0.00031906,0.0,0.0,0.0,11,0,2,1,0.0,1.0,0.0,0.0,0,0,0,False,False,25000.0
100000002559089100,terminal,0.867,12,0.1862,"Принял 715 тыс ₸ от 2 плательщиков и удержал 715 тыс ₸; обход на колене 3 не обрывался, значит отсутствие исходящих — поведение, а не артефакт.",3,False,2,0,715000.0,0.0,2,0,0.0,715000.0,0.00039243,0.0,0.0,2.8e-06,9,0,3,2,0.0,2.0,0.0,0.0,0,0,0,False,False,715000.0
100000001102676100,transit,0.478,2,0.1859,"Пропустил 100% полученного дальше: принял 50 тыс ₸ от 1 плательщика, отдал 50 тыс ₸ на 1 получателя, 100% ушло в первые 2 дня. Признаки транзита.",2,False,1,1,50000.0,50000.0,1,1,1.0,0.0,0.00031303,2.398e-05,0.00057618,0.0,8,0,2,1,1.0,1.0,1.0,0.0,0,0,0,False,False,100000.0
100000001641789100,terminal,0.609,6,0.1859,"Принял 18 тыс ₸ от 1 плательщика и удержал 18 тыс ₸; обход на колене 1 не обрывался, значит отсутствие исходящих — поведение, а не артефакт.",1,False,1,0,17826.0,0.0,1,0,0.0,17826.0,0.00048958,0.0,0.0,4.1e-07,11,1,1,1,0.0,1.0,0.0,0.0,0,0,0,False,False,17826.0
100000002621949100,terminal,0.765,2,0.1859,"Принял 165 тыс ₸ от 1 плательщика и удержал 165 тыс ₸; обход на колене 1 не обрывался, значит отсутствие исходящих — поведение, а не артефакт.",1,False,1,0,164612.0,0.0,1,0,0.0,164612.0,0.00031853,0.0,0.0,0.00046117,10,1,1,1,0.0,1.0,0.0,0.0,0,0,0,False,False,164612.0
100000000041368100,terminal,0.764,2,0.1858,"Принял 160 тыс ₸ от 1 плательщика и удержал 160 тыс ₸; обход на колене 1 не обрывался, значит отсутствие исходящих — поведение, а не артефакт.",1,False,1,0,160000.0,0.0,1,0,0.0,160000.0,0.00031761,0.0,0.0,0.00046117,10,1,1,1,0.0,1.0,0.0,0.0,0,0,0,False,False,160000.0
100000006446271100,terminal,0.762,2,0.1856,"Принял 80 тыс ₸ от 2 плательщиков и удержал 80 тыс ₸; обход на колене 1 не обрывался, значит отсутствие исходящих — поведение, а не артефакт.",1,False,2,0,80000.0,0.0,2,0,0.0,80000.0,0.00031391,0.0,0.0,0.00060394,10,1,1,1,0.0,2.0,0.0,0.0,0,0,0,False,False,80000.0
100000005317181100,terminal,0.757,0,0.1851,"Принял 141 тыс ₸ от 1 плательщика и удержал 127 тыс ₸; обход на колене 3 не обрывался, значит отсутствие исходящих — поведение, а не артефакт. Точка сочленения: изъятие разрывает связность сети.",3,False,1,1,141250.0,14500.0,1,1,0.1027,126750.0,0.00032242,1.922e-05,0.0,0.00113791,7,0,3,1,0.0,1.0,1.0,-11.0,0,0,0,True,False,155750.0
100000000810551100,terminal,0.74,2,0.185,"Принял 100 тыс ₸ от 1 плательщика и удержал 93 тыс ₸; обход на колене 1 не обрывался, значит отсутствие исходящих — поведение, а не артефакт.",1,False,1,1,100000.0,7100.0,1,1,0.071,92900.0,0.00030559,7.77e-05,0.0,0.00046117,10,1,1,2,0.0,1.0,1.0,-2.0,0,0,0,False,False,107100.0
100000001373265100,terminal,0.758,3,0.185,"Принял 142 тыс ₸ от 1 плательщика и удержал 137 тыс ₸; обход на колене 3 не обрывался, значит отсутствие исходящих — поведение, а не артефакт. Точка сочленения: изъятие разрывает связность сети.",3,False,1,1,142482.0,5000.0,1,1,0.0351,137482.0,0.00031456,1.922e-05,0.0,0.00160441,7,0,3,1,0.0,1.0,1.0,-7.0,0,0,0,True,False,147482.0
100000003152964100,terminal,0.758,3,0.185,"Принял 142 тыс ₸ от 1 плательщика и удержал 136 тыс ₸; обход на колене 3 не обрывался, значит отсутствие исходящих — поведение, а не артефакт. Точка сочленения: изъятие разрывает связность сети.",3,False,1,1,141847.0,5500.0,1,1,0.0388,136347.0,0.00031443,1.922e-05,0.0,0.00160441,7,0,3,1,0.0,1.0,1.0,3.0,0,0,0,True,False,147347.0
100000003158727100,terminal,0.886,6,0.185,"Принял 368 тыс ₸ от 3 плательщиков и удержал 368 тыс ₸; обход на колене 1 не обрывался, значит отсутствие исходящих — поведение, а не артефакт.",1,False,3,0,367940.0,0.0,3,0,0.0,367940.0,0.00031413,0.0,0.0,7.58e-06,9,1,1,2,0.0,2.0,0.0,0.0,0,0,0,False,False,367940.0
100000002864256100,terminal,0.754,2,0.1848,"Принял 136 тыс ₸ от 1 плательщика и удержал 136 тыс ₸; обход на колене 1 не обрывался, значит отсутствие исходящих — поведение, а не артефакт.",1,False,1,0,135780.0,0.0,1,0,0.0,135780.0,0.00031276,0.0,0.0,0.00046117,10,1,1,1,0.0,1.0,0.0,0.0,0,0,0,False,False,135780.0
100000003205210100,terminal,0.754,2,0.1848,"Принял 138 тыс ₸ от 1 плательщика и удержал 138 тыс ₸; обход на колене 1 не обрывался, значит отсутствие исходящих — поведение, а не артефакт.",1,False,1,0,137563.0,0.0,1,0,0.0,137563.0,0.00031311,0.0,0.0,0.00046117,10,1,1,1,0.0,1.0,0.0,0.0,0,0,0,False,False,137563.0
100000004097972100,terminal,0.748,0,0.1848,"Принял 119 тыс ₸ от 1 плательщика и удержал 109 тыс ₸; обход на колене 3 не обрывался, значит отсутствие исходящих — поведение, а не артефакт. Точка сочленения: изъятие разрывает связность сети.",3,False,1,2,118878.0,10000.0,1,2,0.0841,108878.0,0.00031658,3.844e-05,0.0,0.00113791,7,0,3,1,0.5,1.0,1.0,15.0,0,0,0,True,False,128878.0
100000001714173100,terminal,0.825,18,0.1847,"Принял 639 тыс ₸ от 1 плательщика и удержал 639 тыс ₸; обход на колене 3 не обрывался, значит отсутствие исходящих — поведение, а не артефакт.",3,False,1,0,638905.0,0.0,6,0,0.0,638905.0,0.00057068,0.0,0.0,2e-08,9,0,3,1,0.0,1.0,0.0,0.0,0,0,0,False,False,638905.0
100000008732488100,terminal,0.754,3,0.1847,"Принял 137 тыс ₸ от 1 плательщика и удержал 127 тыс ₸; обход на колене 3 не обрывался, значит отсутствие исходящих — поведение, а не артефакт. Точка сочленения: изъятие разрывает связность сети.",3,False,1,1,137000.0,10000.0,1,1,0.073,127000.0,0.00031344,1.922e-05,0.0,0.00160441,7,0,3,1,1.0,1.0,1.0,0.0,0,0,0,True,False,147000.0
100000000941942100,terminal,0.752,2,0.1846,"Принял 130 тыс ₸ от 1 плательщика и удержал 130 тыс ₸; обход на колене 1 не обрывался, значит отсутствие исходящих — поведение, а не артефакт.",1,False,1,0,130000.0,0.0,1,0,0.0,130000.0,0.0003116,0.0,0.0,0.00046117,10,1,1,1,0.0,1.0,0.0,0.0,0,0,0,False,False,130000.0
100000001252290100,terminal,0.757,4,0.1846,"Принял 141 тыс ₸ от 1 плательщика и удержал 136 тыс ₸; обход на колене 3 не обрывался, значит отсутствие исходящих — поведение, а не артефакт. Точка сочленения: изъятие разрывает связность сети.",3,False,1,1,141005.0,5000.0,1,1,0.0355,136005.0,0.00029014,1.922e-05,0.0,0.00294017,7,0,3,1,0.0,1.0,1.0,-18.0,0,0,0,True,False,146005.0
100000003022835100,terminal,0.75,2,0.1844,"Принял 125 тыс ₸ от 1 плательщика и удержал 125 тыс ₸; обход на колене 1 не обрывался, значит отсутствие исходящих — поведение, а не артефакт.",1,False,1,0,125000.0,0.0,1,0,0.0,125000.0,0.0003106,0.0,0.0,0.00046117,10,1,1,1,0.0,1.0,0.0,0.0,0,0,0,False,False,125000.0
100000005133757100,terminal,0.751,3,0.1844,"Принял 65 тыс ₸ от 2 плательщиков и удержал 65 тыс ₸; обход на колене 1 не обрывался, значит отсутствие исходящих — поведение, а не артефакт.",1,False,2,0,65000.0,0.0,2,0,0.0,65000.0,0.00029941,0.0,0.0,0.00059145,10,1,1,2,0.0,1.0,0.0,0.0,0,0,0,False,False,65000.0
100000002445750100,terminal,0.715,0,0.1843,"Принял 70 тыс ₸ от 1 плательщика и удержал 60 тыс ₸; обход на колене 2 не обрывался, значит отсутствие исходящих — поведение, а не артефакт. Точка сочленения: изъятие разрывает связность сети.",2,False,1,1,70000.0,10000.0,1,1,0.1429,60000.0,0.00053729,1.942e-05,0.0,0.0,7,0,2,1,0.0,1.0,1.0,-4.0,0,0,0,True,False,80000.0
100000003484058100,terminal,0.745,14,0.1838,"Принял 110 тыс ₸ от 1 плательщика и удержал 104 тыс ₸; обход на колене 3 не обрывался, значит отсутствие исходящих — поведение, а не артефакт. Точка сочленения: изъятие разрывает связность сети.",3,False,1,1,110000.0,6000.0,1,1,0.0545,104000.0,0.00031666,1.922e-05,0.0,2.441e-05,7,0,3,1,0.0,1.0,1.0,13.0,0,0,0,True,False,116000.0
100000003031003100,terminal,0.875,12,0.1836,"Принял 280 тыс ₸ от 3 плательщиков и удержал 280 тыс ₸; обход на колене 3 не обрывался, значит отсутствие исходящих — поведение, а не артефакт.",3,False,3,0,280090.0,0.0,3,0,0.0,280090.0,0.0003115,0.0,0.0,6.19e-06,9,0,3,3,0.0,2.0,0.0,0.0,0,0,0,False,False,280090.0
100000000998559100,terminal,0.74,2,0.1834,"Принял 100 тыс ₸ от 1 плательщика и удержал 100 тыс ₸; обход на колене 1 не обрывался, значит отсутствие исходящих — поведение, а не артефакт.",1,False,1,0,100000.0,0.0,1,0,0.0,100000.0,0.00030559,0.0,0.0,0.00046117,10,1,1,1,0.0,1.0,0.0,0.0,0,0,0,False,False,100000.0
100000008708207100,terminal,0.855,7,0.1834,"Принял 465 тыс ₸ от 2 плательщиков и удержал 465 тыс ₸; обход на колене 3 не обрывался, значит отсутствие исходящих — поведение, а не артефакт.",3,False,2,0,465000.0,0.0,2,0,0.0,465000.0,0.00035979,0.0,0.0,1.37e-06,9,0,3,1,0.0,2.0,0.0,0.0,0,0,0,False,False,465000.0
100000003171006100,terminal,0.857,7,0.1833,"Принял 485 тыс ₸ от 2 плательщиков и удержал 485 тыс ₸; обход на колене 3 не обрывался, значит отсутствие исходящих — поведение, а не артефакт.",3,False,2,0,485000.0,0.0,2,0,0.0,485000.0,0.00033497,0.0,0.0,4.5e-06,9,0,3,1,0.0,2.0,0.0,0.0,0,0,0,False,False,485000.0
100000007797290100,terminal,0.74,0,0.1832,"Принял 100 тыс ₸ от 1 плательщика и удержал 80 тыс ₸; обход на колене 2 не обрывался, значит отсутствие исходящих — поведение, а не артефакт. Точка сочленения: изъятие разрывает связность сети.",2,False,1,1,100000.0,20000.0,1,1,0.2,80000.0,0.00030113,1.922e-05,0.0,5.172e-05,7,0,2,1,0.0,1.0,1.0,9.0,0,0,0,True,False,120000.0
100000002593344100,terminal,0.852,7,0.183,"Принял 431 тыс ₸ от 2 плательщиков и удержал 431 тыс ₸; обход на колене 3 не обрывался, значит отсутствие исходящих — поведение, а не артефакт.",3,False,2,0,431000.0,0.0,2,0,0.0,431000.0,0.00035896,0.0,0.0,3e-07,9,0,3,2,0.0,2.0,0.0,0.0,0,0,0,False,False,431000.0
100000008332511100,terminal,0.74,6,0.1828,"Принял 100 тыс ₸ от 1 плательщика и удержал 100 тыс ₸; обход на колене 3 не обрывался, значит отсутствие исходящих — поведение, а не артефакт.",3,False,1,0,100000.0,0.0,1,0,0.0,100000.0,0.00111278,0.0,0.0,0.0,9,0,3,1,0.0,1.0,0.0,0.0,0,0,0,False,False,100000.0
100000002836052100,terminal,0.597,2,0.1824,"Принял 15 тыс ₸ от 1 плательщика и удержал 15 тыс ₸; обход на колене 2 не обрывался, значит отсутствие исходящих — поведение, а не артефакт.",2,False,1,0,15000.0,0.0,1,0,0.0,15000.0,0.00030567,0.0,0.0,0.0,11,0,2,1,0.0,1.0,0.0,0.0,0,0,0,False,False,15000.0
100000003062895100,terminal,0.841,10,0.1823,"Принял 328 тыс ₸ от 2 плательщиков и удержал 328 тыс ₸; обход на колене 2 не обрывался, значит отсутствие исходящих — поведение, а не артефакт.",2,False,2,0,328444.0,0.0,2,0,0.0,328444.0,0.00040765,0.0,0.0,0.00011595,9,0,2,2,0.0,1.0,0.0,0.0,0,0,0,False,False,328444.0
100000001362940100,terminal,0.723,2,0.1818,"Принял 81 тыс ₸ от 1 плательщика и удержал 81 тыс ₸; обход на колене 1 не обрывался, значит отсутствие исходящих — поведение, а не артефакт.",1,False,1,0,81000.0,0.0,1,0,0.0,81000.0,0.00030179,0.0,0.0,0.00046117,10,1,1,1,0.0,1.0,0.0,0.0,0,0,0,False,False,81000.0
100000002537811100,peripheral,0.6,9,0.1817,"Вход: 1 плательщика (52 тыс ₸), выход: 1 получателя (15 тыс ₸) — ни один порог роли не пройден. Точка сочленения: изъятие разрывает связность сети.",3,False,1,1,52000.0,15000.0,1,1,0.2885,37000.0,0.00123138,2.635e-05,0.0,0.0,11,0,3,1,0.0,1.0,1.0,-8.0,0,0,0,True,False,67000.0
100000002548759100,terminal,0.846,7,0.1815,"Принял 375 тыс ₸ от 2 плательщиков и удержал 375 тыс ₸; обход на колене 3 не обрывался, значит отсутствие исходящих — поведение, а не артефакт.",3,False,2,0,375000.0,0.0,2,0,0.0,375000.0,0.00030853,0.0,0.0,5.19e-06,9,0,3,1,0.0,2.0,0.0,0.0,0,0,0,False,False,375000.0
100000007908818100,peripheral,0.6,2,0.1815,"Вход: 4 плательщиков (727 тыс ₸), выход: 6 получателей (302 тыс ₸) — ни один порог роли не пройден. Точка сочленения: изъятие разрывает связность сети.",1,False,4,6,727475.0,302000.0,4,13,0.4151,425475.0,0.00047538,0.00017754,0.0,0.00085702,11,2,1,3,0.0497,2.0,3.0,11.0,0,0,0,True,False,1029475.0
100000008671929100,terminal,0.718,2,0.1814,"Принял 75 тыс ₸ от 1 плательщика и удержал 75 тыс ₸; обход на колене 1 не обрывался, значит отсутствие исходящих — поведение, а не артефакт.",1,False,1,0,75000.0,0.0,2,0,0.0,75000.0,0.00030059,0.0,0.0,0.00046117,10,1,1,1,0.0,1.0,0.0,0.0,0,0,0,False,False,75000.0
100000003677936100,terminal,0.716,6,0.1812,"Принял 71 тыс ₸ от 1 плательщика и удержал 58 тыс ₸; обход на колене 3 не обрывался, значит отсутствие исходящих — поведение, а не артефакт. Точка сочленения: изъятие разрывает связность сети.",3,False,1,1,71000.0,13000.0,1,2,0.1831,58000.0,0.00030888,1.922e-05,0.0,0.00010831,7,0,3,1,0.4615,1.0,1.0,17.0,0,0,0,True,False,84000.0
100000008751380100,terminal,0.843,7,0.1812,"Принял 346 тыс ₸ от 2 плательщиков и удержал 346 тыс ₸; обход на колене 3 не обрывался, значит отсутствие исходящих — поведение, а не артефакт.",3,False,2,0,345780.0,0.0,2,0,0.0,345780.0,0.00031276,0.0,0.0,1.98e-06,9,0,3,2,0.0,1.0,0.0,0.0,0,0,0,False,False,345780.0
100000002666248100,terminal,0.715,2,0.1811,"Принял 70 тыс ₸ от 1 плательщика и удержал 70 тыс ₸; обход на колене 1 не обрывался, значит отсутствие исходящих — поведение, а не артефакт.",1,False,1,0,70032.0,0.0,1,0,0.0,70032.0,0.00029959,0.0,0.0,0.00046117,10,1,1,1,0.0,1.0,0.0,0.0,0,0,0,False,False,70032.0
100000004221668100,peripheral,0.6,25,0.181,"Вход: 4 плательщиков (1.1 млн ₸), выход: 3 получателей (731 тыс ₸) — ни один порог роли не пройден. Деньги возвращаются отправителю: 2 встречных счёта.",2,False,4,3,1128300.0,731440.0,8,10,0.6483,396860.0,0.00309017,4.56e-06,0.0,2.966e-05,1,0,2,2,0.0,1.0,2.0,23.0,3,2,2,True,False,1859740.0
100000003284932100,terminal,0.713,2,0.1809,"Принял 70 тыс ₸ от 1 плательщика и удержал 70 тыс ₸; обход на колене 1 не обрывался, значит отсутствие исходящих — поведение, а не артефакт.",1,False,1,0,69925.0,0.0,1,0,0.0,69925.0,0.00029957,0.0,0.0,0.00046117,10,1,1,1,0.0,1.0,0.0,0.0,0,0,0,False,False,69925.0
100000006889963100,peripheral,0.6,4,0.1809,"Вход: 4 плательщиков (1.4 млн ₸), выход: 1 получателя (443 тыс ₸) — ни один порог роли не пройден. Точка сочленения: изъятие разрывает связность сети.",1,False,4,1,1431000.0,443475.8,6,3,0.3099,987524.2,0.00042726,2.516e-05,0.0,0.00465608,11,2,1,4,1.0,4.0,1.0,2.0,0,0,0,True,False,1874475.8
100000008060273100,terminal,0.579,2,0.1808,"Принял 10 тыс ₸ от 1 плательщика и удержал 10 тыс ₸; обход на колене 2 не обрывался, значит отсутствие исходящих — поведение, а не артефакт.",2,False,1,0,10000.0,0.0,2,0,0.0,10000.0,0.00029897,0.0,0.0,0.0,11,0,2,1,0.0,1.0,0.0,0.0,0,0,0,False,False,10000.0
100000008576243100,terminal,0.764,0,0.1807,"Принял 83 тыс ₸ от 2 плательщиков и удержал 83 тыс ₸; обход на колене 3 не обрывался, значит отсутствие исходящих — поведение, а не артефакт.",3,False,2,0,82920.0,0.0,4,0,0.0,82920.0,0.00165157,0.0,0.0,9.244e-05,8,0,3,1,0.0,2.0,0.0,0.0,0,0,0,False,False,82920.0
100000003831324100,terminal,0.839,6,0.1806,"Принял 300 тыс ₸ от 2 плательщиков и удержал 300 тыс ₸; обход на колене 1 не обрывался, значит отсутствие исходящих — поведение, а не артефакт.",1,False,2,0,300000.0,0.0,2,0,0.0,300000.0,0.00031519,0.0,0.0,4.67e-06,9,1,1,2,0.0,1.0,0.0,0.0,0,0,0,False,False,300000.0
100000003097324100,terminal,0.836,18,0.1805,"Принял 294 тыс ₸ от 2 плательщиков и удержал 294 тыс ₸; обход на колене 3 не обрывался, значит отсутствие исходящих — поведение, а не артефакт.",3,False,2,0,294000.0,0.0,2,0,0.0,294000.0,0.00032601,0.0,0.0,2.32e-06,9,0,3,2,0.0,2.0,0.0,0.0,0,0,0,False,False,294000.0
100000001538095100,terminal,0.835,12,0.1804,"Принял 280 тыс ₸ от 2 плательщиков и удержал 280 тыс ₸; обход на колене 3 не обрывался, значит отсутствие исходящих — поведение, а не артефакт.",3,False,2,0,280000.0,0.0,2,0,0.0,280000.0,0.00033014,0.0,0.0,3.05e-06,9,0,3,2,0.0,2.0,0.0,0.0,0,0,0,False,False,280000.0
100000002904919100,terminal,0.707,0,0.1801,"Принял 60 тыс ₸ от 1 плательщика и удержал 55 тыс ₸; обход на колене 3 не обрывался, значит отсутствие исходящих — поведение, а не артефакт. Точка сочленения: изъятие разрывает связность сети.",3,False,1,1,60325.0,5500.0,1,1,0.0912,54825.0,0.00029092,1.922e-05,0.0,0.00113194,7,0,3,1,0.0,1.0,1.0,-1.0,0,0,0,True,False,65825.0
100000003739818100,terminal,0.703,2,0.18,"Принял 57 тыс ₸ от 1 плательщика и удержал 57 тыс ₸; обход на колене 1 не обрывался, значит отсутствие исходящих — поведение, а не артефакт.",1,False,1,0,57293.0,0.0,1,0,0.0,57293.0,0.00029704,0.0,0.0,0.00046117,10,1,1,1,0.0,1.0,0.0,0.0,0,0,0,False,False,57293.0
100000001554432100,terminal,0.7,2,0.1797,"Принял 54 тыс ₸ от 1 плательщика и удержал 54 тыс ₸; обход на колене 1 не обрывался, значит отсутствие исходящих — поведение, а не артефакт.",1,False,1,0,53920.0,0.0,1,0,0.0,53920.0,0.00029637,0.0,0.0,0.00046117,10,1,1,1,0.0,1.0,0.0,0.0,0,0,0,False,False,53920.0
100000008352542100,terminal,0.694,2,0.1797,"Принял 50 тыс ₸ от 1 плательщика и удержал 50 тыс ₸; обход на колене 2 не обрывался, значит отсутствие исходящих — поведение, а не артефакт.",2,False,1,0,50220.0,0.0,1,0,0.0,50220.0,0.00033148,0.0,0.0,1e-06,10,0,2,1,0.0,1.0,0.0,0.0,0,0,0,False,False,50220.0
100000008555233100,terminal,0.813,18,0.1797,"Принял 441 тыс ₸ от 1 плательщика и удержал 441 тыс ₸; обход на колене 3 не обрывался, значит отсутствие исходящих — поведение, а не артефакт.",3,False,1,0,440600.0,0.0,1,0,0.0,440600.0,0.00036341,0.0,0.0,8e-08,9,0,3,1,0.0,1.0,0.0,0.0,0,0,0,False,False,440600.0
100000003037660100,terminal,0.698,2,0.1796,"Принял 53 тыс ₸ от 1 плательщика и удержал 53 тыс ₸; обход на колене 1 не обрывался, значит отсутствие исходящих — поведение, а не артефакт.",1,False,1,0,53000.0,0.0,1,0,0.0,53000.0,0.00029618,0.0,0.0,0.00046117,10,1,1,1,0.0,1.0,0.0,0.0,0,0,0,False,False,53000.0
100000001285440100,terminal,0.828,18,0.1795,"Принял 243 тыс ₸ от 2 плательщиков и удержал 243 тыс ₸; обход на колене 3 не обрывался, значит отсутствие исходящих — поведение, а не артефакт.",3,False,2,0,243000.0,0.0,2,0,0.0,243000.0,0.00032036,0.0,0.0,3.3e-06,9,0,3,2,0.0,2.0,0.0,0.0,0,0,0,False,False,243000.0
100000003003821100,terminal,0.673,2,0.1794,"Принял 40 тыс ₸ от 1 плательщика и удержал 40 тыс ₸; обход на колене 2 не обрывался, значит отсутствие исходящих — поведение, а не артефакт.",2,False,1,0,40000.0,0.0,1,0,0.0,40000.0,0.00043794,0.0,0.0,0.0,10,0,2,1,0.0,1.0,0.0,0.0,0,0,0,False,False,40000.0
100000000489417100,transit,0.479,13,0.1792,"Пропустил 109% полученного дальше: принял 74 тыс ₸ от 3 плательщиков, отдал 80 тыс ₸ на 1 получателя, 100% ушло в первые 2 дня. Признаки транзита.",2,False,3,1,73504.0,80000.0,3,1,1.0884,0.0,0.00055176,1.405e-05,0.00137273,0.00014229,7,0,2,2,1.0,2.0,1.0,0.0,0,0,0,False,False,153504.0
100000001194266100,terminal,0.694,2,0.1792,"Принял 50 тыс ₸ от 1 плательщика и удержал 50 тыс ₸; обход на колене 1 не обрывался, значит отсутствие исходящих — поведение, а не артефакт.",1,False,1,0,50000.0,0.0,1,0,0.0,50000.0,0.00029558,0.0,0.0,0.00046117,10,1,1,1,0.0,1.0,0.0,0.0,0,0,0,False,False,50000.0
100000002983879100,terminal,0.819,2,0.1792,"Принял 200 тыс ₸ от 2 плательщиков и удержал 200 тыс ₸; обход на колене 2 не обрывался, значит отсутствие исходящих — поведение, а не артефакт.",2,False,2,0,200050.0,0.0,2,0,0.0,200050.0,0.00035808,0.0,0.0,0.00308294,9,0,2,2,0.0,1.0,0.0,0.0,0,0,0,False,False,200050.0
100000003476560100,terminal,0.694,2,0.1792,"Принял 50 тыс ₸ от 1 плательщика и удержал 50 тыс ₸; обход на колене 1 не обрывался, значит отсутствие исходящих — поведение, а не артефакт.",1,False,1,0,50000.0,0.0,1,0,0.0,50000.0,0.00029558,0.0,0.0,0.00046117,10,1,1,1,0.0,1.0,0.0,0.0,0,0,0,False,False,50000.0
100000003292979100,terminal,0.687,2,0.1791,"Принял 49 тыс ₸ от 1 плательщика и удержал 49 тыс ₸; обход на колене 2 не обрывался, значит отсутствие исходящих — поведение, а не артефакт.",2,False,1,0,48950.0,0.0,1,0,0.0,48950.0,0.00033031,0.0,0.0,1e-06,10,0,2,1,0.0,1.0,0.0,0.0,0,0,0,False,False,48950.0
100000005849100100,terminal,0.661,2,0.1791,"Принял 33 тыс ₸ от 1 плательщика и удержал 33 тыс ₸; обход на колене 2 не обрывался, значит отсутствие исходящих — поведение, а не артефакт.",2,False,1,0,33300.0,0.0,1,0,0.0,33300.0,0.00049072,0.0,0.0,0.0,10,0,2,1,0.0,1.0,0.0,0.0,0,0,0,False,False,33300.0
100000004356593100,terminal,0.694,2,0.179,"Принял 50 тыс ₸ от 1 плательщика и удержал 40 тыс ₸; обход на колене 2 не обрывался, значит отсутствие исходящих — поведение, а не артефакт. Точка сочленения: изъятие разрывает связность сети.",2,False,1,1,50000.0,10000.0,1,1,0.2,40000.0,0.00029345,1.922e-05,0.0,0.00014217,7,0,2,1,0.0,1.0,1.0,7.0,0,0,0,True,False,60000.0
100000001680944100,terminal,0.808,18,0.1788,"Принял 393 тыс ₸ от 1 плательщика и удержал 393 тыс ₸; обход на колене 3 не обрывался, значит отсутствие исходящих — поведение, а не артефакт.",3,False,1,0,393000.0,0.0,1,0,0.0,393000.0,0.00034559,0.0,0.0,3.6e-07,9,0,3,1,0.0,1.0,0.0,0.0,0,0,0,False,False,393000.0
100000003111305100,terminal,0.939,25,0.1787,"Принял 509 тыс ₸ от 4 плательщиков и удержал 509 тыс ₸; обход на колене 3 не обрывался, значит отсутствие исходящих — поведение, а не артефакт.",3,False,4,0,509338.0,0.0,4,0,0.0,509338.0,0.0004036,0.0,0.0,2.665e-05,8,0,3,4,0.0,2.0,0.0,0.0,0,0,0,False,False,509338.0
100000001927599100,terminal,0.813,8,0.1782,"Принял 188 тыс ₸ от 2 плательщиков и удержал 188 тыс ₸; обход на колене 3 не обрывался, значит отсутствие исходящих — поведение, а не артефакт.",3,False,2,0,188000.0,0.0,2,0,0.0,188000.0,0.00032726,0.0,0.0,7e-07,9,0,3,1,0.0,2.0,0.0,0.0,0,0,0,False,False,188000.0
100000002847207100,terminal,0.682,2,0.1782,"Принял 46 тыс ₸ от 1 плательщика и удержал 46 тыс ₸; обход на колене 1 не обрывался, значит отсутствие исходящих — поведение, а не артефакт.",1,False,1,0,46243.0,0.0,1,0,0.0,46243.0,0.00029483,0.0,0.0,0.00046117,10,1,1,1,0.0,1.0,0.0,0.0,0,0,0,False,False,46243.0
100000008237827100,terminal,0.674,2,0.1775,"Принял 40 тыс ₸ от 1 плательщика и удержал 40 тыс ₸; обход на колене 1 не обрывался, значит отсутствие исходящих — поведение, а не артефакт.",1,False,1,0,40001.0,0.0,1,0,0.0,40001.0,0.00029358,0.0,0.0,0.00046117,10,1,1,1,0.0,1.0,0.0,0.0,0,0,0,False,False,40001.0
100000003877908100,terminal,0.673,2,0.1774,"Принял 40 тыс ₸ от 1 плательщика и удержал 40 тыс ₸; обход на колене 1 не обрывался, значит отсутствие исходящих — поведение, а не артефакт.",1,False,1,0,40000.0,0.0,1,0,0.0,40000.0,0.00029358,0.0,0.0,0.00046117,10,1,1,1,0.0,1.0,0.0,0.0,0,0,0,False,False,40000.0
100000004509286100,terminal,0.673,2,0.1774,"Принял 40 тыс ₸ от 1 плательщика и удержал 40 тыс ₸; обход на колене 1 не обрывался, значит отсутствие исходящих — поведение, а не артефакт.",1,False,1,0,40000.0,0.0,1,0,0.0,40000.0,0.00029358,0.0,0.0,0.00046117,10,1,1,1,0.0,1.0,0.0,0.0,0,0,0,False,False,40000.0
100000006564102100,terminal,0.785,2,0.1773,"Принял 233 тыс ₸ от 1 плательщика и удержал 233 тыс ₸; обход на колене 2 не обрывался, значит отсутствие исходящих — поведение, а не артефакт.",2,False,1,0,233235.0,0.0,1,0,0.0,233235.0,0.0004281,0.0,0.0,0.00014277,9,0,2,1,0.0,1.0,0.0,0.0,0,0,0,False,False,233235.0
100000008205937100,terminal,0.665,13,0.1773,"Принял 35 тыс ₸ от 1 плательщика и удержал 35 тыс ₸; обход на колене 2 не обрывался, значит отсутствие исходящих — поведение, а не артефакт.",2,False,1,0,35000.0,0.0,3,0,0.0,35000.0,0.00033165,0.0,0.0,5e-08,10,0,2,1,0.0,1.0,0.0,0.0,0,0,0,False,False,35000.0
100000000629812100,terminal,0.666,56,0.1772,"Принял 22 тыс ₸ от 2 плательщиков и удержал 22 тыс ₸; обход на колене 2 не обрывался, значит отсутствие исходящих — поведение, а не артефакт.",2,False,2,0,22000.0,0.0,2,0,0.0,22000.0,0.00029798,0.0,0.0,4.07e-06,10,0,2,2,0.0,1.0,0.0,0.0,0,0,0,False,False,22000.0
100000002635780100,terminal,0.765,6,0.1772,"Принял 163 тыс ₸ от 1 плательщика и удержал 163 тыс ₸; обход на колене 2 не обрывался, значит отсутствие исходящих — поведение, а не артефакт.",2,False,1,0,163000.02,0.0,1,0,0.0,163000.02,0.00055539,0.0,0.0,0.0,9,0,2,1,0.0,1.0,0.0,0.0,0,0,0,False,False,163000.02
100000007274584100,terminal,0.669,2,0.1771,"Принял 38 тыс ₸ от 1 плательщика и удержал 38 тыс ₸; обход на колене 1 не обрывался, значит отсутствие исходящих — поведение, а не артефакт.",1,False,1,0,38000.0,0.0,1,0,0.0,38000.0,0.00029318,0.0,0.0,0.00046117,10,1,1,1,0.0,1.0,0.0,0.0,0,0,0,False,False,38000.0
100000007629121100,terminal,0.65,2,0.1769,"Принял 29 тыс ₸ от 1 плательщика и удержал 29 тыс ₸; обход на колене 2 не обрывался, значит отсутствие исходящих — поведение, а не артефакт.",2,False,1,0,29000.0,0.0,1,0,0.0,29000.0,0.00039604,0.0,0.0,0.0,10,0,2,1,0.0,1.0,0.0,0.0,0,0,0,False,False,29000.0
100000002580377100,terminal,0.669,5,0.1768,"Принял 38 тыс ₸ от 1 плательщика и удержал 33 тыс ₸; обход на колене 1 не обрывался, значит отсутствие исходящих — поведение, а не артефакт. Точка сочленения: изъятие разрывает связность сети.",1,False,1,1,37750.0,5000.0,2,1,0.1325,32750.0,0.00028963,1.922e-05,0.0,0.00029524,7,1,1,1,0.0,1.0,1.0,9.0,0,0,0,True,False,42750.0
100000008335401100,terminal,0.761,8,0.1768,"Принял 150 тыс ₸ от 1 плательщика и удержал 150 тыс ₸; обход на колене 2 не обрывался, значит отсутствие исходящих — поведение, а не артефакт.",2,False,1,0,150000.0,0.0,3,0,0.0,150000.0,0.00055123,0.0,0.0,0.0,9,0,2,1,0.0,1.0,0.0,0.0,0,0,0,False,False,150000.0
100000003832231100,terminal,0.665,2,0.1767,"Принял 35 тыс ₸ от 1 плательщика и удержал 35 тыс ₸; обход на колене 1 не обрывался, значит отсутствие исходящих — поведение, а не артефакт.",1,False,1,0,35000.0,0.0,1,0,0.0,35000.0,0.00029258,0.0,0.0,0.00046117,10,1,1,1,0.0,1.0,0.0,0.0,0,0,0,False,False,35000.0
100000004441291100,terminal,0.622,2,0.1766,"Принял 20 тыс ₸ от 1 плательщика и удержал 20 тыс ₸; обход на колене 2 не обрывался, значит отсутствие исходящих — поведение, а не артефакт.",2,False,1,0,20000.0,0.0,1,0,0.0,20000.0,0.00054884,0.0,0.0,0.0,10,0,2,1,0.0,1.0,0.0,0.0,0,0,0,False,False,20000.0
100000005409680100,terminal,0.742,17,0.1764,"Принял 55 тыс ₸ от 2 плательщиков и удержал 55 тыс ₸; обход на колене 0 не обрывался, значит отсутствие исходящих — поведение, а не артефакт.",0,True,2,0,55060.0,0.0,2,0,0.0,55060.0,0.00063353,0.0,0.0,3.583e-05,9,0,0,2,0.0,1.0,0.0,0.0,0,0,0,False,False,55060.0
100000001677929100,peripheral,0.6,6,0.1763,"Вход: 3 плательщиков (127 тыс ₸), выход: 2 получателей (286 тыс ₸) — ни один порог роли не пройден. Деньги возвращаются отправителю: 2 встречных счёта.",2,False,3,2,126777.0,286098.0,3,4,2.2567,0.0,0.00333409,1.19e-06,0.0,0.0,1,0,2,1,0.0,1.0,1.0,3.0,2,2,2,True,False,412875.0
100000001463701100,terminal,0.865,9,0.1756,"Принял 621 тыс ₸ от 2 плательщиков и удержал 621 тыс ₸; обход на колене 1 не обрывался, значит отсутствие исходящих — поведение, а не артефакт.",1,False,2,0,621000.0,0.0,2,0,0.0,621000.0,0.00057221,0.0,0.0,0.00012378,8,1,1,1,0.0,2.0,0.0,0.0,0,0,0,False,False,621000.0
100000002712416100,terminal,0.787,12,0.1755,"Принял 117 тыс ₸ от 2 плательщиков и удержал 117 тыс ₸; обход на колене 3 не обрывался, значит отсутствие исходящих — поведение, а не артефакт.",3,False,2,0,116800.0,0.0,2,0,0.0,116800.0,0.00030266,0.0,0.0,2.98e-06,9,0,3,2,0.0,1.0,0.0,0.0,0,0,0,False,False,116800.0
100000004806903100,terminal,0.611,2,0.1754,"Принял 18 тыс ₸ от 1 плательщика и удержал 18 тыс ₸; обход на колене 2 не обрывался, значит отсутствие исходящих — поведение, а не артефакт.",2,False,1,0,18000.0,0.0,1,0,0.0,18000.0,0.00053354,0.0,0.0,0.0,10,0,2,1,0.0,1.0,0.0,0.0,0,0,0,False,False,18000.0
100000008664469100,terminal,0.64,2,0.1746,"Принял 25 тыс ₸ от 1 плательщика и удержал 25 тыс ₸; обход на колене 1 не обрывался, значит отсутствие исходящих — поведение, а не артефакт.",1,False,1,0,25000.0,0.0,1,0,0.0,25000.0,0.00029058,0.0,0.0,0.00046117,10,1,1,1,0.0,1.0,0.0,0.0,0,0,0,False,False,25000.0
100000005233755100,terminal,0.64,15,0.1744,"Принял 25 тыс ₸ от 1 плательщика и удержал 20 тыс ₸; обход на колене 3 не обрывался, значит отсутствие исходящих — поведение, а не артефакт. Точка сочленения: изъятие разрывает связность сети.",3,False,1,1,25000.0,5000.0,1,1,0.2,20000.0,0.00029161,1.922e-05,0.0,0.0004659,7,0,3,1,1.0,1.0,1.0,0.0,0,0,0,True,False,30000.0
100000003071649100,terminal,0.773,7,0.1743,"Принял 190 тыс ₸ от 1 плательщика и удержал 190 тыс ₸; обход на колене 3 не обрывался, значит отсутствие исходящих — поведение, а не артефакт.",3,False,1,0,189500.0,0.0,1,0,0.0,189500.0,0.00029533,0.0,0.0,3.22e-06,9,0,3,1,0.0,1.0,0.0,0.0,0,0,0,False,False,189500.0
100000006972210100,terminal,0.897,7,0.1743,"Принял 489 тыс ₸ от 3 плательщиков и удержал 489 тыс ₸; обход на колене 1 не обрывался, значит отсутствие исходящих — поведение, а не артефакт.",1,False,3,0,488775.0,0.0,4,0,0.0,488775.0,0.0003463,0.0,0.0,0.00018644,8,3,1,3,0.0,1.0,0.0,0.0,0,0,0,False,False,488775.0
100000001884825100,terminal,0.897,7,0.1742,"Принял 495 тыс ₸ от 3 плательщиков и удержал 495 тыс ₸; обход на колене 3 не обрывался, значит отсутствие исходящих — поведение, а не артефакт.",3,False,3,0,495000.0,0.0,3,0,0.0,495000.0,0.0003401,0.0,0.0,3.57e-06,8,0,3,1,0.0,2.0,0.0,0.0,0,0,0,False,False,495000.0
100000005852946100,terminal,0.632,2,0.1739,"Принял 24 тыс ₸ от 1 плательщика и удержал 24 тыс ₸; обход на колене 1 не обрывался, значит отсутствие исходящих — поведение, а не артефакт.",1,False,1,0,23746.0,0.0,1,0,0.0,23746.0,0.00029032,0.0,0.0,0.00046117,10,1,1,1,0.0,1.0,0.0,0.0,0,0,0,False,False,23746.0
100000008094734100,terminal,0.906,0,0.1739,"Принял 236 тыс ₸ от 4 плательщиков и удержал 236 тыс ₸; обход на колене 1 не обрывался, значит отсутствие исходящих — поведение, а не артефакт.",1,False,4,0,236249.0,0.0,4,0,0.0,236249.0,0.00034414,0.0,0.0,0.00233547,8,2,1,3,0.0,1.0,0.0,0.0,0,0,0,False,False,236249.0
100000008714412100,terminal,0.767,8,0.1739,"Принял 169 тыс ₸ от 1 плательщика и удержал 169 тыс ₸; обход на колене 3 не обрывался, значит отсутствие исходящих — поведение, а не артефакт.",3,False,1,0,169000.0,0.0,1,0,0.0,169000.0,0.00031167,0.0,0.0,6e-08,9,0,3,1,0.0,1.0,0.0,0.0,0,0,0,False,False,169000.0
100000005022964100,terminal,0.622,2,0.1736,"Принял 20 тыс ₸ от 1 плательщика и удержал 20 тыс ₸; обход на колене 2 не обрывался, значит отсутствие исходящих — поведение, а не артефакт.",2,False,1,0,20000.0,0.0,1,0,0.0,20000.0,0.00032736,0.0,0.0,0.0,10,0,2,1,0.0,1.0,0.0,0.0,0,0,0,False,False,20000.0
100000000817146100,terminal,0.715,5,0.1733,"Принял 70 тыс ₸ от 1 плательщика и удержал 70 тыс ₸; обход на колене 1 не обрывался, значит отсутствие исходящих — поведение, а не артефакт.",1,False,1,0,70020.0,0.0,1,0,0.0,70020.0,0.00058947,0.0,0.0,0.0,9,1,1,1,0.0,1.0,0.0,0.0,0,0,0,False,False,70020.0
100000001346560100,peripheral,0.6,2,0.1733,"Вход: 2 плательщиков (10 тыс ₸), выход: 1 получателя (22 тыс ₸) — ни один порог роли не пройден. Точка сочленения: изъятие разрывает связность сети.",2,False,2,1,10000.0,22200.0,2,1,2.22,0.0,0.00058662,2.576e-05,0.0,0.0,11,0,2,1,0.0,1.0,1.0,12.0,0,0,0,True,False,32200.0
100000001275752100,terminal,0.762,7,0.1732,"Принял 152 тыс ₸ от 1 плательщика и удержал 152 тыс ₸; обход на колене 3 не обрывался, значит отсутствие исходящих — поведение, а не артефакт.",3,False,1,0,151500.0,0.0,1,0,0.0,151500.0,0.00029337,0.0,0.0,3.22e-06,9,0,3,1,0.0,1.0,0.0,0.0,0,0,0,False,False,151500.0
100000008531186100,terminal,0.75,2,0.1731,"Принял 125 тыс ₸ от 1 плательщика и удержал 125 тыс ₸; обход на колене 2 не обрывался, значит отсутствие исходящих — поведение, а не артефакт.",2,False,1,0,125000.0,0.0,1,0,0.0,125000.0,0.00036196,0.0,0.0,0.00014277,9,0,2,1,0.0,1.0,0.0,0.0,0,0,0,False,False,125000.0
100000001686328100,terminal,0.756,7,0.173,"Принял 140 тыс ₸ от 1 плательщика и удержал 140 тыс ₸; обход на колене 3 не обрывался, значит отсутствие исходящих — поведение, а не артефакт.",3,False,1,0,140000.0,0.0,1,0,0.0,140000.0,0.00031505,0.0,0.0,9e-08,9,0,3,1,0.0,1.0,0.0,0.0,0,0,0,False,False,140000.0
100000008314863100,terminal,0.584,2,0.173,"Принял 12 тыс ₸ от 1 плательщика и удержал 12 тыс ₸; обход на колене 3 не обрывался, значит отсутствие исходящих — поведение, а не артефакт.",3,False,1,0,12000.0,0.0,1,0,0.0,12000.0,0.0005171,0.0,0.0,0.0,10,0,3,1,0.0,1.0,0.0,0.0,0,0,0,False,False,12000.0
100000001584286100,terminal,0.868,12,0.1729,"Принял 739 тыс ₸ от 2 плательщиков и удержал 739 тыс ₸; обход на колене 2 не обрывался, значит отсутствие исходящих — поведение, а не артефакт.",2,False,2,0,738699.0,0.0,3,0,0.0,738699.0,0.00032848,0.0,0.0,7.7e-07,8,0,2,2,0.0,1.0,0.0,0.0,0,0,0,False,False,738699.0
100000002733905100,peripheral,0.6,1,0.1728,"Вход: 3 плательщиков (100 тыс ₸), выход: 2 получателей (718 тыс ₸) — ни один порог роли не пройден. Деньги возвращаются отправителю: 2 встречных счёта.",2,False,3,2,100000.0,717839.0,5,3,7.1784,0.0,0.00291696,1.78e-06,0.0,0.0,1,0,2,1,0.0,2.0,1.0,22.0,2,2,2,True,False,817839.0
100000008571243100,terminal,0.753,8,0.1726,"Принял 134 тыс ₸ от 1 плательщика и удержал 134 тыс ₸; обход на колене 3 не обрывался, значит отсутствие исходящих — поведение, а не артефакт.",3,False,1,0,134000.0,0.0,1,0,0.0,134000.0,0.00030626,0.0,0.0,6e-08,9,0,3,1,0.0,1.0,0.0,0.0,0,0,0,False,False,134000.0
100000002954780100,terminal,0.753,7,0.1724,"Принял 133 тыс ₸ от 1 плательщика и удержал 133 тыс ₸; обход на колене 3 не обрывался, значит отсутствие исходящих — поведение, а не артефакт.",3,False,1,0,133400.0,0.0,1,0,0.0,133400.0,0.00029244,0.0,0.0,3.22e-06,9,0,3,1,0.0,1.0,0.0,0.0,0,0,0,False,False,133400.0
100000003781406100,terminal,0.681,11,0.1724,"Принял 45 тыс ₸ от 1 плательщика и удержал 45 тыс ₸; обход на колене 3 не обрывался, значит отсутствие исходящих — поведение, а не артефакт.",3,False,1,0,45000.0,0.0,2,0,0.0,45000.0,0.00072288,0.0,0.0,0.0,9,0,3,1,0.0,1.0,0.0,0.0,0,0,0,False,False,45000.0
100000000785800100,transit,0.46,54,0.1721,"Пропустил 100% полученного дальше: принял 19 тыс ₸ от 1 плательщика, отдал 19 тыс ₸ на 1 получателя, 100% ушло в первые 2 дня. Признаки транзита. Входит в замкнутую цепочку из 3 узлов.",2,False,1,1,19000.0,19000.0,1,1,1.0,0.0,0.0003567,0.0,0.0,0.0,1,0,2,1,1.0,1.0,1.0,0.0,1,3,0,False,False,38000.0
100000001145749100,terminal,0.579,2,0.172,"Принял 10 тыс ₸ от 1 плательщика и удержал 10 тыс ₸; обход на колене 3 не обрывался, значит отсутствие исходящих — поведение, а не артефакт.",3,False,1,0,10000.0,0.0,1,0,0.0,10000.0,0.00047851,0.0,0.0,0.0,10,0,3,1,0.0,1.0,0.0,0.0,0,0,0,False,False,10000.0
100000005661829100,transit,0.443,17,0.1719,"Пропустил 107% полученного дальше: принял 38 тыс ₸ от 1 плательщика, отдал 40 тыс ₸ на 2 получателей, 84% ушло в первые 2 дня. Признаки транзита.",3,False,1,2,37790.0,40362.0,1,4,1.0681,0.0,0.00029203,2.23e-06,0.00011523,8.448e-05,7,0,3,2,0.8372,1.0,1.0,1.0,0,0,0,False,False,78152.0
100000002530224100,terminal,0.746,7,0.1718,"Принял 113 тыс ₸ от 1 плательщика и удержал 113 тыс ₸; обход на колене 3 не обрывался, значит отсутствие исходящих — поведение, а не артефакт.",3,False,1,0,113000.0,0.0,1,0,0.0,113000.0,0.00029139,0.0,0.0,3.22e-06,9,0,3,1,0.0,1.0,0.0,0.0,0,0,0,False,False,113000.0
100000002539625100,terminal,0.733,10,0.1714,"Принял 95 тыс ₸ от 1 плательщика и удержал 95 тыс ₸; обход на колене 2 не обрывался, значит отсутствие исходящих — поведение, а не артефакт.",2,False,1,0,94700.0,0.0,1,0,0.0,94700.0,0.00034502,0.0,0.0,2.3e-06,9,0,2,1,0.0,1.0,0.0,0.0,0,0,0,False,False,94700.0
100000008417029100,terminal,0.74,7,0.1714,"Принял 100 тыс ₸ от 1 плательщика и удержал 100 тыс ₸; обход на колене 3 не обрывался, значит отсутствие исходящих — поведение, а не артефакт.",3,False,1,0,100000.0,0.0,1,0,0.0,100000.0,0.00030663,0.0,0.0,9e-08,9,0,3,1,0.0,1.0,0.0,0.0,0,0,0,False,False,100000.0
100000000943371100,terminal,0.598,13,0.1713,"Принял 16 тыс ₸ от 1 плательщика и удержал 16 тыс ₸; обход на колене 2 не обрывался, значит отсутствие исходящих — поведение, а не артефакт.",2,False,1,0,15500.0,0.0,1,0,0.0,15500.0,0.00030598,0.0,0.0,5e-08,10,0,2,1,0.0,1.0,0.0,0.0,0,0,0,False,False,15500.0
100000004671609100,terminal,0.74,12,0.1713,"Принял 100 тыс ₸ от 1 плательщика и удержал 100 тыс ₸; обход на колене 3 не обрывался, значит отсутствие исходящих — поведение, а не артефакт.",3,False,1,0,100000.0,0.0,1,0,0.0,100000.0,0.00030024,0.0,0.0,2.72e-06,9,0,3,1,0.0,1.0,0.0,0.0,0,0,0,False,False,100000.0
100000003147719100,terminal,0.74,7,0.1712,"Принял 100 тыс ₸ от 1 плательщика и удержал 100 тыс ₸; обход на колене 3 не обрывался, значит отсутствие исходящих — поведение, а не артефакт.",3,False,1,0,100000.0,0.0,1,0,0.0,100000.0,0.00029072,0.0,0.0,3.22e-06,9,0,3,1,0.0,1.0,0.0,0.0,0,0,0,False,False,100000.0
100000005093521100,terminal,0.598,2,0.1711,"Принял 15 тыс ₸ от 1 плательщика и удержал 15 тыс ₸; обход на колене 1 не обрывался, значит отсутствие исходящих — поведение, а не артефакт.",1,False,1,0,15200.0,0.0,1,0,0.0,15200.0,0.00028861,0.0,0.0,0.00046117,10,1,1,1,0.0,1.0,0.0,0.0,0,0,0,False,False,15200.0
100000001965374100,peripheral,0.6,24,0.1709,"Вход: 2 плательщиков (1.8 млн ₸), выход: 3 получателей (3.1 млн ₸) — ни один порог роли не пройден. Деньги возвращаются отправителю: 1 встречный счёт.",2,False,2,3,1759720.0,3082100.0,8,5,1.7515,0.0,0.00128166,1.59e-06,0.0,0.0,1,0,2,1,0.0,2.0,1.0,14.0,1,2,1,True,False,4841820.0
100000006424479100,peripheral,0.6,13,0.1709,"Вход: 1 плательщика (500 тыс ₸), выход: 2 получателей (220 тыс ₸) — ни один порог роли не пройден. Точка сочленения: изъятие разрывает связность сети.",2,False,1,2,500000.0,220000.0,2,3,0.44,280000.0,0.00094382,7.312e-05,0.0,5e-08,10,0,2,1,0.0,1.0,2.0,14.0,0,0,0,True,False,720000.0
100000002947299100,terminal,0.726,2,0.1707,"Принял 85 тыс ₸ от 1 плательщика и удержал 85 тыс ₸; обход на колене 2 не обрывался, значит отсутствие исходящих — поведение, а не артефакт.",2,False,1,0,85000.0,0.0,1,0,0.0,85000.0,0.00033751,0.0,0.0,0.00014277,9,0,2,1,0.0,1.0,0.0,0.0,0,0,0,False,False,85000.0
100000006523053100,terminal,0.553,2,0.1706,"Принял 5 тыс ₸ от 1 плательщика и удержал 5 тыс ₸; обход на колене 2 не обрывался, значит отсутствие исходящих — поведение, а не артефакт.",2,False,1,0,5000.0,0.0,1,0,0.0,5000.0,0.00053865,0.0,0.0,0.0,10,0,2,1,0.0,1.0,0.0,0.0,0,0,0,False,False,5000.0
100000002432143100,terminal,0.723,2,0.1704,"Принял 81 тыс ₸ от 1 плательщика и удержал 81 тыс ₸; обход на колене 2 не обрывался, значит отсутствие исходящих — поведение, а не артефакт.",2,False,1,0,81310.0,0.0,1,0,0.0,81310.0,0.00033526,0.0,0.0,0.00014277,9,0,2,1,0.0,1.0,0.0,0.0,0,0,0,False,False,81310.0
100000006557763100,terminal,0.579,2,0.1703,"Принял 10 тыс ₸ от 1 плательщика и удержал 10 тыс ₸; обход на колене 2 не обрывался, значит отсутствие исходящих — поведение, а не артефакт.",2,False,1,0,10000.0,0.0,1,0,0.0,10000.0,0.00034718,0.0,0.0,0.0,10,0,2,1,0.0,1.0,0.0,0.0,0,0,0,False,False,10000.0
100000002394199100,peripheral,0.6,6,0.1701,"Вход: 1 плательщика (277 тыс ₸), выход: 1 получателя (77 тыс ₸) — ни один порог роли не пройден. Деньги возвращаются отправителю: 1 встречный счёт.",3,False,1,1,277398.0,76777.0,3,1,0.2768,200621.0,0.00296785,0.0,0.0,0.0,1,0,3,1,0.0,1.0,1.0,11.0,1,2,1,False,False,354175.0
100000002621434100,terminal,0.723,7,0.1698,"Принял 81 тыс ₸ от 1 плательщика и удержал 81 тыс ₸; обход на колене 3 не обрывался, значит отсутствие исходящих — поведение, а не артефакт.",3,False,1,0,81000.0,0.0,1,0,0.0,81000.0,0.00028974,0.0,0.0,3.22e-06,9,0,3,1,0.0,1.0,0.0,0.0,0,0,0,False,False,81000.0
100000006684930100,terminal,0.579,13,0.1697,"Принял 10 тыс ₸ от 1 плательщика и удержал 10 тыс ₸; обход на колене 2 не обрывался, значит отсутствие исходящих — поведение, а не артефакт.",2,False,1,0,10000.0,0.0,1,0,0.0,10000.0,0.00029873,0.0,0.0,5e-08,10,0,2,1,0.0,1.0,0.0,0.0,0,0,0,False,False,10000.0
100000002603769100,terminal,0.914,0,0.1695,"Принял 1.2 млн ₸ от 3 плательщиков и удержал 1.2 млн ₸; обход на колене 1 не обрывался, значит отсутствие исходящих — поведение, а не артефакт.",1,False,3,0,1185368.0,0.0,3,0,0.0,1185368.0,0.00054154,0.0,0.0,0.00332088,7,1,1,1,0.0,1.0,0.0,0.0,0,0,0,False,False,1185368.0
100000008632060100,peripheral,0.6,0,0.169,"Вход: 1 плательщика (6 тыс ₸), выход: 9 получателей (339 тыс ₸) — ни один порог роли не пройден. Входит в замкнутую цепочку из 4 узлов.",3,False,1,9,6000.0,339200.0,1,12,56.5333,0.0,0.00028803,0.00053654,0.00308208,0.00064282,7,0,3,4,0.0,1.0,3.0,16.0,65,4,0,False,False,345200.0
100000002618492100,terminal,0.837,9,0.1688,"Принял 296 тыс ₸ от 2 плательщиков и удержал 296 тыс ₸; обход на колене 1 не обрывался, значит отсутствие исходящих — поведение, а не артефакт.",1,False,2,0,296500.0,0.0,2,0,0.0,296500.0,0.00036903,0.0,0.0,0.00014603,8,1,1,1,0.0,1.0,0.0,0.0,0,0,0,False,False,296500.0
100000003024542100,terminal,0.566,2,0.1688,"Принял 8 тыс ₸ от 1 плательщика и удержал 8 тыс ₸; обход на колене 2 не обрывался, значит отсутствие исходящих — поведение, а не артефакт.",2,False,1,0,8500.0,0.0,1,0,0.0,8500.0,0.00031795,0.0,0.0,0.0,10,0,2,1,0.0,1.0,0.0,0.0,0,0,0,False,False,8500.0
100000008775471100,terminal,0.823,18,0.1688,"Принял 580 тыс ₸ от 1 плательщика и удержал 580 тыс ₸; обход на колене 3 не обрывался, значит отсутствие исходящих — поведение, а не артефакт.",3,False,1,0,580000.0,0.0,2,0,0.0,580000.0,0.00035838,0.0,0.0,1.29e-06,8,0,3,1,0.0,1.0,0.0,0.0,0,0,0,False,False,580000.0
100000001611488100,terminal,0.869,4,0.1687,"Принял 779 тыс ₸ от 2 плательщиков и удержал 779 тыс ₸; обход на колене 3 не обрывался, значит отсутствие исходящих — поведение, а не артефакт.",3,False,2,0,779300.0,0.0,3,0,0.0,779300.0,0.00087754,0.0,0.0,0.00296407,7,0,3,1,0.0,1.0,0.0,0.0,0,0,0,False,False,779300.0
100000005940652100,terminal,0.566,10,0.1685,"Принял 8 тыс ₸ от 1 плательщика и удержал 8 тыс ₸; обход на колене 1 не обрывался, значит отсутствие исходящих — поведение, а не артефакт.",1,False,1,0,8395.0,0.0,1,0,0.0,8395.0,0.00028809,0.0,0.0,1e-08,10,1,1,1,0.0,1.0,0.0,0.0,0,0,0,False,False,8395.0
100000002757240100,terminal,0.696,2,0.168,"Принял 51 тыс ₸ от 1 плательщика и удержал 51 тыс ₸; обход на колене 2 не обрывался, значит отсутствие исходящих — поведение, а не артефакт.",2,False,1,0,51183.0,0.0,1,0,0.0,51183.0,0.00031685,0.0,0.0,0.00014277,9,0,2,1,0.0,1.0,0.0,0.0,0,0,0,False,False,51183.0
100000000910216100,transit,0.324,2,0.1678,"Пропустил 73% полученного дальше: принял 71 тыс ₸ от 1 плательщика, отдал 52 тыс ₸ на 1 получателя. Признаки транзита.",2,False,1,1,71000.0,52010.0,3,1,0.7325,18990.0,0.00032324,0.00048016,1.64e-06,0.00015948,7,0,2,2,0.0,1.0,1.0,12.0,0,0,0,False,False,123010.0
100000001380107100,terminal,0.558,56,0.1678,"Принял 6 тыс ₸ от 1 плательщика и удержал 6 тыс ₸; обход на колене 3 не обрывался, значит отсутствие исходящих — поведение, а не артефакт.",3,False,1,0,6000.0,0.0,1,0,0.0,6000.0,0.00029095,0.0,0.0,3e-08,10,0,3,1,0.0,1.0,0.0,0.0,0,0,0,False,False,6000.0
100000002822472100,terminal,0.832,12,0.1674,"Принял 267 тыс ₸ от 2 плательщиков и удержал 267 тыс ₸; обход на колене 3 не обрывался, значит отсутствие исходящих — поведение, а не артефакт.",3,False,2,0,266722.0,0.0,2,0,0.0,266722.0,0.00031224,0.0,0.0,2.479e-05,8,0,3,2,0.0,1.0,0.0,0.0,0,0,0,False,False,266722.0
100000003834495100,terminal,0.905,0,0.1674,"Принял 602 тыс ₸ от 3 плательщиков и удержал 582 тыс ₸; обход на колене 3 не обрывался, значит отсутствие исходящих — поведение, а не артефакт.",3,False,3,1,602441.0,20000.0,5,1,0.0332,582441.0,0.00062086,2.87e-06,0.00048563,0.00228799,7,0,3,1,0.0,2.0,1.0,24.0,0,0,0,False,False,622441.0
100000008536546100,terminal,0.83,18,0.1673,"Принял 250 тыс ₸ от 2 плательщиков и удержал 250 тыс ₸; обход на колене 3 не обрывался, значит отсутствие исходящих — поведение, а не артефакт.",3,False,2,0,250000.0,0.0,2,0,0.0,250000.0,0.00031725,0.0,0.0,2.57e-06,8,0,3,2,0.0,2.0,0.0,0.0,0,0,0,False,False,250000.0
100000002815005100,terminal,0.816,7,0.1671,"Принял 476 тыс ₸ от 1 плательщика и удержал 476 тыс ₸; обход на колене 3 не обрывался, значит отсутствие исходящих — поведение, а не артефакт.",3,False,1,0,476500.0,0.0,1,0,0.0,476500.0,0.00031901,0.0,0.0,1.97e-06,8,0,3,1,0.0,1.0,0.0,0.0,0,0,0,False,False,476500.0
100000006641671100,transit,0.37,3,0.1671,"Пропустил 114% полученного дальше: принял 22 тыс ₸ от 2 плательщиков, отдал 25 тыс ₸ на 1 получателя, 36% ушло в первые 2 дня. Признаки транзита.",3,False,2,1,22000.0,25000.0,2,3,1.1364,0.0,0.00043999,5.45e-06,1.025e-05,0.00165499,7,0,3,1,0.36,1.0,1.0,16.0,0,0,0,False,False,47000.0
100000001674850100,terminal,0.826,10,0.1669,"Принял 237 тыс ₸ от 2 плательщиков и удержал 237 тыс ₸; обход на колене 3 не обрывался, значит отсутствие исходящих — поведение, а не артефакт.",3,False,2,0,237000.0,0.0,2,0,0.0,237000.0,0.00031409,0.0,0.0,2.46e-06,8,0,3,2,0.0,2.0,0.0,0.0,0,0,0,False,False,237000.0
100000002632742100,terminal,0.826,10,0.1669,"Принял 236 тыс ₸ от 2 плательщиков и удержал 236 тыс ₸; обход на колене 3 не обрывался, значит отсутствие исходящих — поведение, а не артефакт.",3,False,2,0,235500.0,0.0,2,0,0.0,235500.0,0.00031756,0.0,0.0,1.55e-06,8,0,3,2,0.0,1.0,0.0,0.0,0,0,0,False,False,235500.0
100000003016773100,terminal,0.683,10,0.1669,"Принял 47 тыс ₸ от 1 плательщика и удержал 47 тыс ₸; обход на колене 2 не обрывался, значит отсутствие исходящих — поведение, а не артефакт.",2,False,1,0,46555.0,0.0,1,0,0.0,46555.0,0.0003148,0.0,0.0,2.3e-06,9,0,2,1,0.0,1.0,0.0,0.0,0,0,0,False,False,46555.0
100000008188026100,peripheral,0.6,16,0.1668,"Вход: 2 плательщиков (86 тыс ₸), выход: 4 получателей (338 тыс ₸) — ни один порог роли не пройден. Входит в замкнутую цепочку из 5 узлов. Точка сочленения: изъятие разрывает связность сети.",1,False,2,4,86468.0,337983.17,5,4,3.9088,0.0,0.0002993,8.203e-05,0.0,0.00034781,7,1,1,2,0.0,1.0,2.0,27.0,3,5,0,True,False,424451.17
100000001872484100,peripheral,0.6,54,0.1667,"Вход: 1 плательщика (871 тыс ₸), выход: 3 получателей (515 тыс ₸) — ни один порог роли не пройден. Деньги возвращаются отправителю: 1 встречный счёт.",1,False,1,3,871400.0,514580.0,13,9,0.5905,356820.0,0.00227398,5.9e-07,0.0,0.0,1,1,1,1,0.0,1.0,1.0,30.0,2,2,1,True,False,1385980.0
100000001140785100,terminal,0.821,10,0.1664,"Принял 215 тыс ₸ от 2 плательщиков и удержал 215 тыс ₸; обход на колене 3 не обрывался, значит отсутствие исходящих — поведение, а не артефакт.",3,False,2,0,215000.0,0.0,2,0,0.0,215000.0,0.00031535,0.0,0.0,7.5e-07,8,0,3,1,0.0,2.0,0.0,0.0,0,0,0,False,False,215000.0
100000003031633100,terminal,0.811,7,0.1664,"Принял 414 тыс ₸ от 1 плательщика и удержал 414 тыс ₸; обход на колене 3 не обрывался, значит отсутствие исходящих — поведение, а не артефакт.",3,False,1,0,414000.0,0.0,2,0,0.0,414000.0,0.00031463,0.0,0.0,1.97e-06,8,0,3,1,0.0,1.0,0.0,0.0,0,0,0,False,False,414000.0
100000003246024100,terminal,0.64,0,0.1664,"Принял 25 тыс ₸ от 1 плательщика и удержал 20 тыс ₸; обход на колене 2 не обрывался, значит отсутствие исходящих — поведение, а не артефакт.",2,False,1,1,25000.0,5000.0,1,1,0.2,20000.0,0.00037134,0.00161169,0.0,0.0,7,0,2,2,1.0,1.0,1.0,0.0,0,0,0,False,False,30000.0
100000008730371100,terminal,0.86,0,0.1664,"Принял 520 тыс ₸ от 2 плательщиков и удержал 520 тыс ₸; обход на колене 3 не обрывался, значит отсутствие исходящих — поведение, а не артефакт.",3,False,2,0,520000.0,0.0,3,0,0.0,520000.0,0.00085836,0.0,0.0,0.00114099,7,0,3,1,0.0,1.0,0.0,0.0,0,0,0,False,False,520000.0
100000002878467100,terminal,0.819,10,0.1662,"Принял 200 тыс ₸ от 2 плательщиков и удержал 200 тыс ₸; обход на колене 3 не обрывался, значит отсутствие исходящих — поведение, а не артефакт.",3,False,2,0,200000.0,0.0,2,0,0.0,200000.0,0.0003144,0.0,0.0,2.34e-06,8,0,3,1,0.0,1.0,0.0,0.0,0,0,0,False,False,200000.0
100000004394765100,terminal,0.905,5,0.1656,"Принял 604 тыс ₸ от 3 плательщиков и удержал 521 тыс ₸; обход на колене 1 не обрывался, значит отсутствие исходящих — поведение, а не артефакт.",1,False,3,2,603844.0,82500.0,10,2,0.1366,521344.0,0.00038028,6.516e-05,0.0,0.00038349,7,1,1,2,0.0,2.0,1.0,3.0,0,0,0,False,False,686344.0
100000005667841100,terminal,0.812,10,0.1656,"Принял 186 тыс ₸ от 2 плательщиков и удержал 186 тыс ₸; обход на колене 3 не обрывался, значит отсутствие исходящих — поведение, а не артефакт.",3,False,2,0,186000.0,0.0,2,0,0.0,186000.0,0.00031223,0.0,0.0,2.34e-06,8,0,3,1,0.0,2.0,0.0,0.0,0,0,0,False,False,186000.0
100000008736940100,peripheral,0.6,43,0.1656,"Вход: 3 плательщиков (451 тыс ₸), выход: 3 получателей (182 тыс ₸) — ни один порог роли не пройден. Деньги возвращаются отправителю: 3 встречных счёта.",1,False,3,3,451090.0,182100.0,13,6,0.4037,268990.0,0.00241416,7.9e-07,0.0,0.0,1,1,1,1,0.6431,2.0,2.0,4.0,11,2,3,False,False,633190.0
100000002973903100,terminal,0.811,11,0.1654,"Принял 93 тыс ₸ от 3 плательщиков и удержал 93 тыс ₸; обход на колене 1 не обрывался, значит отсутствие исходящих — поведение, а не артефакт.",1,False,3,0,92880.0,0.0,3,0,0.0,92880.0,0.00031687,0.0,0.0,0.00015493,8,1,1,3,0.0,1.0,0.0,0.0,0,0,0,False,False,92880.0
100000002645609100,terminal,0.941,0,0.1653,"Принял 547 тыс ₸ от 4 плательщиков и удержал 547 тыс ₸; обход на колене 1 не обрывался, значит отсутствие исходящих — поведение, а не артефакт.",1,False,4,0,546820.68,0.0,5,0,0.0,546820.68,0.00035536,0.0,0.0,0.00593362,7,1,1,2,0.0,1.0,0.0,0.0,0,0,0,False,False,546820.68
100000008468762100,terminal,0.808,18,0.1652,"Принял 170 тыс ₸ от 2 плательщиков и удержал 170 тыс ₸; обход на колене 3 не обрывался, значит отсутствие исходящих — поведение, а не артефакт.",3,False,2,0,170000.0,0.0,2,0,0.0,170000.0,0.00031041,0.0,0.0,1.32e-06,8,0,3,2,0.0,2.0,0.0,0.0,0,0,0,False,False,170000.0
100000001733687100,terminal,0.799,7,0.1648,"Принял 300 тыс ₸ от 1 плательщика и удержал 300 тыс ₸; обход на колене 3 не обрывался, значит отсутствие исходящих — поведение, а не артефакт.",3,False,1,0,300000.0,0.0,1,0,0.0,300000.0,0.00030662,0.0,0.0,1.97e-06,8,0,3,1,0.0,1.0,0.0,0.0,0,0,0,False,False,300000.0
100000002205022100,peripheral,0.6,56,0.1648,"Вход: 1 плательщика (7 тыс ₸), выход: 3 получателей (518 тыс ₸) — ни один порог роли не пройден. Точка сочленения: изъятие разрывает связность сети.",2,False,1,3,7100.0,518000.0,1,3,72.9577,0.0,0.00054564,5.451e-05,1.76e-06,0.0,10,0,2,2,0.0116,1.0,1.0,8.0,0,0,0,True,False,525100.0
100000003014659100,terminal,0.795,9,0.1647,"Принял 280 тыс ₸ от 1 плательщика и удержал 280 тыс ₸; обход на колене 1 не обрывался, значит отсутствие исходящих — поведение, а не артефакт.",1,False,1,0,280000.0,0.0,1,0,0.0,280000.0,0.00032804,0.0,0.0,0.0001228,8,1,1,1,0.0,1.0,0.0,0.0,0,0,0,False,False,280000.0
100000003964910100,terminal,0.872,15,0.1647,"Принял 1.0 млн ₸ от 2 плательщиков и удержал 1.0 млн ₸; обход на колене 3 не обрывался, значит отсутствие исходящих — поведение, а не артефакт.",3,False,2,0,1000000.0,0.0,2,0,0.0,1000000.0,0.00050936,0.0,0.0,0.00025204,7,0,3,1,0.0,2.0,0.0,0.0,0,0,0,False,False,1000000.0
100000001339466100,terminal,0.656,2,0.1646,"Принял 30 тыс ₸ от 1 плательщика и удержал 30 тыс ₸; обход на колене 2 не обрывался, значит отсутствие исходящих — поведение, а не артефакт.",2,False,1,0,30000.0,0.0,1,0,0.0,30000.0,0.0003039,0.0,0.0,0.00014277,9,0,2,1,0.0,1.0,0.0,0.0,0,0,0,False,False,30000.0
100000003321423100,terminal,0.74,32,0.1646,"Принял 100 тыс ₸ от 1 плательщика и удержал 100 тыс ₸; обход на колене 2 не обрывался, значит отсутствие исходящих — поведение, а не артефакт.",2,False,1,0,100000.0,0.0,2,0,0.0,100000.0,0.0006711,0.0,0.0,0.0,8,0,2,1,0.0,1.0,0.0,0.0,0,0,0,False,False,100000.0
100000003286537100,terminal,0.802,7,0.1645,"Принял 153 тыс ₸ от 2 плательщиков и удержал 153 тыс ₸; обход на колене 3 не обрывался, значит отсутствие исходящих — поведение, а не артефакт.",3,False,2,0,153000.0,0.0,2,0,0.0,153000.0,0.00030109,0.0,0.0,3.24e-06,8,0,3,1,0.0,2.0,0.0,0.0,0,0,0,False,False,153000.0
100000002529880100,terminal,0.799,10,0.1643,"Принял 147 тыс ₸ от 2 плательщиков и удержал 147 тыс ₸; обход на колене 3 не обрывался, значит отсутствие исходящих — поведение, а не артефакт.",3,False,2,0,147000.0,0.0,2,0,0.0,147000.0,0.00030613,0.0,0.0,3.82e-06,8,0,3,2,0.0,2.0,0.0,0.0,0,0,0,False,False,147000.0
100000002964966100,terminal,0.779,2,0.1641,"Принял 200 тыс ₸ от 1 плательщика и удержал 200 тыс ₸; обход на колене 2 не обрывался, значит отсутствие исходящих — поведение, а не артефакт.",2,False,1,0,200000.0,0.0,1,0,0.0,200000.0,0.00039542,0.0,0.0,0.0,8,0,2,1,0.0,1.0,0.0,0.0,0,0,0,False,False,200000.0
100000004659919100,peripheral,0.6,52,0.1641,"Вход: 1 плательщика (110 тыс ₸), выход: 1 получателя (39 тыс ₸) — ни один порог роли не пройден. Точка сочленения: изъятие разрывает связность сети.",3,False,1,1,110000.0,39000.0,2,1,0.3545,71000.0,0.00072495,2.417e-05,0.0,0.0,10,0,3,1,0.0,1.0,1.0,14.0,0,0,0,True,False,149000.0
100000008659950100,terminal,0.788,10,0.1639,"Принял 246 тыс ₸ от 1 плательщика и удержал 246 тыс ₸; обход на колене 3 не обрывался, значит отсутствие исходящих — поведение, а не артефакт.",3,False,1,0,246000.0,0.0,1,0,0.0,246000.0,0.00032087,0.0,0.0,2.6e-07,8,0,3,1,0.0,1.0,0.0,0.0,0,0,0,False,False,246000.0
100000005561741100,terminal,0.64,8,0.1637,"Принял 25 тыс ₸ от 1 плательщика и удержал 25 тыс ₸; обход на колене 2 не обрывался, значит отсутствие исходящих — поведение, а не артефакт.",2,False,1,0,25000.0,0.0,1,0,0.0,25000.0,0.00032985,0.0,0.0,0.0,9,0,2,1,0.0,1.0,0.0,0.0,0,0,0,False,False,25000.0
100000002596035100,terminal,0.785,9,0.1636,"Принял 232 тыс ₸ от 1 плательщика и удержал 232 тыс ₸; обход на колене 1 не обрывался, значит отсутствие исходящих — поведение, а не артефакт.",1,False,1,0,231570.0,0.0,1,0,0.0,231570.0,0.00032069,0.0,0.0,0.0001228,8,1,1,1,0.0,1.0,0.0,0.0,0,0,0,False,False,231570.0
100000006679055100,terminal,0.64,2,0.1633,"Принял 25 тыс ₸ от 1 плательщика и удержал 25 тыс ₸; обход на колене 2 не обрывался, значит отсутствие исходящих — поведение, а не артефакт.",2,False,1,0,25000.0,0.0,1,0,0.0,25000.0,0.00030085,0.0,0.0,0.00014277,9,0,2,1,0.0,1.0,0.0,0.0,0,0,0,False,False,25000.0
100000001887715100,peripheral,0.6,18,0.1632,"Вход: 3 плательщиков (1.3 млн ₸), выход: 1 получателя (750 тыс ₸) — ни один порог роли не пройден. Точка сочленения: изъятие разрывает связность сети.",3,False,3,1,1331500.0,750000.0,4,1,0.5633,581500.0,0.00073093,2.259e-05,0.0,1.34e-06,9,0,3,1,1.0,3.0,1.0,0.0,0,0,0,True,False,2081500.0
100000005031696100,peripheral,0.6,52,0.163,"Вход: 1 плательщика (5 тыс ₸), выход: 2 получателей (115 тыс ₸) — ни один порог роли не пройден. Точка сочленения: изъятие разрывает связность сети.",2,False,1,2,5000.0,115000.0,1,3,23.0,0.0,0.00053971,9.59e-05,0.0,0.0,10,0,2,2,0.0435,1.0,1.0,5.0,0,0,0,True,False,120000.0
100000005241556100,terminal,0.74,18,0.1629,"Принял 100 тыс ₸ от 1 плательщика и удержал 100 тыс ₸; обход на колене 3 не обрывался, значит отсутствие исходящих — поведение, а не артефакт.",3,False,1,0,100000.0,0.0,1,0,0.0,100000.0,0.00054907,0.0,0.0,0.0,8,0,3,1,0.0,1.0,0.0,0.0,0,0,0,False,False,100000.0
100000006443391100,peripheral,0.6,7,0.1629,"Вход: 3 плательщиков (87 тыс ₸), выход: 2 получателей (60 тыс ₸) — ни один порог роли не пройден. Деньги возвращаются отправителю: 2 встречных счёта.",1,False,3,2,86775.93,60041.71,7,6,0.6919,26734.22,0.00241951,1.19e-06,0.0,2.312e-05,1,1,1,1,0.0,1.0,1.0,23.0,2,2,2,True,False,146817.64
100000000733451100,peripheral,0.6,13,0.1628,"Вход: 1 плательщика (70 тыс ₸), выход: 1 получателя (300 тыс ₸) — ни один порог роли не пройден. Точка сочленения: изъятие разрывает связность сети.",3,False,1,1,70000.0,300000.0,2,1,4.2857,0.0,0.00054126,2.457e-05,0.0,0.0,10,0,3,1,0.0,1.0,1.0,-12.0,0,0,0,True,False,370000.0
100000000993112100,terminal,0.757,33,0.1628,"Принял 141 тыс ₸ от 1 плательщика и удержал 141 тыс ₸; обход на колене 2 не обрывался, значит отсутствие исходящих — поведение, а не артефакт.",2,False,1,0,141000.0,0.0,1,0,0.0,141000.0,0.00044111,0.0,0.0,0.0,8,0,2,1,0.0,1.0,0.0,0.0,0,0,0,False,False,141000.0
100000002958139100,terminal,0.78,7,0.1628,"Принял 210 тыс ₸ от 1 плательщика и удержал 210 тыс ₸; обход на колене 3 не обрывался, значит отсутствие исходящих — поведение, а не артефакт.",3,False,1,0,209500.0,0.0,2,0,0.0,209500.0,0.00030027,0.0,0.0,1.97e-06,8,0,3,1,0.0,1.0,0.0,0.0,0,0,0,False,False,209500.0
100000002720627100,terminal,0.776,9,0.1627,"Принял 199 тыс ₸ от 1 плательщика и удержал 199 тыс ₸; обход на колене 1 не обрывался, значит отсутствие исходящих — поведение, а не артефакт.",1,False,1,0,199300.0,0.0,1,0,0.0,199300.0,0.0003158,0.0,0.0,0.0001228,8,1,1,1,0.0,1.0,0.0,0.0,0,0,0,False,False,199300.0
100000002760175100,terminal,0.772,9,0.1623,"Принял 187 тыс ₸ от 1 плательщика и удержал 187 тыс ₸; обход на колене 1 не обрывался, значит отсутствие исходящих — поведение, а не артефакт.",1,False,1,0,187410.0,0.0,1,0,0.0,187410.0,0.00031399,0.0,0.0,0.0001228,8,1,1,1,0.0,1.0,0.0,0.0,0,0,0,False,False,187410.0
100000000596954100,peripheral,0.6,2,0.1622,"Вход: 1 плательщика (120 тыс ₸), выход: 2 получателей (48 тыс ₸) — ни один порог роли не пройден. Точка сочленения: изъятие разрывает связность сети.",2,False,1,2,120000.0,48100.0,1,2,0.4008,71900.0,0.00051561,4.835e-05,0.0,0.0,10,0,2,1,1.0,1.0,2.0,2.0,0,0,0,True,False,168100.0
100000002459832100,terminal,0.871,3,0.1622,"Принял 881 тыс ₸ от 2 плательщиков и удержал 881 тыс ₸; обход на колене 3 не обрывался, значит отсутствие исходящих — поведение, а не артефакт.",3,False,2,0,880606.0,0.0,2,0,0.0,880606.0,0.00039319,0.0,0.0,0.00020964,7,0,3,1,0.0,1.0,0.0,0.0,0,0,0,False,False,880606.0
100000004948177100,terminal,0.892,5,0.162,"Принял 437 тыс ₸ от 3 плательщиков и удержал 437 тыс ₸; обход на колене 1 не обрывался, значит отсутствие исходящих — поведение, а не артефакт.",1,False,3,0,437163.0,0.0,8,0,0.0,437163.0,0.00042216,0.0,0.0,0.00032984,7,1,1,1,0.0,1.0,0.0,0.0,0,0,0,False,False,437163.0
100000002943472100,terminal,0.768,10,0.1619,"Принял 170 тыс ₸ от 1 плательщика и удержал 170 тыс ₸; обход на колене 3 не обрывался, значит отсутствие исходящих — поведение, а не артефакт.",3,False,1,0,170000.0,0.0,1,0,0.0,170000.0,0.00030996,0.0,0.0,2.6e-07,8,0,3,1,0.0,1.0,0.0,0.0,0,0,0,False,False,170000.0
100000008587459100,peripheral,0.6,0,0.1618,"Вход: 2 плательщиков (182 тыс ₸), выход: 2 получателей (686 тыс ₸) — ни один порог роли не пройден. Входит в замкнутую цепочку из 3 узлов.",2,False,2,2,181507.0,686500.0,2,4,3.7822,0.0,0.00030076,1.772e-05,0.00050359,0.00304795,7,0,2,2,0.0,1.0,1.0,-2.0,39,3,0,False,False,868007.0
100000008628231100,peripheral,0.6,64,0.1618,"Вход: 1 плательщика (50 тыс ₸), выход: 2 получателей (628 тыс ₸) — ни один порог роли не пройден. Точка сочленения: изъятие разрывает связность сети.",1,False,1,2,50000.0,627870.0,1,19,12.5574,0.0,0.00029558,4.756e-05,0.0,0.00046117,10,1,1,2,0.035,1.0,1.0,7.0,0,0,0,True,False,677870.0
100000002988894100,peripheral,0.6,2,0.1617,"Вход: 1 плательщика (306 тыс ₸), выход: 3 получателей (78 тыс ₸) — ни один порог роли не пройден. Точка сочленения: изъятие разрывает связность сети.",1,False,1,3,306121.0,77500.0,1,3,0.2532,228621.0,0.00034687,7.133e-05,0.0,0.00046117,10,1,1,1,0.3742,1.0,1.0,0.0,0,0,0,True,False,383621.0
100000005539910100,peripheral,0.6,2,0.1617,"Вход: 1 плательщика (102 тыс ₸), выход: 2 получателей (22 тыс ₸) — ни один порог роли не пройден. Точка сочленения: изъятие разрывает связность сети.",2,False,1,2,102000.0,22000.0,1,2,0.2157,80000.0,0.00049873,4.795e-05,0.0,0.0,10,0,2,1,0.0,1.0,2.0,4.0,0,0,0,True,False,124000.0
100000005619339100,transit,0.328,5,0.1614,"Пропустил 109% полученного дальше: принял 5 тыс ₸ от 1 плательщика, отдал 5 тыс ₸ на 1 получателя. Признаки транзита.",2,False,1,1,5000.0,5442.6,1,1,1.0885,0.0,0.00032083,0.0,2.31e-06,2.1e-07,7,0,2,2,0.0,1.0,1.0,-18.0,0,0,0,False,False,10442.6
100000003089553100,terminal,0.761,10,0.1613,"Принял 150 тыс ₸ от 1 плательщика и удержал 150 тыс ₸; обход на колене 3 не обрывался, значит отсутствие исходящих — поведение, а не артефакт.",3,False,1,0,150000.0,0.0,1,0,0.0,150000.0,0.00030709,0.0,0.0,2.6e-07,8,0,3,1,0.0,1.0,0.0,0.0,0,0,0,False,False,150000.0
100000007334196100,terminal,0.761,9,0.1613,"Принял 150 тыс ₸ от 1 плательщика и удержал 150 тыс ₸; обход на колене 1 не обрывался, значит отсутствие исходящих — поведение, а не артефакт.",1,False,1,0,150002.0,0.0,1,0,0.0,150002.0,0.00030832,0.0,0.0,0.0001228,8,1,1,1,0.0,1.0,0.0,0.0,0,0,0,False,False,150002.0
100000003366154100,peripheral,0.6,2,0.1612,"Вход: 1 плательщика (125 тыс ₸), выход: 3 получателей (289 тыс ₸) — ни один порог роли не пройден. Точка сочленения: изъятие разрывает связность сети.",1,False,1,3,125000.0,289170.0,1,3,2.3134,0.0,0.0003106,6.147e-05,5.354e-05,0.00046117,10,1,1,1,1.0,1.0,3.0,0.0,0,0,0,True,False,414170.0
100000004622227100,transit,0.314,0,0.1612,"Пропустил 76% полученного дальше: принял 25 тыс ₸ от 1 плательщика, отдал 19 тыс ₸ на 3 получателей. Признаки транзита.",1,False,1,3,24931.0,19000.0,1,3,0.7621,5931.0,0.00029025,4.784e-05,0.00034394,0.00215168,7,1,1,3,0.0,1.0,2.0,11.0,0,0,0,False,False,43931.0
100000004737764100,terminal,0.824,2,0.1612,"Принял 600 тыс ₸ от 1 плательщика и удержал 600 тыс ₸; обход на колене 3 не обрывался, значит отсутствие исходящих — поведение, а не артефакт.",3,False,1,0,600000.0,0.0,1,0,0.0,600000.0,0.00067662,0.0,0.0,0.0,7,0,3,1,0.0,1.0,0.0,0.0,0,0,0,False,False,600000.0
100000002936322100,terminal,0.869,3,0.1611,"Принял 787 тыс ₸ от 2 плательщиков и удержал 787 тыс ₸; обход на колене 3 не обрывался, значит отсутствие исходящих — поведение, а не артефакт.",3,False,2,0,787133.0,0.0,2,0,0.0,787133.0,0.00036638,0.0,0.0,0.00168377,7,0,3,1,0.0,1.0,0.0,0.0,0,0,0,False,False,787133.0
100000001251686100,terminal,0.611,2,0.161,"Принял 18 тыс ₸ от 1 плательщика и удержал 18 тыс ₸; обход на колене 2 не обрывался, значит отсутствие исходящих — поведение, а не артефакт.",2,False,1,0,18000.0,0.0,1,0,0.0,18000.0,0.00029657,0.0,0.0,0.00014277,9,0,2,1,0.0,1.0,0.0,0.0,0,0,0,False,False,18000.0
100000004388353100,terminal,0.748,9,0.1607,"Принял 63 тыс ₸ от 2 плательщиков и удержал 63 тыс ₸; обход на колене 1 не обрывался, значит отсутствие исходящих — поведение, а не артефакт.",1,False,2,0,62960.0,0.0,2,0,0.0,62960.0,0.00034076,0.0,0.0,0.0001519,8,1,1,2,0.0,1.0,0.0,0.0,0,0,0,False,False,62960.0
100000004480280100,peripheral,0.6,2,0.1607,"Вход: 1 плательщика (147 тыс ₸), выход: 2 получателей (296 тыс ₸) — ни один порог роли не пройден. Точка сочленения: изъятие разрывает связность сети.",1,False,1,2,146694.0,295850.0,1,7,2.0168,0.0,0.00031494,3.572e-05,2e-08,0.00046117,10,1,1,1,0.24,1.0,2.0,5.0,0,0,0,True,False,442544.0
100000002645993100,peripheral,0.6,0,0.1603,"Вход: 2 плательщиков (50 тыс ₸), выход: 5 получателей (87 тыс ₸) — ни один порог роли не пройден. Входит в замкнутую цепочку из 4 узлов.",3,False,2,5,49650.0,86980.0,4,9,1.7519,0.0,0.00029331,9.388e-05,0.00056291,0.0035486,7,0,3,3,1.0,2.0,4.0,2.0,18,4,0,False,False,136630.0
100000008624978100,terminal,0.744,18,0.1603,"Принял 109 тыс ₸ от 1 плательщика и удержал 109 тыс ₸; обход на колене 2 не обрывался, значит отсутствие исходящих — поведение, а не артефакт.",2,False,1,0,109000.0,0.0,1,0,0.0,109000.0,0.00033803,0.0,0.0,6e-08,8,0,2,1,0.0,1.0,0.0,0.0,0,0,0,False,False,109000.0
100000005079754100,peripheral,0.6,2,0.1601,"Вход: 1 плательщика (70 тыс ₸), выход: 2 получателей (122 тыс ₸) — ни один порог роли не пройден. Точка сочленения: изъятие разрывает связность сети.",1,False,1,2,70000.0,122000.0,1,2,1.7429,0.0,0.00029959,9.511e-05,0.0,0.00046117,10,1,1,1,0.1639,1.0,1.0,1.0,0,0,0,True,False,192000.0
100000003292191100,terminal,0.746,18,0.1599,"Принял 112 тыс ₸ от 1 плательщика и удержал 112 тыс ₸; обход на колене 3 не обрывался, значит отсутствие исходящих — поведение, а не артефакт.",3,False,1,0,112000.0,0.0,1,0,0.0,112000.0,0.00029963,0.0,0.0,1.29e-06,8,0,3,1,0.0,1.0,0.0,0.0,0,0,0,False,False,112000.0
100000003671721100,terminal,0.553,8,0.1599,"Принял 5 тыс ₸ от 1 плательщика и удержал 5 тыс ₸; обход на колене 3 не обрывался, значит отсутствие исходящих — поведение, а не артефакт.",3,False,1,0,5000.0,0.0,1,0,0.0,5000.0,0.00055874,0.0,0.0,0.0,9,0,3,1,0.0,1.0,0.0,0.0,0,0,0,False,False,5000.0
100000001689968100,terminal,0.883,4,0.1596,"Принял 344 тыс ₸ от 3 плательщиков и удержал 344 тыс ₸; обход на колене 3 не обрывался, значит отсутствие исходящих — поведение, а не артефакт.",3,False,3,0,344333.75,0.0,3,0,0.0,344333.75,0.00033914,0.0,0.0,0.00404889,7,0,3,3,0.0,1.0,0.0,0.0,0,0,0,False,False,344333.75
100000006532229100,terminal,0.742,10,0.1596,"Принял 105 тыс ₸ от 1 плательщика и удержал 105 тыс ₸; обход на колене 3 не обрывался, значит отсутствие исходящих — поведение, а не артефакт.",3,False,1,0,105000.0,0.0,1,0,0.0,105000.0,0.00030064,0.0,0.0,2.6e-07,8,0,3,1,0.0,1.0,0.0,0.0,0,0,0,False,False,105000.0
100000008555918100,peripheral,0.6,2,0.1596,"Вход: 1 плательщика (139 тыс ₸), выход: 2 получателей (43 тыс ₸) — ни один порог роли не пройден. Точка сочленения: изъятие разрывает связность сети.",1,False,1,2,139211.0,43300.0,1,2,0.311,95911.0,0.00031344,4.756e-05,0.0,0.00046117,10,1,1,1,0.0,1.0,1.0,-4.0,0,0,0,True,False,182511.0
100000007648946100,transit,0.308,13,0.1595,"Пропустил 128% полученного дальше: принял 20 тыс ₸ от 1 плательщика, отдал 25 тыс ₸ на 1 получателя. Признаки транзита.",1,False,1,1,19550.0,25000.0,1,1,1.2788,0.0,0.00028924,2.91e-06,6.056e-05,0.00215168,7,1,1,2,0.0,1.0,1.0,3.0,0,0,0,False,False,44550.0
100000002877262100,terminal,0.74,10,0.1594,"Принял 100 тыс ₸ от 1 плательщика и удержал 100 тыс ₸; обход на колене 3 не обрывался, значит отсутствие исходящих — поведение, а не артефакт.",3,False,1,0,100000.0,0.0,1,0,0.0,100000.0,0.00029992,0.0,0.0,2.6e-07,8,0,3,1,0.0,1.0,0.0,0.0,0,0,0,False,False,100000.0
100000008070101100,terminal,0.74,7,0.1593,"Принял 100 тыс ₸ от 1 плательщика и удержал 100 тыс ₸; обход на колене 3 не обрывался, значит отсутствие исходящих — поведение, а не артефакт.",3,False,1,0,100000.0,0.0,1,0,0.0,100000.0,0.00029259,0.0,0.0,1.97e-06,8,0,3,1,0.0,1.0,0.0,0.0,0,0,0,False,False,100000.0
100000008221543100,terminal,0.861,15,0.1593,"Принял 542 тыс ₸ от 2 плательщиков и удержал 542 тыс ₸; обход на колене 1 не обрывался, значит отсутствие исходящих — поведение, а не артефакт.",1,False,2,0,542000.0,0.0,2,0,0.0,542000.0,0.00037148,0.0,0.0,0.00238503,7,1,1,2,0.0,1.0,0.0,0.0,0,0,0,False,False,542000.0
100000002613929100,terminal,0.649,7,0.1591,"Принял 29 тыс ₸ от 1 плательщика и удержал 29 тыс ₸; обход на колене 3 не обрывался, значит отсутствие исходящих — поведение, а не артефакт.",3,False,1,0,28560.0,0.0,1,0,0.0,28560.0,0.00078093,0.0,0.0,0.0,8,0,3,1,0.0,1.0,0.0,0.0,0,0,0,False,False,28560.0
100000002736316100,terminal,0.872,0,0.1591,"Принял 267 тыс ₸ от 3 плательщиков и удержал 267 тыс ₸; обход на колене 3 не обрывался, значит отсутствие исходящих — поведение, а не артефакт.",3,False,3,0,266921.0,0.0,3,0,0.0,266921.0,0.00038382,0.0,0.0,0.00250669,7,0,3,3,0.0,2.0,0.0,0.0,0,0,0,False,False,266921.0
100000000979923100,terminal,0.735,9,0.159,"Принял 98 тыс ₸ от 1 плательщика и удержал 98 тыс ₸; обход на колене 1 не обрывался, значит отсутствие исходящих — поведение, а не артефакт.",1,False,1,0,97900.0,0.0,1,0,0.0,97900.0,0.00030042,0.0,0.0,0.0001228,8,1,1,1,0.0,1.0,0.0,0.0,0,0,0,False,False,97900.0
100000004186824100,terminal,0.854,5,0.159,"Принял 452 тыс ₸ от 2 плательщиков и удержал 445 тыс ₸; обход на колене 1 не обрывался, значит отсутствие исходящих — поведение, а не артефакт.",1,False,2,1,451700.0,7000.0,7,1,0.0155,444700.0,0.00038193,2.18e-06,0.00012667,0.00030784,7,1,1,1,0.0,1.0,1.0,15.0,0,0,0,False,False,458700.0
100000005897462100,terminal,0.735,9,0.159,"Принял 98 тыс ₸ от 1 плательщика и удержал 98 тыс ₸; обход на колене 1 не обрывался, значит отсутствие исходящих — поведение, а не артефакт.",1,False,1,0,98400.0,0.0,1,0,0.0,98400.0,0.00030049,0.0,0.0,0.0001228,8,1,1,1,0.0,1.0,0.0,0.0,0,0,0,False,False,98400.0
100000004134060100,terminal,0.728,18,0.1589,"Принял 88 тыс ₸ от 1 плательщика и удержал 88 тыс ₸; обход на колене 2 не обрывался, значит отсутствие исходящих — поведение, а не артефакт.",2,False,1,0,88179.0,0.0,1,0,0.0,88179.0,0.00032801,0.0,0.0,6e-08,8,0,2,1,0.0,1.0,0.0,0.0,0,0,0,False,False,88179.0
100000002958343100,peripheral,0.6,6,0.1588,"Вход: 1 плательщика (2.9 млн ₸), выход: 2 получателей (1.4 млн ₸) — ни один порог роли не пройден. Деньги возвращаются отправителю: 1 встречный счёт.",2,False,1,2,2900000.0,1390000.0,4,17,0.4793,1510000.0,0.00062951,4e-07,1.88e-06,0.0,1,0,2,1,0.0576,1.0,2.0,28.0,1,2,1,True,False,4290000.0
100000001875167100,terminal,0.832,4,0.1587,"Принял 1.0 млн ₸ от 1 плательщика и удержал 1.0 млн ₸; обход на колене 3 не обрывался, значит отсутствие исходящих — поведение, а не артефакт.",3,False,1,0,1000000.0,0.0,2,0,0.0,1000000.0,0.00031798,0.0,0.0,0.00294017,7,0,3,1,0.0,1.0,0.0,0.0,0,0,0,False,False,1000000.0
100000007311010100,peripheral,0.6,2,0.1587,"Вход: 2 плательщиков (64 тыс ₸), выход: 1 получателя (20 тыс ₸) — ни один порог роли не пройден. Точка сочленения: изъятие разрывает связность сети.",1,False,2,1,64480.0,20000.0,2,1,0.3102,44480.0,0.00030936,2.398e-05,0.0,0.00060394,10,1,1,1,0.0,1.0,1.0,-15.0,0,0,0,True,False,84480.0
100000006445501100,terminal,0.73,9,0.1586,"Принял 91 тыс ₸ от 1 плательщика и удержал 91 тыс ₸; обход на колене 1 не обрывался, значит отсутствие исходящих — поведение, а не артефакт.",1,False,1,0,91000.0,0.0,1,0,0.0,91000.0,0.00029937,0.0,0.0,0.0001228,8,1,1,1,0.0,1.0,0.0,0.0,0,0,0,False,False,91000.0
100000008634520100,terminal,0.73,10,0.1586,"Принял 90 тыс ₸ от 1 плательщика и удержал 90 тыс ₸; обход на колене 3 не обрывался, значит отсутствие исходящих — поведение, а не артефакт.",3,False,1,0,90000.0,0.0,1,0,0.0,90000.0,0.00029848,0.0,0.0,2.6e-07,8,0,3,1,0.0,1.0,0.0,0.0,0,0,0,False,False,90000.0
100000000912487100,terminal,0.579,2,0.1585,"Принял 10 тыс ₸ от 1 плательщика и удержал 10 тыс ₸; обход на колене 2 не обрывался, значит отсутствие исходящих — поведение, а не артефакт.",2,False,1,0,10000.0,0.0,1,0,0.0,10000.0,0.00029168,0.0,0.0,0.00014277,9,0,2,1,0.0,1.0,0.0,0.0,0,0,0,False,False,10000.0
100000004114962100,terminal,0.806,4,0.1585,"Принял 165 тыс ₸ от 2 плательщиков и удержал 165 тыс ₸; обход на колене 3 не обрывался, значит отсутствие исходящих — поведение, а не артефакт.",3,False,2,0,165000.0,0.0,2,0,0.0,165000.0,0.00071129,0.0,0.0,0.00296368,7,0,3,2,0.0,1.0,0.0,0.0,0,0,0,False,False,165000.0
100000001567366100,terminal,0.83,5,0.1584,"Принял 824 тыс ₸ от 1 плательщика и удержал 824 тыс ₸; обход на колене 1 не обрывался, значит отсутствие исходящих — поведение, а не артефакт.",1,False,1,0,824070.0,0.0,4,0,0.0,824070.0,0.00037417,0.0,0.0,0.00029524,7,1,1,1,0.0,1.0,0.0,0.0,0,0,0,False,False,824070.0
100000001690558100,terminal,0.828,17,0.1584,"Принял 740 тыс ₸ от 1 плательщика и удержал 740 тыс ₸; обход на колене 3 не обрывался, значит отсутствие исходящих — поведение, а не артефакт.",3,False,1,0,740000.0,0.0,1,0,0.0,740000.0,0.00041212,0.0,0.0,8.448e-05,7,0,3,1,0.0,1.0,0.0,0.0,0,0,0,False,False,740000.0
100000004315838100,peripheral,0.6,2,0.1584,"Вход: 2 плательщиков (50 тыс ₸), выход: 1 получателя (18 тыс ₸) — ни один порог роли не пройден. Точка сочленения: изъятие разрывает связность сети.",1,False,2,1,50000.0,18000.0,2,1,0.36,32000.0,0.00029139,2.378e-05,0.0,0.00340134,10,1,1,2,0.0,1.0,1.0,-2.0,0,0,0,True,False,68000.0
100000004587414100,terminal,0.861,4,0.1584,"Принял 534 тыс ₸ от 2 плательщиков и удержал 534 тыс ₸; обход на колене 3 не обрывался, значит отсутствие исходящих — поведение, а не артефакт.",3,False,2,0,533603.0,0.0,2,0,0.0,533603.0,0.00031487,0.0,0.0,0.00407211,7,0,3,2,0.0,1.0,0.0,0.0,0,0,0,False,False,533603.0
100000008767065100,terminal,0.579,18,0.1584,"Принял 10 тыс ₸ от 1 плательщика и удержал 10 тыс ₸; обход на колене 3 не обрывался, значит отсутствие исходящих — поведение, а не артефакт.",3,False,1,0,10000.0,0.0,1,0,0.0,10000.0,0.0002871,0.0,0.0,3.6e-07,9,0,3,1,0.0,1.0,0.0,0.0,0,0,0,False,False,10000.0
100000001083990100,terminal,0.689,11,0.1583,"Принял 50 тыс ₸ от 1 плательщика и удержал 50 тыс ₸; обход на колене 2 не обрывался, значит отсутствие исходящих — поведение, а не артефакт.",2,False,1,0,49900.0,0.0,2,0,0.0,49900.0,0.00050211,0.0,0.0,0.0,8,0,2,1,0.0,1.0,0.0,0.0,0,0,0,False,False,49900.0
100000002796853100,peripheral,0.6,61,0.1583,"Вход: 1 плательщика (199 тыс ₸), выход: 1 получателя (46 тыс ₸) — ни один порог роли не пройден. Деньги возвращаются отправителю: 1 встречный счёт.",2,False,1,1,199000.0,46167.62,8,5,0.232,152832.38,0.0021136,0.0,0.0,5e-08,1,0,2,1,0.4332,1.0,1.0,17.0,1,2,1,False,False,245167.62
100000005614315100,terminal,0.814,5,0.1583,"Принял 455 тыс ₸ от 1 плательщика и удержал 455 тыс ₸; обход на колене 2 не обрывался, значит отсутствие исходящих — поведение, а не артефакт.",2,False,1,0,455000.0,0.0,1,0,0.0,455000.0,0.00057509,0.0,0.0,0.0,7,0,2,1,0.0,1.0,0.0,0.0,0,0,0,False,False,455000.0
100000007777377100,terminal,0.815,5,0.1583,"Принял 456 тыс ₸ от 1 плательщика и удержал 446 тыс ₸; обход на колене 2 не обрывался, значит отсутствие исходящих — поведение, а не артефакт.",2,False,1,2,456290.0,10000.0,7,2,0.0219,446290.0,0.00036115,0.00013593,0.0,4.04e-06,7,0,2,2,0.0,1.0,1.0,11.0,0,0,0,False,False,466290.0
100000005799271100,terminal,0.681,9,0.1582,"Принял 45 тыс ₸ от 1 плательщика и удержал 45 тыс ₸; обход на колене 2 не обрывался, значит отсутствие исходящих — поведение, а не артефакт.",2,False,1,0,45000.0,0.0,2,0,0.0,45000.0,0.00053667,0.0,0.0,0.0,8,0,2,1,0.0,1.0,0.0,0.0,0,0,0,False,False,45000.0
100000006745291100,terminal,0.724,9,0.1581,"Принял 83 тыс ₸ от 1 плательщика и удержал 83 тыс ₸; обход на колене 1 не обрывался, значит отсутствие исходящих — поведение, а не артефакт.",1,False,1,0,82534.0,0.0,1,0,0.0,82534.0,0.00029809,0.0,0.0,0.0001228,8,1,1,1,0.0,1.0,0.0,0.0,0,0,0,False,False,82534.0
100000001223977100,peripheral,0.6,52,0.158,"Вход: 1 плательщика (5 тыс ₸), выход: 1 получателя (18 тыс ₸) — ни один порог роли не пройден. Точка сочленения: изъятие разрывает связность сети.",3,False,1,1,5000.0,18000.0,1,1,3.6,0.0,0.00030554,2.417e-05,0.0,0.0,10,0,3,1,0.0,1.0,1.0,19.0,0,0,0,True,False,23000.0
100000002704875100,terminal,0.868,3,0.1577,"Принял 245 тыс ₸ от 3 плательщиков и удержал 245 тыс ₸; обход на колене 1 не обрывался, значит отсутствие исходящих — поведение, а не артефакт.",1,False,3,0,244891.0,0.0,4,0,0.0,244891.0,0.00031507,0.0,0.0,0.00483983,7,1,1,3,0.0,1.0,0.0,0.0,0,0,0,False,False,244891.0
100000002849158100,peripheral,0.6,7,0.1577,"Вход: 3 плательщиков (723 тыс ₸), выход: 1 получателя (1.3 млн ₸) — ни один порог роли не пройден. Точка сочленения: изъятие разрывает связность сети.",3,False,3,1,723000.0,1313000.0,3,3,1.816,0.0,0.00033625,2.279e-05,0.0,7.91e-06,9,0,3,2,0.5506,3.0,1.0,0.0,0,0,0,True,False,2036000.0
100000004318918100,terminal,0.719,9,0.1577,"Принял 76 тыс ₸ от 1 плательщика и удержал 76 тыс ₸; обход на колене 1 не обрывался, значит отсутствие исходящих — поведение, а не артефакт.",1,False,1,0,75600.0,0.0,1,0,0.0,75600.0,0.00029704,0.0,0.0,0.0001228,8,1,1,1,0.0,1.0,0.0,0.0,0,0,0,False,False,75600.0
100000008417359100,peripheral,0.6,15,0.1576,"Вход: 1 плательщика (41 тыс ₸), выход: 2 получателей (111 тыс ₸) — ни один порог роли не пройден. Входит в замкнутую цепочку из 3 узлов.",3,False,1,2,40810.0,110760.0,2,3,2.714,0.0,0.00029199,0.0,0.00024513,0.00023334,7,0,3,1,0.8126,1.0,1.0,1.0,1,3,0,False,False,151570.0
100000002457464100,terminal,0.711,2,0.1575,"Принял 67 тыс ₸ от 1 плательщика и удержал 67 тыс ₸; обход на колене 2 не обрывался, значит отсутствие исходящих — поведение, а не артефакт.",2,False,1,0,66647.0,0.0,1,0,0.0,66647.0,0.00032217,0.0,0.0,0.0,8,0,2,1,0.0,1.0,0.0,0.0,0,0,0,False,False,66647.0
100000007647294100,terminal,0.807,35,0.1575,"Принял 385 тыс ₸ от 1 плательщика и удержал 385 тыс ₸; обход на колене 3 не обрывался, значит отсутствие исходящих — поведение, а не артефакт.",3,False,1,0,385000.0,0.0,1,0,0.0,385000.0,0.00057922,0.0,0.0,0.0,7,0,3,1,0.0,1.0,0.0,0.0,0,0,0,False,False,385000.0
100000008752616100,peripheral,0.6,7,0.1575,"Вход: 2 плательщиков (65 тыс ₸), выход: 7 получателей (1.3 млн ₸) — ни один порог роли не пройден. Отдаёт в 20× больше видимых входящих: источник вне выгрузки.",2,False,2,7,64510.0,1265000.0,2,7,19.6094,0.0,0.00031306,0.00013876,4.86e-06,1.35e-06,9,0,2,2,0.0,1.0,3.0,7.0,0,0,0,True,False,1329510.0
100000002593038100,terminal,0.649,11,0.1574,"Принял 28 тыс ₸ от 1 плательщика и удержал 28 тыс ₸; обход на колене 2 не обрывался, значит отсутствие исходящих — поведение, а не артефакт.",2,False,1,0,28500.0,0.0,1,0,0.0,28500.0,0.00065861,0.0,0.0,0.0,8,0,2,1,0.0,1.0,0.0,0.0,0,0,0,False,False,28500.0
100000004664905100,terminal,0.841,5,0.1574,"Принял 329 тыс ₸ от 2 плательщиков и удержал 329 тыс ₸; обход на колене 1 не обрывался, значит отсутствие исходящих — поведение, а не артефакт.",1,False,2,0,329020.0,0.0,4,0,0.0,329020.0,0.00041184,0.0,0.0,0.00030537,7,1,1,1,0.0,1.0,0.0,0.0,0,0,0,False,False,329020.0
100000008356606100,terminal,0.807,13,0.1574,"Принял 168 тыс ₸ от 2 плательщиков и удержал 168 тыс ₸; обход на колене 2 не обрывался, значит отсутствие исходящих — поведение, а не артефакт.",2,False,2,0,168500.0,0.0,2,0,0.0,168500.0,0.00062679,0.0,0.0,1.72e-06,7,0,2,1,0.0,1.0,0.0,0.0,0,0,0,False,False,168500.0
100000003934614100,peripheral,0.6,34,0.1573,"Вход: 2 плательщиков (17 тыс ₸), выход: 1 получателя (12 тыс ₸) — ни один порог роли не пройден. Входит в замкнутую цепочку из 3 узлов.",3,False,2,1,17000.0,11500.0,2,2,0.6765,5500.0,0.00031349,7e-08,6e-08,1.777e-05,7,0,3,1,0.0,1.0,1.0,9.0,4,3,0,False,False,28500.0
100000006385877100,peripheral,0.6,7,0.1573,"Вход: 1 плательщика (54 тыс ₸), выход: 1 получателя (37 тыс ₸) — ни один порог роли не пройден. Деньги возвращаются отправителю: 1 встречный счёт.",2,False,1,1,53706.62,36602.93,5,5,0.6815,17103.69,0.0020943,0.0,9.84e-06,0.0,1,0,2,1,0.1366,1.0,1.0,15.0,1,2,1,False,False,90309.55
100000007793871100,terminal,0.642,9,0.1573,"Принял 26 тыс ₸ от 1 плательщика и удержал 26 тыс ₸; обход на колене 3 не обрывался, значит отсутствие исходящих — поведение, а не артефакт.",3,False,1,0,26000.0,0.0,3,0,0.0,26000.0,0.00068723,0.0,0.0,0.0,8,0,3,1,0.0,1.0,0.0,0.0,0,0,0,False,False,26000.0
100000001737722100,terminal,0.707,2,0.1571,"Принял 60 тыс ₸ от 1 плательщика и удержал 60 тыс ₸; обход на колене 2 не обрывался, значит отсутствие исходящих — поведение, а не артефакт.",2,False,1,0,60460.0,0.0,1,0,0.0,60460.0,0.00031878,0.0,0.0,0.0,8,0,2,1,0.0,1.0,0.0,0.0,0,0,0,False,False,60460.0
100000003221384100,terminal,0.82,16,0.1571,"Принял 511 тыс ₸ от 1 плательщика и удержал 511 тыс ₸; обход на колене 2 не обрывался, значит отсутствие исходящих — поведение, а не артефакт.",2,False,1,0,511200.0,0.0,1,0,0.0,511200.0,0.0004482,0.0,0.0,3.568e-05,7,0,2,1,0.0,1.0,0.0,0.0,0,0,0,False,False,511200.0
100000002799941100,terminal,0.824,17,0.157,"Принял 600 тыс ₸ от 1 плательщика и удержал 600 тыс ₸; обход на колене 3 не обрывался, значит отсутствие исходящих — поведение, а не артефакт.",3,False,1,0,600000.0,0.0,1,0,0.0,600000.0,0.00038818,0.0,0.0,8.448e-05,7,0,3,1,0.0,1.0,0.0,0.0,0,0,0,False,False,600000.0
100000003798151100,terminal,0.804,5,0.157,"Принял 350 тыс ₸ от 1 плательщика и удержал 350 тыс ₸; обход на колене 2 не обрывался, значит отсутствие исходящих — поведение, а не артефакт.",2,False,1,0,350000.0,0.0,3,0,0.0,350000.0,0.00057539,0.0,0.0,0.0,7,0,2,1,0.0,1.0,0.0,0.0,0,0,0,False,False,350000.0
100000008758168100,peripheral,0.6,18,0.157,"Вход: 2 плательщиков (75 тыс ₸), выход: 5 получателей (1.5 млн ₸) — ни один порог роли не пройден. Отдаёт в 20× больше видимых входящих: источник вне выгрузки.",2,False,2,5,75410.0,1533600.0,2,5,20.3368,0.0,0.00031837,5.602e-05,4.49e-06,1.33e-06,9,0,2,3,0.0,1.0,2.0,6.0,0,0,0,True,False,1609010.0
100000006111442100,terminal,0.709,10,0.1569,"Принял 64 тыс ₸ от 1 плательщика и удержал 64 тыс ₸; обход на колене 3 не обрывался, значит отсутствие исходящих — поведение, а не артефакт.",3,False,1,0,64000.0,0.0,1,0,0.0,64000.0,0.00029553,0.0,0.0,1.85e-06,8,0,3,1,0.0,1.0,0.0,0.0,0,0,0,False,False,64000.0
100000008659445100,peripheral,0.6,43,0.1567,"Вход: 3 плательщиков (138 тыс ₸), выход: 4 получателей (875 тыс ₸) — ни один порог роли не пройден. Деньги возвращаются отправителю: 3 встречных счёта.",0,True,3,4,138490.0,875150.0,7,18,6.3192,0.0,0.0024238,9.9e-07,0.0,0.0,0,0,0,1,0.0,2.0,2.0,26.0,11,2,3,False,False,1013640.0
100000002691858100,terminal,0.696,33,0.1566,"Принял 52 тыс ₸ от 1 плательщика и удержал 52 тыс ₸; обход на колене 2 не обрывался, значит отсутствие исходящих — поведение, а не артефакт.",2,False,1,0,51500.0,0.0,1,0,0.0,51500.0,0.00034238,0.0,0.0,0.0,8,0,2,1,0.0,1.0,0.0,0.0,0,0,0,False,False,51500.0
100000005052998100,peripheral,0.6,0,0.1566,"Вход: 1 плательщика (10 тыс ₸), выход: 1 получателя (28 тыс ₸) — ни один порог роли не пройден. Входит в замкнутую цепочку из 4 узлов.",3,False,1,1,9500.0,28400.0,1,1,2.9895,0.0,0.0002861,4.33e-06,0.00023534,0.00290578,7,0,3,1,0.0,1.0,1.0,-4.0,13,4,0,False,False,37900.0
100000008223756100,terminal,0.841,3,0.1566,"Принял 332 тыс ₸ от 2 плательщиков и удержал 332 тыс ₸; обход на колене 3 не обрывался, значит отсутствие исходящих — поведение, а не артефакт.",3,False,2,0,331682.0,0.0,2,0,0.0,331682.0,0.00035628,0.0,0.0,0.00303606,7,0,3,2,0.0,1.0,0.0,0.0,0,0,0,False,False,331682.0
100000005409156100,terminal,0.831,4,0.1565,"Принял 260 тыс ₸ от 2 плательщиков и удержал 260 тыс ₸; обход на колене 3 не обрывался, значит отсутствие исходящих — поведение, а не артефакт.",3,False,2,0,260080.0,0.0,2,0,0.0,260080.0,0.00042393,0.0,0.0,0.00304712,7,0,3,1,0.0,1.0,0.0,0.0,0,0,0,False,False,260080.0
100000008629581100,terminal,0.7,2,0.1565,"Принял 54 тыс ₸ от 1 плательщика и удержал 54 тыс ₸; обход на колене 2 не обрывался, значит отсутствие исходящих — поведение, а не артефакт.",2,False,1,0,54184.0,0.0,1,0,0.0,54184.0,0.00031533,0.0,0.0,0.0,8,0,2,1,0.0,1.0,0.0,0.0,0,0,0,False,False,54184.0
100000008767027100,terminal,0.553,18,0.1564,"Принял 5 тыс ₸ от 1 плательщика и удержал 5 тыс ₸; обход на колене 3 не обрывался, значит отсутствие исходящих — поведение, а не артефакт.",3,False,1,0,5000.0,0.0,1,0,0.0,5000.0,0.00028633,0.0,0.0,3.6e-07,9,0,3,1,0.0,1.0,0.0,0.0,0,0,0,False,False,5000.0
100000002956898100,terminal,0.836,16,0.1563,"Принял 290 тыс ₸ от 2 плательщиков и удержал 290 тыс ₸; обход на колене 2 не обрывался, значит отсутствие исходящих — поведение, а не артефакт.",2,False,2,0,290240.0,0.0,2,0,0.0,290240.0,0.00037684,0.0,0.0,8.825e-05,7,0,2,2,0.0,1.0,0.0,0.0,0,0,0,False,False,290240.0
100000008601794100,peripheral,0.6,54,0.1563,"Вход: 2 плательщиков (494 тыс ₸), выход: 1 получателя (871 тыс ₸) — ни один порог роли не пройден. Деньги возвращаются отправителю: 1 встречный счёт.",0,True,2,1,494400.0,871400.0,8,13,1.7625,0.0,0.00236778,4e-07,0.0,0.0,0,0,0,1,0.1951,1.0,1.0,10.0,2,2,1,False,False,1365800.0
100000004424023100,peripheral,0.6,6,0.1562,"Вход: 1 плательщика (50 тыс ₸), выход: 1 получателя (100 тыс ₸) — ни один порог роли не пройден. Точка сочленения: изъятие разрывает связность сети.",2,False,1,1,50000.0,100000.0,1,1,2.0,0.0,0.00097171,2.041e-05,0.0,0.0,9,0,2,1,0.0,1.0,1.0,-8.0,0,0,0,True,False,150000.0
100000002774456100,terminal,0.694,9,0.1558,"Принял 50 тыс ₸ от 1 плательщика и удержал 50 тыс ₸; обход на колене 1 не обрывался, значит отсутствие исходящих — поведение, а не артефакт.",1,False,1,0,50363.0,0.0,1,0,0.0,50363.0,0.00029321,0.0,0.0,0.0001228,8,1,1,1,0.0,1.0,0.0,0.0,0,0,0,False,False,50363.0
100000004674799100,terminal,0.756,0,0.1557,"Принял 140 тыс ₸ от 1 плательщика и удержал 140 тыс ₸; обход на колене 2 не обрывался, значит отсутствие исходящих — поведение, а не артефакт.",2,False,1,0,140000.0,0.0,5,0,0.0,140000.0,0.00079067,0.0,0.0,8.651e-05,7,0,2,1,0.0,1.0,0.0,0.0,0,0,0,False,False,140000.0
100000003122817100,terminal,0.813,27,0.1555,"Принял 445 тыс ₸ от 1 плательщика и удержал 445 тыс ₸; обход на колене 3 не обрывался, значит отсутствие исходящих — поведение, а не артефакт.",3,False,1,0,444680.0,0.0,1,0,0.0,444680.0,0.00039708,0.0,0.0,0.0,7,0,3,1,0.0,1.0,0.0,0.0,0,0,0,False,False,444680.0
100000008406609100,terminal,0.662,20,0.1553,"Принял 34 тыс ₸ от 1 плательщика и удержал 34 тыс ₸; обход на колене 2 не обрывался, значит отсутствие исходящих — поведение, а не артефакт.",2,False,1,0,34000.0,0.0,1,0,0.0,34000.0,0.0004305,0.0,0.0,0.0,8,0,2,1,0.0,1.0,0.0,0.0,0,0,0,False,False,34000.0
100000007617808100,terminal,0.814,5,0.1551,"Принял 450 тыс ₸ от 1 плательщика и удержал 450 тыс ₸; обход на колене 2 не обрывался, значит отсутствие исходящих — поведение, а не артефакт.",2,False,1,0,450000.0,0.0,1,0,0.0,450000.0,0.0003601,0.0,0.0,4.04e-06,7,0,2,1,0.0,1.0,0.0,0.0,0,0,0,False,False,450000.0
100000005530114100,terminal,0.794,15,0.155,"Принял 137 тыс ₸ от 2 плательщиков и удержал 112 тыс ₸; обход на колене 3 не обрывался, значит отсутствие исходящих — поведение, а не артефакт.",3,False,2,1,136970.0,25000.0,2,1,0.1825,111970.0,0.00049487,4.46e-06,0.00126142,0.00023791,7,0,3,2,1.0,1.0,1.0,2.0,0,0,0,False,False,161970.0
100000005844459100,terminal,0.828,0,0.155,"Принял 243 тыс ₸ от 2 плательщиков и удержал 243 тыс ₸; обход на колене 1 не обрывался, значит отсутствие исходящих — поведение, а не артефакт.",1,False,2,0,243400.0,0.0,2,0,0.0,243400.0,0.00033808,0.0,0.0,0.00328959,7,1,1,1,0.0,1.0,0.0,0.0,0,0,0,False,False,243400.0
100000004889043100,terminal,0.833,0,0.1549,"Принял 272 тыс ₸ от 2 плательщиков и удержал 272 тыс ₸; обход на колене 3 не обрывался, значит отсутствие исходящих — поведение, а не артефакт.",3,False,2,0,272000.0,0.0,4,0,0.0,272000.0,0.0002985,0.0,0.0,0.00584596,7,0,3,2,0.0,2.0,0.0,0.0,0,0,0,False,False,272000.0
100000008038077100,terminal,0.818,4,0.1548,"Принял 500 тыс ₸ от 1 плательщика и удержал 500 тыс ₸; обход на колене 3 не обрывался, значит отсутствие исходящих — поведение, а не артефакт.",3,False,1,0,499850.0,0.0,2,0,0.0,499850.0,0.00030177,0.0,0.0,0.00294017,7,0,3,1,0.0,1.0,0.0,0.0,0,0,0,False,False,499850.0
100000008728457100,terminal,0.681,9,0.1548,"Принял 45 тыс ₸ от 1 плательщика и удержал 45 тыс ₸; обход на колене 1 не обрывался, значит отсутствие исходящих — поведение, а не артефакт.",1,False,1,0,45000.0,0.0,1,0,0.0,45000.0,0.00029239,0.0,0.0,0.0001228,8,1,1,1,0.0,1.0,0.0,0.0,0,0,0,False,False,45000.0
100000003116106100,terminal,0.817,4,0.1547,"Принял 494 тыс ₸ от 1 плательщика и удержал 494 тыс ₸; обход на колене 3 не обрывался, значит отсутствие исходящих — поведение, а не артефакт.",3,False,1,0,494050.0,0.0,2,0,0.0,494050.0,0.00030158,0.0,0.0,0.00294017,7,0,3,1,0.0,1.0,0.0,0.0,0,0,0,False,False,494050.0
100000004417753100,terminal,0.814,2,0.1546,"Принял 192 тыс ₸ от 2 плательщиков и удержал 192 тыс ₸; обход на колене 3 не обрывался, значит отсутствие исходящих — поведение, а не артефакт.",3,False,2,0,192099.0,0.0,2,0,0.0,192099.0,0.00039315,0.0,0.0,0.00013359,7,0,3,2,0.0,2.0,0.0,0.0,0,0,0,False,False,192099.0
100000000831684100,peripheral,0.6,11,0.1544,"Вход: 1 плательщика (15 тыс ₸), выход: 1 получателя (50 тыс ₸) — ни один порог роли не пройден. Деньги возвращаются отправителю: 1 встречный счёт.",2,False,1,1,15000.0,50000.0,2,3,3.3333,0.0,0.00189061,0.0,4.33e-06,0.0,1,0,2,1,0.9,1.0,1.0,1.0,1,2,1,False,False,65000.0
100000002710570100,terminal,0.783,31,0.1544,"Принял 225 тыс ₸ от 1 плательщика и удержал 225 тыс ₸; обход на колене 2 не обрывался, значит отсутствие исходящих — поведение, а не артефакт.",2,False,1,0,225015.0,0.0,1,0,0.0,225015.0,0.00053913,0.0,0.0,0.0,7,0,2,1,0.0,1.0,0.0,0.0,0,0,0,False,False,225015.0
100000005942793100,terminal,0.822,0,0.1543,"Принял 55 тыс ₸ от 4 плательщиков и удержал 55 тыс ₸; обход на колене 2 не обрывался, значит отсутствие исходящих — поведение, а не артефакт.",2,False,4,0,55000.0,0.0,4,0,0.0,55000.0,0.00033223,0.0,0.0,0.00028335,7,0,2,2,0.0,2.0,0.0,0.0,0,0,0,False,False,55000.0
100000000821507100,terminal,0.81,30,0.1542,"Принял 400 тыс ₸ от 1 плательщика и удержал 400 тыс ₸; обход на колене 2 не обрывался, значит отсутствие исходящих — поведение, а не артефакт.",2,False,1,0,400000.0,0.0,1,0,0.0,400000.0,0.00033554,0.0,0.0,3.9e-07,7,0,2,1,0.0,1.0,0.0,0.0,0,0,0,False,False,400000.0
100000007281639100,terminal,0.822,5,0.1542,"Принял 217 тыс ₸ от 2 плательщиков и удержал 217 тыс ₸; обход на колене 1 не обрывался, значит отсутствие исходящих — поведение, а не артефакт.",1,False,2,0,216770.0,0.0,4,0,0.0,216770.0,0.00032357,0.0,0.0,0.00033092,7,1,1,2,0.0,1.0,0.0,0.0,0,0,0,False,False,216770.0
100000008532050100,terminal,0.814,4,0.1542,"Принял 455 тыс ₸ от 1 плательщика и удержал 455 тыс ₸; обход на колене 3 не обрывался, значит отсутствие исходящих — поведение, а не артефакт.",3,False,1,0,455156.0,0.0,1,0,0.0,455156.0,0.00030032,0.0,0.0,0.00294017,7,0,3,1,0.0,1.0,0.0,0.0,0,0,0,False,False,455156.0
100000000795129100,terminal,0.802,16,0.1541,"Принял 332 тыс ₸ от 1 плательщика и удержал 332 тыс ₸; обход на колене 2 не обрывался, значит отсутствие исходящих — поведение, а не артефакт.",2,False,1,0,332000.0,0.0,1,0,0.0,332000.0,0.00039119,0.0,0.0,3.568e-05,7,0,2,1,0.0,1.0,0.0,0.0,0,0,0,False,False,332000.0
100000000569479100,terminal,0.8,0,0.154,"Принял 320 тыс ₸ от 1 плательщика и удержал 320 тыс ₸; обход на колене 3 не обрывался, значит отсутствие исходящих — поведение, а не артефакт.",3,False,1,0,320000.0,0.0,1,0,0.0,320000.0,0.00039495,0.0,0.0,0.00016105,7,0,3,1,0.0,1.0,0.0,0.0,0,0,0,False,False,320000.0
100000003795588100,terminal,0.81,0,0.154,"Принял 400 тыс ₸ от 1 плательщика и удержал 400 тыс ₸; обход на колене 3 не обрывался, значит отсутствие исходящих — поведение, а не артефакт.",3,False,1,0,400000.0,0.0,2,0,0.0,400000.0,0.00032104,0.0,0.0,0.00113194,7,0,3,1,0.0,1.0,0.0,0.0,0,0,0,False,False,400000.0
100000003920950100,terminal,0.8,6,0.1539,"Принял 323 тыс ₸ от 1 плательщика и удержал 323 тыс ₸; обход на колене 3 не обрывался, значит отсутствие исходящих — поведение, а не артефакт.",3,False,1,0,323290.0,0.0,1,0,0.0,323290.0,0.00039173,0.0,0.0,0.00010831,7,0,3,1,0.0,1.0,0.0,0.0,0,0,0,False,False,323290.0
100000006789108100,terminal,0.669,9,0.1539,"Принял 38 тыс ₸ от 1 плательщика и удержал 38 тыс ₸; обход на колене 1 не обрывался, значит отсутствие исходящих — поведение, а не артефакт.",1,False,1,0,37500.0,0.0,1,0,0.0,37500.0,0.00029126,0.0,0.0,0.0001228,8,1,1,1,0.0,1.0,0.0,0.0,0,0,0,False,False,37500.0
100000002633108100,terminal,0.8,14,0.1537,"Принял 320 тыс ₸ от 1 плательщика и удержал 320 тыс ₸; обход на колене 3 не обрывался, значит отсутствие исходящих — поведение, а не артефакт.",3,False,1,0,320000.0,0.0,3,0,0.0,320000.0,0.00037602,0.0,0.0,2.441e-05,7,0,3,1,0.0,1.0,0.0,0.0,0,0,0,False,False,320000.0
100000002697752100,terminal,0.814,3,0.1536,"Принял 191 тыс ₸ от 2 плательщиков и удержал 191 тыс ₸; обход на колене 3 не обрывался, значит отсутствие исходящих — поведение, а не артефакт.",3,False,2,0,190785.0,0.0,2,0,0.0,190785.0,0.00032958,0.0,0.0,0.00274232,7,0,3,2,0.0,1.0,0.0,0.0,0,0,0,False,False,190785.0
100000001009583100,terminal,0.808,4,0.1535,"Принял 394 тыс ₸ от 1 плательщика и удержал 394 тыс ₸; обход на колене 3 не обрывался, значит отсутствие исходящих — поведение, а не артефакт.",3,False,1,0,393740.0,0.0,1,0,0.0,393740.0,0.00029833,0.0,0.0,0.00294017,7,0,3,1,0.0,1.0,0.0,0.0,0,0,0,False,False,393740.0
100000003060517100,terminal,0.8,15,0.1535,"Принял 316 тыс ₸ от 1 плательщика и удержал 316 тыс ₸; обход на колене 3 не обрывался, значит отсутствие исходящих — поведение, а не артефакт.",3,False,1,0,315955.0,0.0,1,0,0.0,315955.0,0.00036188,0.0,0.0,0.0004659,7,0,3,1,0.0,1.0,0.0,0.0,0,0,0,False,False,315955.0
100000005857058100,terminal,0.802,0,0.1535,"Принял 80 тыс ₸ от 3 плательщиков и удержал 80 тыс ₸; обход на колене 3 не обрывался, значит отсутствие исходящих — поведение, а не артефакт.",3,False,3,0,80222.0,0.0,3,0,0.0,80222.0,0.00038993,0.0,0.0,0.00179759,7,0,3,2,0.0,1.0,0.0,0.0,0,0,0,False,False,80222.0
100000008676812100,terminal,0.784,17,0.1535,"Принял 231 тыс ₸ от 1 плательщика и удержал 231 тыс ₸; обход на колене 3 не обрывался, значит отсутствие исходящих — поведение, а не артефакт.",3,False,1,0,230800.0,0.0,1,0,0.0,230800.0,0.00047313,0.0,0.0,0.0,7,0,3,1,0.0,1.0,0.0,0.0,0,0,0,False,False,230800.0
100000002628146100,terminal,0.656,33,0.1533,"Принял 30 тыс ₸ от 1 плательщика и удержал 30 тыс ₸; обход на колене 2 не обрывался, значит отсутствие исходящих — поведение, а не артефакт.",2,False,1,0,30500.0,0.0,2,0,0.0,30500.0,0.00031922,0.0,0.0,0.0,8,0,2,1,0.0,1.0,0.0,0.0,0,0,0,False,False,30500.0
100000002335358100,terminal,0.756,5,0.1532,"Принял 140 тыс ₸ от 1 плательщика и удержал 140 тыс ₸; обход на колене 2 не обрывался, значит отсутствие исходящих — поведение, а не артефакт.",2,False,1,0,140000.0,0.0,2,0,0.0,140000.0,0.00061249,0.0,0.0,0.0,7,0,2,1,0.0,1.0,0.0,0.0,0,0,0,False,False,140000.0
100000002748532100,peripheral,0.6,18,0.1532,"Вход: 3 плательщиков (356 тыс ₸), выход: 2 получателей (647 тыс ₸) — ни один порог роли не пройден. Точка сочленения: изъятие разрывает связность сети.",2,False,3,2,355575.0,646685.0,3,7,1.8187,0.0,0.00033911,3.111e-05,8.5e-07,2.527e-05,9,0,2,3,0.0,1.0,1.0,17.0,0,0,0,True,False,1002260.0
100000003191430100,terminal,0.77,5,0.1532,"Принял 180 тыс ₸ от 1 плательщика и удержал 180 тыс ₸; обход на колене 2 не обрывался, значит отсутствие исходящих — поведение, а не артефакт.",2,False,1,0,180000.0,0.0,1,0,0.0,180000.0,0.00053074,0.0,0.0,0.0,7,0,2,1,0.0,1.0,0.0,0.0,0,0,0,False,False,180000.0
100000002681544100,terminal,0.806,6,0.1531,"Принял 166 тыс ₸ от 2 плательщиков и удержал 166 тыс ₸; обход на колене 3 не обрывался, значит отсутствие исходящих — поведение, а не артефакт.",3,False,2,0,166072.0,0.0,2,0,0.0,166072.0,0.00033572,0.0,0.0,0.00171272,7,0,3,2,0.0,2.0,0.0,0.0,0,0,0,False,False,166072.0
100000002521039100,terminal,0.803,0,0.153,"Принял 349 тыс ₸ от 1 плательщика и удержал 349 тыс ₸; обход на колене 3 не обрывался, значит отсутствие исходящих — поведение, а не артефакт.",3,False,1,0,349370.0,0.0,1,0,0.0,349370.0,0.00030525,0.0,0.0,0.00290578,7,0,3,1,0.0,1.0,0.0,0.0,0,0,0,False,False,349370.0
100000002691583100,terminal,0.796,27,0.153,"Принял 285 тыс ₸ от 1 плательщика и удержал 285 тыс ₸; обход на колене 3 не обрывался, значит отсутствие исходящих — поведение, а не артефакт.",3,False,1,0,285200.0,0.0,1,0,0.0,285200.0,0.00035709,0.0,0.0,0.0,7,0,3,1,0.0,1.0,0.0,0.0,0,0,0,False,False,285200.0
100000008295429100,terminal,0.804,4,0.153,"Принял 352 тыс ₸ от 1 плательщика и удержал 352 тыс ₸; обход на колене 3 не обрывался, значит отсутствие исходящих — поведение, а не артефакт.",3,False,1,0,352000.0,0.0,1,0,0.0,352000.0,0.00029698,0.0,0.0,0.00294017,7,0,3,1,0.0,1.0,0.0,0.0,0,0,0,False,False,352000.0
100000002570206100,terminal,0.806,15,0.1528,"Принял 167 тыс ₸ от 2 плательщиков и удержал 167 тыс ₸; обход на колене 2 не обрывался, значит отсутствие исходящих — поведение, а не артефакт.",2,False,2,0,166959.6,0.0,2,0,0.0,166959.6,0.00031851,0.0,0.0,0.00052802,7,0,2,2,0.0,1.0,0.0,0.0,0,0,0,False,False,166959.6
100000003589877100,peripheral,0.6,10,0.1528,"Вход: 2 плательщиков (176 тыс ₸), выход: 6 получателей (416 тыс ₸) — ни один порог роли не пройден. Точка сочленения: изъятие разрывает связность сети.",1,False,2,6,176000.0,416129.0,2,6,2.3644,0.0,0.00030698,9.546e-05,0.00012316,4.83e-06,9,1,1,3,0.6523,1.0,3.0,4.0,0,0,0,True,False,592129.0
100000000274067100,peripheral,0.6,6,0.1527,"Вход: 2 плательщиков (518 тыс ₸), выход: 3 получателей (3.0 млн ₸) — ни один порог роли не пройден. Деньги возвращаются отправителю: 1 встречный счёт.",1,False,2,3,517704.0,2969000.0,9,9,5.7349,0.0,0.0004137,1.19e-06,0.0,4.38e-06,1,1,1,1,0.6905,1.0,1.0,10.0,1,2,1,True,False,3486704.0
100000002911170100,terminal,0.799,30,0.1527,"Принял 300 тыс ₸ от 1 плательщика и удержал 300 тыс ₸; обход на колене 2 не обрывался, значит отсутствие исходящих — поведение, а не артефакт.",2,False,1,0,300000.0,0.0,2,0,0.0,300000.0,0.00032305,0.0,0.0,3.9e-07,7,0,2,1,0.0,1.0,0.0,0.0,0,0,0,False,False,300000.0
100000008717375100,terminal,0.65,2,0.1527,"Принял 30 тыс ₸ от 1 плательщика и удержал 30 тыс ₸; обход на колене 2 не обрывался, значит отсутствие исходящих — поведение, а не артефакт.",2,False,1,0,29506.0,0.0,1,0,0.0,29506.0,0.00030177,0.0,0.0,0.0,8,0,2,1,0.0,1.0,0.0,0.0,0,0,0,False,False,29506.0
100000005022552100,terminal,0.788,5,0.1526,"Принял 241 тыс ₸ от 1 плательщика и удержал 236 тыс ₸; обход на колене 3 не обрывался, значит отсутствие исходящих — поведение, а не артефакт.",3,False,1,1,241000.0,5000.0,3,1,0.0207,236000.0,0.00035776,0.0,2.255e-05,5.257e-05,7,0,3,1,0.0,1.0,1.0,15.0,0,0,0,False,False,246000.0
100000005941908100,terminal,0.579,14,0.1526,"Принял 10 тыс ₸ от 1 плательщика и удержал 10 тыс ₸; обход на колене 3 не обрывался, значит отсутствие исходящих — поведение, а не артефакт.",3,False,1,0,10000.0,0.0,1,0,0.0,10000.0,0.00069235,0.0,0.0,0.0,8,0,3,1,0.0,1.0,0.0,0.0,0,0,0,False,False,10000.0
100000002087788100,terminal,0.74,4,0.1525,"Принял 100 тыс ₸ от 1 плательщика и удержал 100 тыс ₸; обход на колене 2 не обрывался, значит отсутствие исходящих — поведение, а не артефакт.",2,False,1,0,100500.0,0.0,1,0,0.0,100500.0,0.00065857,0.0,0.0,0.0,7,0,2,1,0.0,1.0,0.0,0.0,0,0,0,False,False,100500.0
100000003042994100,terminal,0.796,5,0.1524,"Принял 286 тыс ₸ от 1 плательщика и удержал 286 тыс ₸; обход на колене 1 не обрывался, значит отсутствие исходящих — поведение, а не артефакт.",1,False,1,0,286086.0,0.0,3,0,0.0,286086.0,0.00031633,0.0,0.0,0.00029524,7,1,1,1,0.0,1.0,0.0,0.0,0,0,0,False,False,286086.0
100000002556775100,terminal,0.799,4,0.1523,"Принял 300 тыс ₸ от 1 плательщика и удержал 300 тыс ₸; обход на колене 3 не обрывался, значит отсутствие исходящих — поведение, а не артефакт.",3,False,1,0,300000.0,0.0,1,0,0.0,300000.0,0.00029529,0.0,0.0,0.00294017,7,0,3,1,0.0,1.0,0.0,0.0,0,0,0,False,False,300000.0
100000004559194100,terminal,0.795,5,0.1523,"Принял 282 тыс ₸ от 1 плательщика и удержал 282 тыс ₸; обход на колене 1 не обрывался, значит отсутствие исходящих — поведение, а не артефакт.",1,False,1,0,282145.0,0.0,6,0,0.0,282145.0,0.0003159,0.0,0.0,0.00029524,7,1,1,1,0.0,1.0,0.0,0.0,0,0,0,False,False,282145.0
100000004408683100,terminal,0.786,5,0.1522,"Принял 113 тыс ₸ от 2 плательщиков и удержал 113 тыс ₸; обход на колене 1 не обрывался, значит отсутствие исходящих — поведение, а не артефакт.",1,False,2,0,112919.68,0.0,3,0,0.0,112919.68,0.00038531,0.0,0.0,0.00031211,7,1,1,1,0.0,1.0,0.0,0.0,0,0,0,False,False,112919.68
100000003050771100,terminal,0.784,13,0.1521,"Принял 229 тыс ₸ от 1 плательщика и удержал 229 тыс ₸; обход на колене 3 не обрывался, значит отсутствие исходящих — поведение, а не артефакт.",3,False,1,0,229000.0,0.0,1,0,0.0,229000.0,0.00037034,0.0,0.0,0.00025946,7,0,3,1,0.0,1.0,0.0,0.0,0,0,0,False,False,229000.0
100000002663511100,terminal,0.793,0,0.152,"Принял 269 тыс ₸ от 1 плательщика и удержал 269 тыс ₸; обход на колене 3 не обрывался, значит отсутствие исходящих — поведение, а не артефакт.",3,False,1,0,268940.0,0.0,1,0,0.0,268940.0,0.00030942,0.0,0.0,0.00113194,7,0,3,1,0.0,1.0,0.0,0.0,0,0,0,False,False,268940.0
100000004192107100,terminal,0.64,2,0.1519,"Принял 25 тыс ₸ от 1 плательщика и удержал 25 тыс ₸; обход на колене 2 не обрывался, значит отсутствие исходящих — поведение, а не артефакт.",2,False,1,0,25000.0,0.0,1,0,0.0,25000.0,0.0002993,0.0,0.0,0.0,8,0,2,1,0.0,1.0,0.0,0.0,0,0,0,False,False,25000.0
100000005314565100,terminal,0.782,0,0.1519,"Принял 218 тыс ₸ от 1 плательщика и удержал 218 тыс ₸; обход на колене 3 не обрывался, значит отсутствие исходящих — поведение, а не артефакт.",3,False,1,0,218500.0,0.0,3,0,0.0,218500.0,0.00037502,0.0,0.0,0.00064282,7,0,3,1,0.0,1.0,0.0,0.0,0,0,0,False,False,218500.0
100000005904580100,terminal,0.756,11,0.1519,"Принял 72 тыс ₸ от 2 плательщиков и удержал 72 тыс ₸; обход на колене 2 не обрывался, значит отсутствие исходящих — поведение, а не артефакт.",2,False,2,0,72000.0,0.0,2,0,0.0,72000.0,0.00052271,0.0,0.0,6.85e-06,7,0,2,1,0.0,2.0,0.0,0.0,0,0,0,False,False,72000.0
100000006209210100,terminal,0.784,6,0.1519,"Принял 229 тыс ₸ от 1 плательщика и удержал 229 тыс ₸; обход на колене 3 не обрывался, значит отсутствие исходящих — поведение, а не артефакт.",3,False,1,0,229111.0,0.0,1,0,0.0,229111.0,0.0003608,0.0,0.0,0.00010831,7,0,3,1,0.0,1.0,0.0,0.0,0,0,0,False,False,229111.0
100000006530134100,terminal,0.798,4,0.1519,"Принял 145 тыс ₸ от 2 плательщиков и удержал 145 тыс ₸; обход на колене 3 не обрывался, значит отсутствие исходящих — поведение, а не артефакт.",3,False,2,0,144663.0,0.0,2,0,0.0,144663.0,0.00029909,0.0,0.0,0.00358299,7,0,3,2,0.0,1.0,0.0,0.0,0,0,0,False,False,144663.0
100000002826669100,terminal,0.763,0,0.1518,"Принял 160 тыс ₸ от 1 плательщика и удержал 160 тыс ₸; обход на колене 2 не обрывался, значит отсутствие исходящих — поведение, а не артефакт.",2,False,1,0,159900.0,0.0,4,0,0.0,159900.0,0.00047624,0.0,0.0,3.538e-05,7,0,2,1,0.0,1.0,0.0,0.0,0,0,0,False,False,159900.0
100000008279405100,terminal,0.786,3,0.1517,"Принял 235 тыс ₸ от 1 плательщика и удержал 235 тыс ₸; обход на колене 3 не обрывался, значит отсутствие исходящих — поведение, а не артефакт.",3,False,1,0,234738.0,0.0,2,0,0.0,234738.0,0.00033333,0.0,0.0,0.00160441,7,0,3,1,0.0,1.0,0.0,0.0,0,0,0,False,False,234738.0
100000001714413100,terminal,0.79,4,0.1515,"Принял 250 тыс ₸ от 1 плательщика и удержал 250 тыс ₸; обход на колене 3 не обрывался, значит отсутствие исходящих — поведение, а не артефакт.",3,False,1,0,250172.0,0.0,1,0,0.0,250172.0,0.00029368,0.0,0.0,0.00294017,7,0,3,1,0.0,1.0,0.0,0.0,0,0,0,False,False,250172.0
100000002531406100,transit,0.539,3,0.1515,"Пропустил 96% полученного дальше: принял 520 тыс ₸ от 1 плательщика, отдал 500 тыс ₸ на 1 получателя. Признаки транзита. Точка сочленения: изъятие разрывает связность сети.",3,False,1,1,520000.0,500000.0,1,1,0.9615,20000.0,0.00032261,7.9e-07,0.0,7.936e-05,1,0,3,1,0.0,1.0,1.0,-1.0,0,0,0,True,False,1020000.0
100000004790991100,terminal,0.787,5,0.1515,"Принял 239 тыс ₸ от 1 плательщика и удержал 239 тыс ₸; обход на колене 1 не обрывался, значит отсутствие исходящих — поведение, а не артефакт.",1,False,1,0,239413.0,0.0,4,0,0.0,239413.0,0.00031131,0.0,0.0,0.00029524,7,1,1,1,0.0,1.0,0.0,0.0,0,0,0,False,False,239413.0
100000003057225100,terminal,0.786,5,0.1514,"Принял 236 тыс ₸ от 1 плательщика и удержал 236 тыс ₸; обход на колене 1 не обрывался, значит отсутствие исходящих — поведение, а не артефакт.",1,False,1,0,236000.0,0.0,1,0,0.0,236000.0,0.00031094,0.0,0.0,0.00029524,7,1,1,1,0.0,1.0,0.0,0.0,0,0,0,False,False,236000.0
100000001184915100,terminal,0.779,16,0.1513,"Принял 201 тыс ₸ от 1 плательщика и удержал 201 тыс ₸; обход на колене 2 не обрывался, значит отсутствие исходящих — поведение, а не артефакт.",2,False,1,0,201000.0,0.0,2,0,0.0,201000.0,0.00034952,0.0,0.0,3.568e-05,7,0,2,1,0.0,1.0,0.0,0.0,0,0,0,False,False,201000.0
100000003149149100,terminal,0.788,4,0.1513,"Принял 245 тыс ₸ от 1 плательщика и удержал 245 тыс ₸; обход на колене 3 не обрывался, значит отсутствие исходящих — поведение, а не артефакт.",3,False,1,0,245000.0,0.0,1,0,0.0,245000.0,0.00029351,0.0,0.0,0.00294017,7,0,3,1,0.0,1.0,0.0,0.0,0,0,0,False,False,245000.0
100000003923946100,peripheral,0.6,6,0.1512,"Вход: 1 плательщика (282 тыс ₸), выход: 4 получателей (675 тыс ₸) — ни один порог роли не пройден. Деньги возвращаются отправителю: 1 встречный счёт.",1,False,1,4,282000.0,675000.0,3,4,2.3936,0.0,0.00038942,1.98e-06,5.96e-05,9.2e-07,2,1,1,1,0.8785,1.0,2.0,3.0,1,2,1,False,False,957000.0
100000008077552100,terminal,0.781,3,0.1512,"Принял 214 тыс ₸ от 1 плательщика и удержал 214 тыс ₸; обход на колене 3 не обрывался, значит отсутствие исходящих — поведение, а не артефакт.",3,False,1,0,214000.0,0.0,1,0,0.0,214000.0,0.00032911,0.0,0.0,0.00160441,7,0,3,1,0.0,1.0,0.0,0.0,0,0,0,False,False,214000.0
100000000555721100,terminal,0.786,0,0.1511,"Принял 113 тыс ₸ от 2 плательщиков и удержал 113 тыс ₸; обход на колене 1 не обрывался, значит отсутствие исходящих — поведение, а не артефакт.",1,False,2,0,113000.0,0.0,3,0,0.0,113000.0,0.00030809,0.0,0.0,0.00328959,7,1,1,1,0.0,2.0,0.0,0.0,0,0,0,False,False,113000.0
100000004917367100,terminal,0.789,4,0.1511,"Принял 120 тыс ₸ от 2 плательщиков и удержал 120 тыс ₸; обход на колене 3 не обрывался, значит отсутствие исходящих — поведение, а не артефакт.",3,False,2,0,120000.0,0.0,2,0,0.0,120000.0,0.00029403,0.0,0.0,0.00407808,7,0,3,2,0.0,1.0,0.0,0.0,0,0,0,False,False,120000.0
100000001822623100,terminal,0.779,22,0.1509,"Принял 201 тыс ₸ от 1 плательщика и удержал 201 тыс ₸; обход на колене 2 не обрывался, значит отсутствие исходящих — поведение, а не артефакт.",2,False,1,0,201300.0,0.0,1,0,0.0,201300.0,0.00032349,0.0,0.0,9.191e-05,7,0,2,1,0.0,1.0,0.0,0.0,0,0,0,False,False,201300.0
100000003824464100,terminal,0.779,22,0.1509,"Принял 200 тыс ₸ от 1 плательщика и удержал 200 тыс ₸; обход на колене 2 не обрывался, значит отсутствие исходящих — поведение, а не артефакт.",2,False,1,0,200000.0,0.0,1,0,0.0,200000.0,0.00032325,0.0,0.0,9.191e-05,7,0,2,1,0.0,1.0,0.0,0.0,0,0,0,False,False,200000.0
100000008238989100,terminal,0.779,22,0.1509,"Принял 200 тыс ₸ от 1 плательщика и удержал 200 тыс ₸; обход на колене 2 не обрывался, значит отсутствие исходящих — поведение, а не артефакт.",2,False,1,0,200000.0,0.0,2,0,0.0,200000.0,0.00032325,0.0,0.0,9.191e-05,7,0,2,1,0.0,1.0,0.0,0.0,0,0,0,False,False,200000.0
100000002469065100,terminal,0.779,5,0.1508,"Принял 200 тыс ₸ от 1 плательщика и удержал 200 тыс ₸; обход на колене 2 не обрывался, значит отсутствие исходящих — поведение, а не артефакт.",2,False,1,0,200000.0,0.0,1,0,0.0,200000.0,0.0003187,0.0,0.0,4.04e-06,7,0,2,1,0.0,1.0,0.0,0.0,0,0,0,False,False,200000.0
100000008672603100,terminal,0.625,2,0.1508,"Принял 21 тыс ₸ от 1 плательщика и удержал 21 тыс ₸; обход на колене 2 не обрывался, значит отсутствие исходящих — поведение, а не артефакт.",2,False,1,0,21200.0,0.0,1,0,0.0,21200.0,0.00029721,0.0,0.0,0.0,8,0,2,1,0.0,1.0,0.0,0.0,0,0,0,False,False,21200.0
100000002705460100,terminal,0.734,5,0.1507,"Принял 95 тыс ₸ от 1 плательщика и удержал 95 тыс ₸; обход на колене 3 не обрывался, значит отсутствие исходящих — поведение, а не артефакт.",3,False,1,0,95000.0,0.0,1,0,0.0,95000.0,0.00055773,0.0,0.0,1.687e-05,7,0,3,1,0.0,1.0,0.0,0.0,0,0,0,False,False,95000.0
100000004184158100,terminal,0.78,0,0.1507,"Принял 204 тыс ₸ от 1 плательщика и удержал 204 тыс ₸; обход на колене 3 не обрывался, значит отсутствие исходящих — поведение, а не артефакт.",3,False,1,0,203805.0,0.0,1,0,0.0,203805.0,0.00030364,0.0,0.0,0.00113194,7,0,3,1,0.0,1.0,0.0,0.0,0,0,0,False,False,203805.0
100000006567935100,terminal,0.779,30,0.1507,"Принял 200 тыс ₸ от 1 плательщика и удержал 200 тыс ₸; обход на колене 2 не обрывался, значит отсутствие исходящих — поведение, а не артефакт.",2,False,1,0,200000.0,0.0,1,0,0.0,200000.0,0.00031056,0.0,0.0,3.9e-07,7,0,2,1,0.0,1.0,0.0,0.0,0,0,0,False,False,200000.0
100000002755292100,terminal,0.78,4,0.1505,"Принял 203 тыс ₸ от 1 плательщика и удержал 203 тыс ₸; обход на колене 3 не обрывался, значит отсутствие исходящих — поведение, а не артефакт.",3,False,1,0,203400.0,0.0,1,0,0.0,203400.0,0.00029216,0.0,0.0,0.00294017,7,0,3,1,0.0,1.0,0.0,0.0,0,0,0,False,False,203400.0
100000003278020100,terminal,0.774,0,0.1505,"Принял 190 тыс ₸ от 1 плательщика и удержал 190 тыс ₸; обход на колене 2 не обрывался, значит отсутствие исходящих — поведение, а не артефакт.",2,False,1,0,190000.0,0.0,1,0,0.0,190000.0,0.00032455,0.0,0.0,3.129e-05,7,0,2,1,0.0,1.0,0.0,0.0,0,0,0,False,False,190000.0
100000008472324100,terminal,0.78,4,0.1505,"Принял 205 тыс ₸ от 1 плательщика и удержал 205 тыс ₸; обход на колене 3 не обрывался, значит отсутствие исходящих — поведение, а не артефакт.",3,False,1,0,205200.0,0.0,1,0,0.0,205200.0,0.00029222,0.0,0.0,0.00294017,7,0,3,1,0.0,1.0,0.0,0.0,0,0,0,False,False,205200.0
100000001484381100,terminal,0.774,8,0.1504,"Принял 96 тыс ₸ от 2 плательщиков и удержал 96 тыс ₸; обход на колене 3 не обрывался, значит отсутствие исходящих — поведение, а не артефакт.",3,False,2,0,95585.0,0.0,4,0,0.0,95585.0,0.00032131,0.0,0.0,3.4e-06,7,0,3,1,0.0,1.0,0.0,0.0,0,0,0,False,False,95585.0
100000008193577100,peripheral,0.6,43,0.1504,"Вход: 2 плательщиков (154 тыс ₸), выход: 5 получателей (480 тыс ₸) — ни один порог роли не пройден. Деньги возвращаются отправителю: 2 встречных счёта.",1,False,2,5,154300.0,480180.0,6,16,3.112,0.0,0.00123895,9.9e-07,0.0,0.0,1,1,1,1,0.0458,1.0,3.0,8.0,10,2,2,True,False,634480.0
100000002212494100,terminal,0.764,31,0.1502,"Принял 160 тыс ₸ от 1 плательщика и удержал 160 тыс ₸; обход на колене 3 не обрывался, значит отсутствие исходящих — поведение, а не артефакт.",3,False,1,0,160000.0,0.0,1,0,0.0,160000.0,0.00035664,0.0,0.0,4.747e-05,7,0,3,1,0.0,1.0,0.0,0.0,0,0,0,False,False,160000.0
100000002779485100,terminal,0.73,3,0.1502,"Принял 91 тыс ₸ от 1 плательщика и удержал 91 тыс ₸; обход на колене 2 не обрывался, значит отсутствие исходящих — поведение, а не артефакт.",2,False,1,0,91000.0,0.0,2,0,0.0,91000.0,0.00054691,0.0,0.0,0.0,7,0,2,1,0.0,1.0,0.0,0.0,0,0,0,False,False,91000.0
100000008568512100,terminal,0.776,4,0.1502,"Принял 200 тыс ₸ от 1 плательщика и удержал 200 тыс ₸; обход на колене 3 не обрывался, значит отсутствие исходящих — поведение, а не артефакт.",3,False,1,0,199640.0,0.0,1,0,0.0,199640.0,0.00029204,0.0,0.0,0.00294017,7,0,3,1,0.0,1.0,0.0,0.0,0,0,0,False,False,199640.0
100000001541418100,terminal,0.774,7,0.1501,"Принял 97 тыс ₸ от 2 плательщиков и удержал 97 тыс ₸; обход на колене 2 не обрывался, значит отсутствие исходящих — поведение, а не артефакт.",2,False,2,0,96900.0,0.0,2,0,0.0,96900.0,0.00030353,0.0,0.0,2.492e-05,7,0,2,2,0.0,1.0,0.0,0.0,0,0,0,False,False,96900.0
100000004993576100,terminal,0.767,16,0.1501,"Принял 167 тыс ₸ от 1 плательщика и удержал 167 тыс ₸; обход на колене 2 не обрывался, значит отсутствие исходящих — поведение, а не артефакт.",2,False,1,0,167000.0,0.0,1,0,0.0,167000.0,0.0003387,0.0,0.0,3.568e-05,7,0,2,1,0.0,1.0,0.0,0.0,0,0,0,False,False,167000.0
100000007242833100,peripheral,0.6,11,0.1501,"Вход: 1 плательщика (108 тыс ₸), выход: 1 получателя (45 тыс ₸) — ни один порог роли не пройден. Точка сочленения: изъятие разрывает связность сети.",2,False,1,1,107500.0,45000.0,3,2,0.4186,62500.0,0.0005138,1.981e-05,0.0,0.0,9,0,2,1,1.0,1.0,1.0,1.0,0,0,0,True,False,152500.0
100000008238112100,terminal,0.774,4,0.1501,"Принял 190 тыс ₸ от 1 плательщика и удержал 190 тыс ₸; обход на колене 3 не обрывался, значит отсутствие исходящих — поведение, а не артефакт.",3,False,1,0,190000.0,0.0,1,0,0.0,190000.0,0.00029173,0.0,0.0,0.00294017,7,0,3,1,0.0,1.0,0.0,0.0,0,0,0,False,False,190000.0
100000002605184100,terminal,0.756,16,0.15,"Принял 140 тыс ₸ от 1 плательщика и удержал 140 тыс ₸; обход на колене 2 не обрывался, значит отсутствие исходящих — поведение, а не артефакт.",2,False,1,0,140000.0,0.0,1,0,0.0,140000.0,0.00039107,0.0,0.0,0.0,7,0,2,1,0.0,1.0,0.0,0.0,0,0,0,False,False,140000.0
100000005061890100,terminal,0.73,2,0.15,"Принял 90 тыс ₸ от 1 плательщика и удержал 90 тыс ₸; обход на колене 3 не обрывался, значит отсутствие исходящих — поведение, а не артефакт.",3,False,1,0,90000.0,0.0,1,0,0.0,90000.0,0.00053463,0.0,0.0,0.0,7,0,3,1,0.0,1.0,0.0,0.0,0,0,0,False,False,90000.0
100000008097580100,terminal,0.7,3,0.15,"Принял 32 тыс ₸ от 2 плательщиков и удержал 32 тыс ₸; обход на колене 3 не обрывался, значит отсутствие исходящих — поведение, а не артефакт.",3,False,2,0,32000.0,0.0,4,0,0.0,32000.0,0.00067479,0.0,0.0,2.408e-05,7,0,3,2,0.0,1.0,0.0,0.0,0,0,0,False,False,32000.0
100000001819396100,terminal,0.766,27,0.1499,"Принял 166 тыс ₸ от 1 плательщика и удержал 166 тыс ₸; обход на колене 3 не обрывался, значит отсутствие исходящих — поведение, а не артефакт.",3,False,1,0,166080.0,0.0,1,0,0.0,166080.0,0.00032722,0.0,0.0,0.0,7,0,3,1,0.0,1.0,0.0,0.0,0,0,0,False,False,166080.0
100000004588479100,terminal,0.769,5,0.1498,"Принял 178 тыс ₸ от 1 плательщика и удержал 178 тыс ₸; обход на колене 1 не обрывался, значит отсутствие исходящих — поведение, а не артефакт.",1,False,1,0,177633.0,0.0,2,0,0.0,177633.0,0.00030467,0.0,0.0,0.00029524,7,1,1,1,0.0,1.0,0.0,0.0,0,0,0,False,False,177633.0
100000001837130100,terminal,0.768,0,0.1497,"Принял 173 тыс ₸ от 1 плательщика и удержал 173 тыс ₸; обход на колене 3 не обрывался, значит отсутствие исходящих — поведение, а не артефакт.",3,False,1,0,172900.0,0.0,1,0,0.0,172900.0,0.0003009,0.0,0.0,0.00113194,7,0,3,1,0.0,1.0,0.0,0.0,0,0,0,False,False,172900.0
100000002921047100,peripheral,0.6,6,0.1496,"Вход: 2 плательщиков (338 тыс ₸), выход: 1 получателя (163 тыс ₸) — ни один порог роли не пройден. Точка сочленения: изъятие разрывает связность сети.",1,False,2,1,338000.0,163000.02,2,1,0.4822,174999.98,0.00031705,2.16e-05,0.0,5.62e-06,9,1,1,2,0.0,1.0,1.0,17.0,0,0,0,True,False,501000.02
100000005527892100,peripheral,0.6,18,0.1496,"Вход: 3 плательщиков (220 тыс ₸), выход: 8 получателей (552 тыс ₸) — ни один порог роли не пройден. Точка сочленения: изъятие разрывает связность сети.",1,False,3,8,220001.0,552419.0,3,8,2.511,0.0,0.00031243,0.00049557,3.06e-06,0.00308734,8,1,1,6,0.0,1.0,2.0,30.0,0,0,0,True,False,772420.0
100000005974542100,terminal,0.732,22,0.1495,"Принял 94 тыс ₸ от 1 плательщика и удержал 94 тыс ₸; обход на колене 3 не обрывался, значит отсутствие исходящих — поведение, а не артефакт.",3,False,1,0,94500.0,0.0,3,0,0.0,94500.0,0.00048305,0.0,0.0,3.2e-06,7,0,3,1,0.0,1.0,0.0,0.0,0,0,0,False,False,94500.0
100000008761219100,peripheral,0.6,46,0.1495,"Вход: 2 плательщиков (50 тыс ₸), выход: 2 получателей (375 тыс ₸) — ни один порог роли не пройден. Точка сочленения: изъятие разрывает связность сети.",3,False,2,2,50000.0,375000.0,2,2,7.5,0.0,0.00029284,4.173e-05,0.0,2.98e-06,9,0,3,3,0.0133,1.0,1.0,3.0,0,0,0,True,False,425000.0
100000000533217100,terminal,0.699,0,0.1494,"Принял 54 тыс ₸ от 1 плательщика и удержал 54 тыс ₸; обход на колене 2 не обрывался, значит отсутствие исходящих — поведение, а не артефакт.",2,False,1,0,53587.0,0.0,1,0,0.0,53587.0,0.0006536,0.0,0.0,0.0,7,0,2,1,0.0,1.0,0.0,0.0,0,0,0,False,False,53587.0
100000000646541100,terminal,0.72,0,0.1494,"Принял 25 тыс ₸ от 3 плательщиков и удержал 25 тыс ₸; обход на колене 2 не обрывался, значит отсутствие исходящих — поведение, а не артефакт.",2,False,3,0,25300.0,0.0,4,0,0.0,25300.0,0.00050586,0.0,0.0,4.578e-05,7,0,2,2,0.0,1.0,0.0,0.0,0,0,0,False,False,25300.0
100000001633685100,terminal,0.761,0,0.1494,"Принял 45 тыс ₸ от 3 плательщиков и удержал 45 тыс ₸; обход на колене 2 не обрывался, значит отсутствие исходящих — поведение, а не артефакт.",2,False,3,0,45000.0,0.0,3,0,0.0,45000.0,0.00030619,0.0,0.0,0.00013689,7,0,2,1,0.0,1.0,0.0,0.0,0,0,0,False,False,45000.0
100000002581346100,terminal,0.766,4,0.1494,"Принял 166 тыс ₸ от 1 плательщика и удержал 166 тыс ₸; обход на колене 3 не обрывался, значит отсутствие исходящих — поведение, а не артефакт.",3,False,1,0,166400.0,0.0,1,0,0.0,166400.0,0.00029096,0.0,0.0,0.00294017,7,0,3,1,0.0,1.0,0.0,0.0,0,0,0,False,False,166400.0
100000001227106100,terminal,0.765,4,0.1493,"Принял 165 тыс ₸ от 1 плательщика и удержал 165 тыс ₸; обход на колене 3 не обрывался, значит отсутствие исходящих — поведение, а не артефакт.",3,False,1,0,164765.0,0.0,1,0,0.0,164765.0,0.00029091,0.0,0.0,0.00294017,7,0,3,1,0.0,1.0,0.0,0.0,0,0,0,False,False,164765.0
100000004756901100,terminal,0.762,5,0.1493,"Принял 153 тыс ₸ от 1 плательщика и удержал 153 тыс ₸; обход на колене 2 не обрывался, значит отсутствие исходящих — поведение, а не артефакт.",2,False,1,0,153248.0,0.0,1,0,0.0,153248.0,0.00031095,0.0,0.0,4.04e-06,7,0,2,1,0.0,1.0,0.0,0.0,0,0,0,False,False,153248.0
100000005628518100,terminal,0.721,17,0.1493,"Принял 77 тыс ₸ от 1 плательщика и удержал 77 тыс ₸; обход на колене 3 не обрывался, значит отсутствие исходящих — поведение, а не артефакт.",3,False,1,0,77000.0,0.0,3,0,0.0,77000.0,0.00053299,0.0,0.0,0.0,7,0,3,1,0.0,1.0,0.0,0.0,0,0,0,False,False,77000.0
100000001961048100,terminal,0.761,30,0.1492,"Принял 150 тыс ₸ от 1 плательщика и удержал 150 тыс ₸; обход на колене 2 не обрывался, значит отсутствие исходящих — поведение, а не артефакт.",2,False,1,0,150000.0,0.0,1,0,0.0,150000.0,0.00030431,0.0,0.0,3.9e-07,7,0,2,1,0.0,1.0,0.0,0.0,0,0,0,False,False,150000.0
100000002842321100,terminal,0.764,4,0.1492,"Принял 160 тыс ₸ от 1 плательщика и удержал 160 тыс ₸; обход на колене 3 не обрывался, значит отсутствие исходящих — поведение, а не артефакт.",3,False,1,0,160000.0,0.0,1,0,0.0,160000.0,0.00029075,0.0,0.0,0.00294017,7,0,3,1,0.0,1.0,0.0,0.0,0,0,0,False,False,160000.0
100000007472293100,peripheral,0.6,46,0.1492,"Вход: 1 плательщика (5 тыс ₸), выход: 3 получателей (346 тыс ₸) — ни один порог роли не пройден. Точка сочленения: изъятие разрывает связность сети.",3,False,1,3,5000.0,345900.0,1,3,69.18,0.0,0.00028633,4.803e-05,0.0,3.6e-07,9,0,3,2,0.0,1.0,3.0,4.0,0,0,0,True,False,350900.0
100000002769809100,terminal,0.747,17,0.1491,"Принял 113 тыс ₸ от 1 плательщика и удержал 113 тыс ₸; обход на колене 3 не обрывался, значит отсутствие исходящих — поведение, а не артефакт.",3,False,1,0,113422.0,0.0,1,0,0.0,113422.0,0.00037774,0.0,0.0,0.0,7,0,3,1,0.0,1.0,0.0,0.0,0,0,0,False,False,113422.0
100000001046626100,terminal,0.761,4,0.149,"Принял 150 тыс ₸ от 1 плательщика и удержал 150 тыс ₸; обход на колене 3 не обрывался, значит отсутствие исходящих — поведение, а не артефакт.",3,False,1,0,150000.0,0.0,1,0,0.0,150000.0,0.00029043,0.0,0.0,0.00294017,7,0,3,1,0.0,1.0,0.0,0.0,0,0,0,False,False,150000.0
100000001329153100,terminal,0.761,0,0.149,"Принял 151 тыс ₸ от 1 плательщика и удержал 151 тыс ₸; обход на колене 3 не обрывался, значит отсутствие исходящих — поведение, а не артефакт.",3,False,1,0,150687.0,0.0,1,0,0.0,150687.0,0.00029406,0.0,0.0,0.00290578,7,0,3,1,0.0,1.0,0.0,0.0,0,0,0,False,False,150687.0
100000002459240100,terminal,0.761,4,0.149,"Принял 150 тыс ₸ от 1 плательщика и удержал 150 тыс ₸; обход на колене 3 не обрывался, значит отсутствие исходящих — поведение, а не артефакт.",3,False,1,0,150000.0,0.0,1,0,0.0,150000.0,0.00029043,0.0,0.0,0.00294017,7,0,3,1,0.0,1.0,0.0,0.0,0,0,0,False,False,150000.0
100000003486970100,terminal,0.761,4,0.149,"Принял 150 тыс ₸ от 1 плательщика и удержал 150 тыс ₸; обход на колене 3 не обрывался, значит отсутствие исходящих — поведение, а не артефакт.",3,False,1,0,150000.0,0.0,1,0,0.0,150000.0,0.00029043,0.0,0.0,0.00294017,7,0,3,1,0.0,1.0,0.0,0.0,0,0,0,False,False,150000.0
100000008571433100,peripheral,0.6,50,0.1489,"Вход: 2 плательщиков (350 тыс ₸), выход: 2 получателей (1.4 млн ₸) — ни один порог роли не пройден. Деньги возвращаются отправителю: 1 встречный счёт.",0,True,2,2,350000.0,1434000.0,2,3,4.0971,0.0,0.00162648,9.9e-07,0.0,0.0,0,0,0,1,0.742,1.0,1.0,5.0,2,2,1,True,False,1784000.0
100000000917179100,terminal,0.732,14,0.1487,"Принял 94 тыс ₸ от 1 плательщика и удержал 94 тыс ₸; обход на колене 2 не обрывался, значит отсутствие исходящих — поведение, а не артефакт.",2,False,1,0,94465.0,0.0,2,0,0.0,94465.0,0.00042586,0.0,0.0,0.0,7,0,2,1,0.0,1.0,0.0,0.0,0,0,0,False,False,94465.0
100000002492277100,terminal,0.755,2,0.1487,"Принял 138 тыс ₸ от 1 плательщика и удержал 138 тыс ₸; обход на колене 2 не обрывался, значит отсутствие исходящих — поведение, а не артефакт.",2,False,1,0,138500.0,0.0,1,0,0.0,138500.0,0.0003074,0.0,0.0,0.00014217,7,0,2,1,0.0,1.0,0.0,0.0,0,0,0,False,False,138500.0
100000004456564100,terminal,0.579,14,0.1487,"Принял 10 тыс ₸ от 1 плательщика и удержал 10 тыс ₸; обход на колене 2 не обрывался, значит отсутствие исходящих — поведение, а не артефакт.",2,False,1,0,10000.0,0.0,2,0,0.0,10000.0,0.00039239,0.0,0.0,0.0,8,0,2,1,0.0,1.0,0.0,0.0,0,0,0,False,False,10000.0
100000005032294100,terminal,0.579,14,0.1487,"Принял 10 тыс ₸ от 1 плательщика и удержал 10 тыс ₸; обход на колене 2 не обрывался, значит отсутствие исходящих — поведение, а не артефакт.",2,False,1,0,10000.0,0.0,1,0,0.0,10000.0,0.00039239,0.0,0.0,0.0,8,0,2,1,0.0,1.0,0.0,0.0,0,0,0,False,False,10000.0
100000001688676100,terminal,0.753,17,0.1486,"Принял 134 тыс ₸ от 1 плательщика и удержал 134 тыс ₸; обход на колене 3 не обрывался, значит отсутствие исходящих — поведение, а не артефакт.",3,False,1,0,133700.0,0.0,1,0,0.0,133700.0,0.00030843,0.0,0.0,8.448e-05,7,0,3,1,0.0,1.0,0.0,0.0,0,0,0,False,False,133700.0
100000001726614100,terminal,0.755,0,0.1486,"Принял 139 тыс ₸ от 1 плательщика и удержал 139 тыс ₸; обход на колене 3 не обрывался, значит отсутствие исходящих — поведение, а не артефакт.",3,False,1,0,138717.0,0.0,1,0,0.0,138717.0,0.00029787,0.0,0.0,0.00113194,7,0,3,1,0.0,1.0,0.0,0.0,0,0,0,False,False,138717.0
100000003073635100,terminal,0.752,3,0.1486,"Принял 129 тыс ₸ от 1 плательщика и удержал 129 тыс ₸; обход на колене 3 не обрывался, значит отсутствие исходящих — поведение, а не артефакт.",3,False,1,0,129231.0,0.0,1,0,0.0,129231.0,0.00031186,0.0,0.0,0.00160441,7,0,3,1,0.0,1.0,0.0,0.0,0,0,0,False,False,129231.0
100000004657034100,terminal,0.757,4,0.1486,"Принял 141 тыс ₸ от 1 плательщика и удержал 141 тыс ₸; обход на колене 3 не обрывался, значит отсутствие исходящих — поведение, а не артефакт.",3,False,1,0,141250.0,0.0,1,0,0.0,141250.0,0.00029015,0.0,0.0,0.00294017,7,0,3,1,0.0,1.0,0.0,0.0,0,0,0,False,False,141250.0
100000008376089100,terminal,0.754,30,0.1486,"Принял 135 тыс ₸ от 1 плательщика и удержал 135 тыс ₸; обход на колене 2 не обрывался, значит отсутствие исходящих — поведение, а не артефакт.",2,False,1,0,135000.0,0.0,1,0,0.0,135000.0,0.00030244,0.0,0.0,3.9e-07,7,0,2,1,0.0,1.0,0.0,0.0,0,0,0,False,False,135000.0
100000008571443100,terminal,0.751,13,0.1486,"Принял 65 тыс ₸ от 2 плательщиков и удержал 65 тыс ₸; обход на колене 2 не обрывался, значит отсутствие исходящих — поведение, а не артефакт.",2,False,2,0,65000.0,0.0,2,0,0.0,65000.0,0.00031475,0.0,0.0,0.00031256,7,0,2,2,0.0,1.0,0.0,0.0,0,0,0,False,False,65000.0
100000002906470100,terminal,0.752,17,0.1485,"Принял 130 тыс ₸ от 1 плательщика и удержал 130 тыс ₸; обход на колене 3 не обрывался, значит отсутствие исходящих — поведение, а не артефакт.",3,False,1,0,130000.0,0.0,1,0,0.0,130000.0,0.0003078,0.0,0.0,8.448e-05,7,0,3,1,0.0,1.0,0.0,0.0,0,0,0,False,False,130000.0
100000003271151100,terminal,0.751,3,0.1485,"Принял 127 тыс ₸ от 1 плательщика и удержал 127 тыс ₸; обход на колене 3 не обрывался, значит отсутствие исходящих — поведение, а не артефакт.",3,False,1,0,127294.0,0.0,1,0,0.0,127294.0,0.00031147,0.0,0.0,0.00160441,7,0,3,1,0.0,1.0,0.0,0.0,0,0,0,False,False,127294.0
100000005182219100,terminal,0.742,4,0.1485,"Принял 55 тыс ₸ от 2 плательщиков и удержал 55 тыс ₸; обход на колене 3 не обрывался, значит отсутствие исходящих — поведение, а не артефакт.",3,False,2,0,55000.0,0.0,2,0,0.0,55000.0,0.00035413,0.0,0.0,0.00296446,7,0,3,2,0.0,1.0,0.0,0.0,0,0,0,False,False,55000.0
100000006476758100,terminal,0.554,9,0.1485,"Принял 5 тыс ₸ от 1 плательщика и удержал 5 тыс ₸; обход на колене 3 не обрывался, значит отсутствие исходящих — поведение, а не артефакт.",3,False,1,0,5200.0,0.0,1,0,0.0,5200.0,0.00051681,0.0,0.0,9.9e-07,8,0,3,1,0.0,1.0,0.0,0.0,0,0,0,False,False,5200.0
100000002435265100,terminal,0.753,0,0.1484,"Принял 133 тыс ₸ от 1 плательщика и удержал 133 тыс ₸; обход на колене 3 не обрывался, значит отсутствие исходящих — поведение, а не артефакт.",3,False,1,0,132628.0,0.0,3,0,0.0,132628.0,0.00029304,0.0,0.0,0.00290578,7,0,3,1,0.0,1.0,0.0,0.0,0,0,0,False,False,132628.0
100000004591973100,peripheral,0.6,11,0.1484,"Вход: 1 плательщика (10 тыс ₸), выход: 1 получателя (100 тыс ₸) — ни один порог роли не пройден. Точка сочленения: изъятие разрывает связность сети.",3,False,1,1,10000.0,100000.0,1,1,10.0,0.0,0.00039913,2.041e-05,0.0,0.0,9,0,3,1,0.0,1.0,1.0,-6.0,0,0,0,True,False,110000.0
100000002454724100,terminal,0.75,30,0.1483,"Принял 125 тыс ₸ от 1 плательщика и удержал 125 тыс ₸; обход на колене 2 не обрывался, значит отсутствие исходящих — поведение, а не артефакт.",2,False,1,0,125000.0,0.0,3,0,0.0,125000.0,0.00030119,0.0,0.0,3.9e-07,7,0,2,1,0.0,1.0,0.0,0.0,0,0,0,False,False,125000.0
100000003497735100,terminal,0.75,17,0.1483,"Принял 125 тыс ₸ от 1 плательщика и удержал 125 тыс ₸; обход на колене 3 не обрывался, значит отсутствие исходящих — поведение, а не артефакт.",3,False,1,0,125000.0,0.0,1,0,0.0,125000.0,0.00030695,0.0,0.0,8.448e-05,7,0,3,1,0.0,1.0,0.0,0.0,0,0,0,False,False,125000.0
100000003235780100,terminal,0.751,0,0.1482,"Принял 65 тыс ₸ от 2 плательщиков и удержал 65 тыс ₸; обход на колене 1 не обрывался, значит отсутствие исходящих — поведение, а не артефакт.",1,False,2,0,65000.0,0.0,2,0,0.0,65000.0,0.0002912,0.0,0.0,0.00505746,7,1,1,1,0.0,1.0,0.0,0.0,0,0,0,False,False,65000.0
100000008174521100,terminal,0.723,5,0.1482,"Принял 82 тыс ₸ от 1 плательщика и удержал 82 тыс ₸; обход на колене 2 не обрывался, значит отсутствие исходящих — поведение, а не артефакт.",2,False,1,0,82110.0,0.0,1,0,0.0,82110.0,0.00044053,0.0,0.0,1.79e-06,7,0,2,1,0.0,1.0,0.0,0.0,0,0,0,False,False,82110.0
100000002890167100,terminal,0.748,5,0.1481,"Принял 118 тыс ₸ от 1 плательщика и удержал 118 тыс ₸; обход на колене 1 не обрывался, значит отсутствие исходящих — поведение, а не артефакт.",1,False,1,0,118150.0,0.0,1,0,0.0,118150.0,0.00029827,0.0,0.0,0.00029524,7,1,1,1,0.0,1.0,0.0,0.0,0,0,0,False,False,118150.0
100000002934441100,terminal,0.747,0,0.1481,"Принял 61 тыс ₸ от 2 плательщиков и удержал 61 тыс ₸; обход на колене 1 не обрывался, значит отсутствие исходящих — поведение, а не артефакт.",1,False,2,0,60845.6,0.0,2,0,0.0,60845.6,0.00030248,0.0,0.0,0.0027945,7,1,1,1,0.0,2.0,0.0,0.0,0,0,0,False,False,60845.6
100000003044431100,terminal,0.746,2,0.1481,"Принял 60 тыс ₸ от 2 плательщиков и удержал 60 тыс ₸; обход на колене 2 не обрывался, значит отсутствие исходящих — поведение, а не артефакт.",2,False,2,0,60000.0,0.0,2,0,0.0,60000.0,0.00030246,0.0,0.0,0.00309965,7,0,2,2,0.0,1.0,0.0,0.0,0,0,0,False,False,60000.0
100000001934935100,terminal,0.748,0,0.148,"Принял 119 тыс ₸ от 1 плательщика и удержал 119 тыс ₸; обход на колене 3 не обрывался, значит отсутствие исходящих — поведение, а не артефакт.",3,False,1,0,118935.0,0.0,1,0,0.0,118935.0,0.00029227,0.0,0.0,0.00290578,7,0,3,1,0.0,1.0,0.0,0.0,0,0,0,False,False,118935.0
100000005454368100,terminal,0.727,13,0.148,"Принял 49 тыс ₸ от 2 плательщиков и удержал 49 тыс ₸; обход на колене 0 не обрывался, значит отсутствие исходящих — поведение, а не артефакт.",0,True,2,0,48600.0,0.0,2,0,0.0,48600.0,0.00039419,0.0,0.0,5.07e-06,7,0,0,2,0.0,1.0,0.0,0.0,0,0,0,False,False,48600.0
100000003943483100,terminal,0.579,11,0.1479,"Принял 10 тыс ₸ от 1 плательщика и удержал 10 тыс ₸; обход на колене 2 не обрывался, значит отсутствие исходящих — поведение, а не артефакт.",2,False,1,0,10000.0,0.0,1,0,0.0,10000.0,0.00032896,0.0,0.0,0.0,8,0,2,1,0.0,1.0,0.0,0.0,0,0,0,False,False,10000.0
100000002095257100,terminal,0.566,11,0.1478,"Принял 8 тыс ₸ от 1 плательщика и удержал 8 тыс ₸; обход на колене 3 не обрывался, значит отсутствие исходящих — поведение, а не артефакт.",3,False,1,0,8500.0,0.0,1,0,0.0,8500.0,0.00039673,0.0,0.0,1.03e-06,8,0,3,1,0.0,1.0,0.0,0.0,0,0,0,False,False,8500.0
100000003134474100,terminal,0.747,4,0.1478,"Принял 116 тыс ₸ от 1 плательщика и удержал 116 тыс ₸; обход на колене 3 не обрывался, значит отсутствие исходящих — поведение, а не артефакт.",3,False,1,0,116000.0,0.0,1,0,0.0,116000.0,0.00028933,0.0,0.0,0.00294017,7,0,3,1,0.0,1.0,0.0,0.0,0,0,0,False,False,116000.0
100000003192220100,terminal,0.706,55,0.1478,"Принял 60 тыс ₸ от 1 плательщика и удержал 60 тыс ₸; обход на колене 2 не обрывался, значит отсутствие исходящих — поведение, а не артефакт.",2,False,1,0,60000.0,0.0,2,0,0.0,60000.0,0.00050317,0.0,0.0,0.0,7,0,2,1,0.0,1.0,0.0,0.0,0,0,0,False,False,60000.0
100000006100920100,terminal,0.74,0,0.1478,"Принял 100 тыс ₸ от 1 плательщика и удержал 100 тыс ₸; обход на колене 3 не обрывался, значит отсутствие исходящих — поведение, а не артефакт.",3,False,1,0,100000.0,0.0,1,0,0.0,100000.0,0.00032651,0.0,0.0,0.00064282,7,0,3,1,0.0,1.0,0.0,0.0,0,0,0,False,False,100000.0
100000006122699100,terminal,0.721,11,0.1478,"Принял 46 тыс ₸ от 2 плательщиков и удержал 46 тыс ₸; обход на колене 2 не обрывался, значит отсутствие исходящих — поведение, а не артефакт.",2,False,2,0,45865.0,0.0,2,0,0.0,45865.0,0.00040471,0.0,0.0,7.4e-06,7,0,2,2,0.0,2.0,0.0,0.0,0,0,0,False,False,45865.0
100000001851289100,terminal,0.744,5,0.1477,"Принял 110 тыс ₸ от 1 плательщика и удержал 110 тыс ₸; обход на колене 1 не обрывался, значит отсутствие исходящих — поведение, а не артефакт.",1,False,1,0,109510.0,0.0,3,0,0.0,109510.0,0.00029734,0.0,0.0,0.00029524,7,1,1,1,0.0,1.0,0.0,0.0,0,0,0,False,False,109510.0
100000003242795100,terminal,0.745,4,0.1477,"Принял 111 тыс ₸ от 1 плательщика и удержал 111 тыс ₸; обход на колене 3 не обрывался, значит отсутствие исходящих — поведение, а не артефакт.",3,False,1,0,111000.0,0.0,1,0,0.0,111000.0,0.00028917,0.0,0.0,0.00294017,7,0,3,1,0.0,1.0,0.0,0.0,0,0,0,False,False,111000.0
100000000440392100,terminal,0.742,5,0.1476,"Принял 106 тыс ₸ от 1 плательщика и удержал 106 тыс ₸; обход на колене 1 не обрывался, значит отсутствие исходящих — поведение, а не артефакт.",1,False,1,0,105705.0,0.0,4,0,0.0,105705.0,0.00029693,0.0,0.0,0.00029524,7,1,1,1,0.0,1.0,0.0,0.0,0,0,0,False,False,105705.0
100000001241318100,terminal,0.698,0,0.1476,"Принял 53 тыс ₸ от 1 плательщика и удержал 53 тыс ₸; обход на колене 2 не обрывался, значит отсутствие исходящих — поведение, а не артефакт.",2,False,1,0,53000.0,0.0,1,0,0.0,53000.0,0.00053084,0.0,0.0,0.0,7,0,2,1,0.0,1.0,0.0,0.0,0,0,0,False,False,53000.0
100000001524952100,terminal,0.741,0,0.1476,"Принял 104 тыс ₸ от 1 плательщика и удержал 104 тыс ₸; обход на колене 1 не обрывался, значит отсутствие исходящих — поведение, а не артефакт.",1,False,1,0,103807.0,0.0,1,0,0.0,103807.0,0.00030505,0.0,0.0,0.00215168,7,1,1,1,0.0,1.0,0.0,0.0,0,0,0,False,False,103807.0
100000002550141100,terminal,0.74,3,0.1476,"Принял 101 тыс ₸ от 1 плательщика и удержал 101 тыс ₸; обход на колене 3 не обрывался, значит отсутствие исходящих — поведение, а не артефакт.",3,False,1,0,100586.0,0.0,1,0,0.0,100586.0,0.00030779,0.0,0.0,0.00013028,7,0,3,1,0.0,1.0,0.0,0.0,0,0,0,False,False,100586.0
100000000802149100,terminal,0.741,0,0.1475,"Принял 104 тыс ₸ от 1 плательщика и удержал 104 тыс ₸; обход на колене 3 не обрывался, значит отсутствие исходящих — поведение, а не артефакт.",3,False,1,0,104128.0,0.0,1,0,0.0,104128.0,0.0002948,0.0,0.0,0.00113194,7,0,3,1,0.0,1.0,0.0,0.0,0,0,0,False,False,104128.0
100000003112436100,terminal,0.74,5,0.1475,"Принял 100 тыс ₸ от 1 плательщика и удержал 100 тыс ₸; обход на колене 2 не обрывался, значит отсутствие исходящих — поведение, а не артефакт.",2,False,1,0,100000.0,0.0,1,0,0.0,100000.0,0.00030213,0.0,0.0,4.04e-06,7,0,2,1,0.0,1.0,0.0,0.0,0,0,0,False,False,100000.0
100000003760160100,terminal,0.742,4,0.1475,"Принял 104 тыс ₸ от 1 плательщика и удержал 104 тыс ₸; обход на колене 3 не обрывался, значит отсутствие исходящих — поведение, а не артефакт.",3,False,1,0,104470.0,0.0,1,0,0.0,104470.0,0.00028896,0.0,0.0,0.00294017,7,0,3,1,0.0,1.0,0.0,0.0,0,0,0,False,False,104470.0
100000007653003100,terminal,0.74,15,0.1475,"Принял 100 тыс ₸ от 1 плательщика и удержал 100 тыс ₸; обход на колене 3 не обрывался, значит отсутствие исходящих — поведение, а не артефакт.",3,False,1,0,100000.0,0.0,1,0,0.0,100000.0,0.00030131,0.0,0.0,0.00023334,7,0,3,1,0.0,1.0,0.0,0.0,0,0,0,False,False,100000.0
100000004750321100,terminal,0.734,8,0.1474,"Принял 50 тыс ₸ от 2 плательщиков и удержал 50 тыс ₸; обход на колене 3 не обрывался, значит отсутствие исходящих — поведение, а не артефакт.",3,False,2,0,50185.0,0.0,2,0,0.0,50185.0,0.00031254,0.0,0.0,0.0001097,7,0,3,2,0.0,1.0,0.0,0.0,0,0,0,False,False,50185.0
100000005893892100,terminal,0.741,4,0.1474,"Принял 103 тыс ₸ от 1 плательщика и удержал 103 тыс ₸; обход на колене 3 не обрывался, значит отсутствие исходящих — поведение, а не артефакт.",3,False,1,0,102780.0,0.0,1,0,0.0,102780.0,0.0002889,0.0,0.0,0.00294017,7,0,3,1,0.0,1.0,0.0,0.0,0,0,0,False,False,102780.0
100000002600345100,terminal,0.737,5,0.1473,"Принял 52 тыс ₸ от 2 плательщиков и удержал 52 тыс ₸; обход на колене 1 не обрывался, значит отсутствие исходящих — поведение, а не артефакт.",1,False,2,0,52400.0,0.0,2,0,0.0,52400.0,0.00029572,0.0,0.0,0.00031972,7,1,1,1,0.0,1.0,0.0,0.0,0,0,0,False,False,52400.0
100000003647799100,terminal,0.74,4,0.1473,"Принял 100 тыс ₸ от 1 плательщика и удержал 100 тыс ₸; обход на колене 3 не обрывался, значит отсутствие исходящих — поведение, а не артефакт.",3,False,1,0,100000.0,0.0,1,0,0.0,100000.0,0.00028881,0.0,0.0,0.00294017,7,0,3,1,0.0,1.0,0.0,0.0,0,0,0,False,False,100000.0
100000003724440100,terminal,0.734,2,0.1473,"Принял 50 тыс ₸ от 2 плательщиков и удержал 50 тыс ₸; обход на колене 2 не обрывался, значит отсутствие исходящих — поведение, а не артефакт.",2,False,2,0,50000.0,0.0,2,0,0.0,50000.0,0.00030809,0.0,0.0,0.00041894,7,0,2,2,0.0,1.0,0.0,0.0,0,0,0,False,False,50000.0
100000003102157100,terminal,0.734,0,0.1471,"Принял 97 тыс ₸ от 1 плательщика и удержал 97 тыс ₸; обход на колене 1 не обрывался, значит отсутствие исходящих — поведение, а не артефакт.",1,False,1,0,96746.0,0.0,2,0,0.0,96746.0,0.00030372,0.0,0.0,0.00215168,7,1,1,1,0.0,1.0,0.0,0.0,0,0,0,False,False,96746.0
100000001386612100,terminal,0.708,20,0.147,"Принял 62 тыс ₸ от 1 плательщика и удержал 62 тыс ₸; обход на колене 2 не обрывался, значит отсутствие исходящих — поведение, а не артефакт.",2,False,1,0,62264.0,0.0,1,0,0.0,62264.0,0.00043377,0.0,0.0,1.88e-06,7,0,2,1,0.0,1.0,0.0,0.0,0,0,0,False,False,62264.0
100000001490461100,peripheral,0.6,8,0.147,"Вход: 1 плательщика (20 тыс ₸), выход: 1 получателя (5 тыс ₸) — ни один порог роли не пройден. Точка сочленения: изъятие разрывает связность сети.",2,False,1,1,20000.0,5000.0,1,1,0.25,15000.0,0.00032099,2.199e-05,0.0,0.0,9,0,2,1,0.0,1.0,1.0,12.0,0,0,0,True,False,25000.0
100000002983426100,terminal,0.728,8,0.1469,"Принял 89 тыс ₸ от 1 плательщика и удержал 89 тыс ₸; обход на колене 3 не обрывался, значит отсутствие исходящих — поведение, а не артефакт.",3,False,1,0,88945.0,0.0,1,0,0.0,88945.0,0.00031871,0.0,0.0,6.4e-07,7,0,3,1,0.0,1.0,0.0,0.0,0,0,0,False,False,88945.0
100000003060187100,terminal,0.732,17,0.1469,"Принял 93 тыс ₸ от 1 плательщика и удержал 93 тыс ₸; обход на колене 3 не обрывался, значит отсутствие исходящих — поведение, а не артефакт.",3,False,1,0,93046.0,0.0,1,0,0.0,93046.0,0.00030148,0.0,0.0,8.448e-05,7,0,3,1,0.0,1.0,0.0,0.0,0,0,0,False,False,93046.0
100000004360785100,terminal,0.733,5,0.1469,"Принял 95 тыс ₸ от 1 плательщика и удержал 95 тыс ₸; обход на колене 1 не обрывался, значит отсутствие исходящих — поведение, а не артефакт.",1,False,1,0,94705.0,0.0,1,0,0.0,94705.0,0.00029575,0.0,0.0,0.00029524,7,1,1,1,0.0,1.0,0.0,0.0,0,0,0,False,False,94705.0
100000006595426100,terminal,0.725,0,0.1469,"Принял 85 тыс ₸ от 1 плательщика и удержал 85 тыс ₸; обход на колене 2 не обрывался, значит отсутствие исходящих — поведение, а не артефакт.",2,False,1,0,84800.0,0.0,3,0,0.0,84800.0,0.00033432,0.0,0.0,5.31e-05,7,0,2,1,0.0,1.0,0.0,0.0,0,0,0,False,False,84800.0
100000002015633100,terminal,0.733,4,0.1468,"Принял 95 тыс ₸ от 1 плательщика и удержал 95 тыс ₸; обход на колене 3 не обрывался, значит отсутствие исходящих — поведение, а не артефакт.",3,False,1,0,94970.0,0.0,1,0,0.0,94970.0,0.00028865,0.0,0.0,0.00294017,7,0,3,1,0.0,1.0,0.0,0.0,0,0,0,False,False,94970.0
100000005620225100,terminal,0.729,0,0.1468,"Принял 50 тыс ₸ от 2 плательщиков и удержал 50 тыс ₸; обход на колене 1 не обрывался, значит отсутствие исходящих — поведение, а не артефакт.",1,False,2,0,49845.66,0.0,2,0,0.0,49845.66,0.00029624,0.0,0.0,0.0027945,7,1,1,1,0.0,1.0,0.0,0.0,0,0,0,False,False,49845.66
100000002558173100,terminal,0.568,33,0.1467,"Принял 9 тыс ₸ от 1 плательщика и удержал 9 тыс ₸; обход на колене 2 не обрывался, значит отсутствие исходящих — поведение, а не артефакт.",2,False,1,0,9300.0,0.0,1,0,0.0,9300.0,0.00029583,0.0,0.0,0.0,8,0,2,1,0.0,1.0,0.0,0.0,0,0,0,False,False,9300.0
100000002926970100,terminal,0.726,8,0.1467,"Принял 85 тыс ₸ от 1 плательщика и удержал 85 тыс ₸; обход на колене 3 не обрывался, значит отсутствие исходящих — поведение, а не артефакт.",3,False,1,0,85000.0,0.0,1,0,0.0,85000.0,0.00031724,0.0,0.0,6.4e-07,7,0,3,1,0.0,1.0,0.0,0.0,0,0,0,False,False,85000.0
100000000945428100,terminal,0.728,0,0.1466,"Принял 90 тыс ₸ от 1 плательщика и удержал 90 тыс ₸; обход на колене 1 не обрывался, значит отсутствие исходящих — поведение, а не артефакт.",1,False,1,0,89629.0,0.0,1,0,0.0,89629.0,0.00030239,0.0,0.0,0.00215168,7,1,1,1,0.0,1.0,0.0,0.0,0,0,0,False,False,89629.0
100000001046057100,terminal,0.724,10,0.1466,"Принял 83 тыс ₸ от 1 плательщика и удержал 83 тыс ₸; обход на колене 3 не обрывался, значит отсутствие исходящих — поведение, а не артефакт.",3,False,1,0,83420.0,0.0,1,0,0.0,83420.0,0.00031851,0.0,0.0,5e-08,7,0,3,1,0.0,1.0,0.0,0.0,0,0,0,False,False,83420.0
100000002284426100,terminal,0.73,4,0.1466,"Принял 90 тыс ₸ от 1 плательщика и удержал 90 тыс ₸; обход на колене 3 не обрывался, значит отсутствие исходящих — поведение, а не артефакт.",3,False,1,0,90000.0,0.0,2,0,0.0,90000.0,0.00028849,0.0,0.0,0.00294017,7,0,3,1,0.0,1.0,0.0,0.0,0,0,0,False,False,90000.0
100000007020162100,terminal,0.726,14,0.1466,"Принял 86 тыс ₸ от 1 плательщика и удержал 86 тыс ₸; обход на колене 3 не обрывался, значит отсутствие исходящих — поведение, а не артефакт.",3,False,1,0,86395.0,0.0,1,0,0.0,86395.0,0.00030999,0.0,0.0,2.441e-05,7,0,3,1,0.0,1.0,0.0,0.0,0,0,0,False,False,86395.0
100000008737514100,terminal,0.726,16,0.1466,"Принял 85 тыс ₸ от 1 плательщика и удержал 85 тыс ₸; обход на колене 2 не обрывался, значит отсутствие исходящих — поведение, а не артефакт.",2,False,1,0,85000.0,0.0,1,0,0.0,85000.0,0.00031261,0.0,0.0,3.568e-05,7,0,2,1,0.0,1.0,0.0,0.0,0,0,0,False,False,85000.0
100000008422226100,terminal,0.727,0,0.1464,"Принял 87 тыс ₸ от 1 плательщика и удержал 87 тыс ₸; обход на колене 3 не обрывался, значит отсутствие исходящих — поведение, а не артефакт.",3,False,1,0,87450.0,0.0,1,0,0.0,87450.0,0.00029049,0.0,0.0,0.00290578,7,0,3,1,0.0,1.0,0.0,0.0,0,0,0,False,False,87450.0
100000002653948100,terminal,0.726,4,0.1463,"Принял 85 тыс ₸ от 1 плательщика и удержал 85 тыс ₸; обход на колене 3 не обрывался, значит отсутствие исходящих — поведение, а не артефакт.",3,False,1,0,85200.0,0.0,1,0,0.0,85200.0,0.00028833,0.0,0.0,0.00294017,7,0,3,1,0.0,1.0,0.0,0.0,0,0,0,False,False,85200.0
100000004193835100,terminal,0.684,5,0.1463,"Принял 47 тыс ₸ от 1 плательщика и удержал 42 тыс ₸; обход на колене 0 не обрывался, значит отсутствие исходящих — поведение, а не артефакт.",0,True,1,1,47000.0,5000.0,1,1,0.1064,42000.0,0.00046993,6.68e-06,4.6e-07,0.0,7,0,0,2,1.0,1.0,1.0,0.0,0,0,0,False,False,52000.0
100000008502995100,terminal,0.64,0,0.1463,"Принял 25 тыс ₸ от 1 плательщика и удержал 25 тыс ₸; обход на колене 3 не обрывался, значит отсутствие исходящих — поведение, а не артефакт.",3,False,1,0,25000.0,0.0,2,0,0.0,25000.0,0.00072709,0.0,0.0,1.748e-05,7,0,3,1,0.0,1.0,0.0,0.0,0,0,0,False,False,25000.0
100000008729597100,terminal,0.724,3,0.1463,"Принял 83 тыс ₸ от 1 плательщика и удержал 83 тыс ₸; обход на колене 3 не обрывался, значит отсутствие исходящих — поведение, а не артефакт.",3,False,1,0,83090.0,0.0,1,0,0.0,83090.0,0.00030247,0.0,0.0,0.00160441,7,0,3,1,0.0,1.0,0.0,0.0,0,0,0,False,False,83090.0
100000007754369100,terminal,0.724,0,0.1462,"Принял 82 тыс ₸ от 1 плательщика и удержал 82 тыс ₸; обход на колене 3 не обрывался, значит отсутствие исходящих — поведение, а не артефакт.",3,False,1,0,82424.0,0.0,1,0,0.0,82424.0,0.00029288,0.0,0.0,0.00113194,7,0,3,1,0.0,1.0,0.0,0.0,0,0,0,False,False,82424.0
100000002299948100,terminal,0.56,33,0.1461,"Принял 7 тыс ₸ от 1 плательщика и удержал 7 тыс ₸; обход на колене 2 не обрывался, значит отсутствие исходящих — поведение, а не артефакт.",2,False,1,0,6750.0,0.0,1,0,0.0,6750.0,0.00029302,0.0,0.0,0.0,8,0,2,1,0.0,1.0,0.0,0.0,0,0,0,False,False,6750.0
100000003888197100,terminal,0.724,4,0.1461,"Принял 83 тыс ₸ от 1 плательщика и удержал 83 тыс ₸; обход на колене 3 не обрывался, значит отсутствие исходящих — поведение, а не артефакт.",3,False,1,0,83167.0,0.0,1,0,0.0,83167.0,0.00028826,0.0,0.0,0.00294017,7,0,3,1,0.0,1.0,0.0,0.0,0,0,0,False,False,83167.0
100000003831201100,terminal,0.674,0,0.146,"Принял 40 тыс ₸ от 1 плательщика и удержал 40 тыс ₸; обход на колене 2 не обрывался, значит отсутствие исходящих — поведение, а не артефакт.",2,False,1,0,40500.0,0.0,3,0,0.0,40500.0,0.00053433,0.0,0.0,0.0,7,0,2,1,0.0,1.0,0.0,0.0,0,0,0,False,False,40500.0
100000007737775100,terminal,0.558,32,0.146,"Принял 6 тыс ₸ от 1 плательщика и удержал 6 тыс ₸; обход на колене 3 не обрывался, значит отсутствие исходящих — поведение, а не артефакт.",3,False,1,0,6000.0,0.0,1,0,0.0,6000.0,0.00030313,0.0,0.0,1e-06,8,0,3,1,0.0,1.0,0.0,0.0,0,0,0,False,False,6000.0
100000000611474100,terminal,0.66,22,0.1459,"Принял 32 тыс ₸ от 1 плательщика и удержал 32 тыс ₸; обход на колене 3 не обрывался, значит отсутствие исходящих — поведение, а не артефакт.",3,False,1,0,32000.0,0.0,1,0,0.0,32000.0,0.00059562,0.0,0.0,0.0,7,0,3,1,0.0,1.0,0.0,0.0,0,0,0,False,False,32000.0
100000001835625100,terminal,0.719,4,0.1458,"Принял 75 тыс ₸ от 1 плательщика и удержал 75 тыс ₸; обход на колене 3 не обрывался, значит отсутствие исходящих — поведение, а не артефакт.",3,False,1,0,75130.0,0.0,1,0,0.0,75130.0,0.000288,0.0,0.0,0.00294017,7,0,3,1,0.0,1.0,0.0,0.0,0,0,0,False,False,75130.0
100000001052789100,terminal,0.715,17,0.1456,"Принял 71 тыс ₸ от 1 плательщика и удержал 71 тыс ₸; обход на колене 3 не обрывался, значит отсутствие исходящих — поведение, а не артефакт.",3,False,1,0,70975.0,0.0,1,0,0.0,70975.0,0.00029771,0.0,0.0,8.448e-05,7,0,3,1,0.0,1.0,0.0,0.0,0,0,0,False,False,70975.0
100000001853812100,terminal,0.715,3,0.1456,"Принял 70 тыс ₸ от 1 плательщика и удержал 70 тыс ₸; обход на колене 3 не обрывался, значит отсутствие исходящих — поведение, а не артефакт.",3,False,1,0,70000.0,0.0,1,0,0.0,70000.0,0.00029981,0.0,0.0,0.00160441,7,0,3,1,0.0,1.0,0.0,0.0,0,0,0,False,False,70000.0
100000006952718100,terminal,0.716,5,0.1456,"Принял 71 тыс ₸ от 1 плательщика и удержал 71 тыс ₸; обход на колене 1 не обрывался, значит отсутствие исходящих — поведение, а не артефакт.",1,False,1,0,71489.0,0.0,1,0,0.0,71489.0,0.00029326,0.0,0.0,0.00029524,7,1,1,1,0.0,1.0,0.0,0.0,0,0,0,False,False,71489.0
100000002236528100,terminal,0.711,6,0.1455,"Принял 66 тыс ₸ от 1 плательщика и удержал 66 тыс ₸; обход на колене 3 не обрывался, значит отсутствие исходящих — поведение, а не артефакт.",3,False,1,0,66000.0,0.0,1,0,0.0,66000.0,0.00030724,0.0,0.0,0.00010831,7,0,3,1,0.0,1.0,0.0,0.0,0,0,0,False,False,66000.0
100000003610172100,terminal,0.715,4,0.1455,"Принял 70 тыс ₸ от 1 плательщика и удержал 70 тыс ₸; обход на колене 3 не обрывался, значит отсутствие исходящих — поведение, а не артефакт.",3,False,1,0,70000.0,0.0,1,0,0.0,70000.0,0.00028784,0.0,0.0,0.00294017,7,0,3,1,0.0,1.0,0.0,0.0,0,0,0,False,False,70000.0
100000002511825100,terminal,0.711,0,0.1453,"Принял 65 тыс ₸ от 1 плательщика и удержал 65 тыс ₸; обход на колене 1 не обрывался, значит отсутствие исходящих — поведение, а не артефакт.",1,False,1,0,65000.0,0.0,1,0,0.0,65000.0,0.00029777,0.0,0.0,0.00215168,7,1,1,1,0.0,1.0,0.0,0.0,0,0,0,False,False,65000.0
100000002731501100,peripheral,0.6,23,0.1453,"Вход: 3 плательщиков (570 тыс ₸), выход: 7 получателей (834 тыс ₸) — ни один порог роли не пройден. Деньги возвращаются отправителю: 2 встречных счёта.",1,False,3,7,570370.0,833960.0,7,20,1.4621,0.0,0.00048558,4.46e-06,0.0,0.0,1,1,1,1,0.024,3.0,2.0,18.0,14,2,2,True,False,1404330.0
100000002778085100,terminal,0.711,5,0.1453,"Принял 66 тыс ₸ от 1 плательщика и удержал 66 тыс ₸; обход на колене 1 не обрывался, значит отсутствие исходящих — поведение, а не артефакт.",1,False,1,0,66208.0,0.0,1,0,0.0,66208.0,0.00029269,0.0,0.0,0.00029524,7,1,1,1,0.0,1.0,0.0,0.0,0,0,0,False,False,66208.0
100000000961900100,terminal,0.707,0,0.1452,"Принял 36 тыс ₸ от 2 плательщиков и удержал 36 тыс ₸; обход на колене 1 не обрывался, значит отсутствие исходящих — поведение, а не артефакт.",1,False,2,0,36000.0,0.0,3,0,0.0,36000.0,0.00029432,0.0,0.0,0.0027945,7,1,1,1,0.0,1.0,0.0,0.0,0,0,0,False,False,36000.0
100000002852402100,terminal,0.702,16,0.1451,"Принял 55 тыс ₸ от 1 плательщика и удержал 55 тыс ₸; обход на колене 2 не обрывался, значит отсутствие исходящих — поведение, а не артефакт.",2,False,1,0,55000.0,0.0,1,0,0.0,55000.0,0.00032702,0.0,0.0,0.0,7,0,2,1,0.0,1.0,0.0,0.0,0,0,0,False,False,55000.0
100000008436257100,terminal,0.705,15,0.1451,"Принял 35 тыс ₸ от 2 плательщиков и удержал 35 тыс ₸; обход на колене 3 не обрывался, значит отсутствие исходящих — поведение, а не артефакт.",3,False,2,0,35000.0,0.0,2,0,0.0,35000.0,0.00029458,0.0,0.0,0.00025204,7,0,3,1,0.0,2.0,0.0,0.0,0,0,0,False,False,35000.0
100000001785161100,terminal,0.696,30,0.145,"Принял 30 тыс ₸ от 2 плательщиков и удержал 30 тыс ₸; обход на колене 3 не обрывался, значит отсутствие исходящих — поведение, а не артефакт.",3,False,2,0,30000.0,0.0,2,0,0.0,30000.0,0.00033122,0.0,0.0,4.537e-05,7,0,3,1,0.0,1.0,0.0,0.0,0,0,0,False,False,30000.0
100000002380341100,terminal,0.704,0,0.145,"Принял 58 тыс ₸ от 1 плательщика и удержал 58 тыс ₸; обход на колене 3 не обрывался, значит отсутствие исходящих — поведение, а не артефакт.",3,False,1,0,57566.4,0.0,1,0,0.0,57566.4,0.00030914,0.0,0.0,0.00064282,7,0,3,1,0.0,1.0,0.0,0.0,0,0,0,False,False,57566.4
100000000942301100,terminal,0.704,0,0.1449,"Принял 58 тыс ₸ от 1 плательщика и удержал 58 тыс ₸; обход на колене 3 не обрывался, значит отсутствие исходящих — поведение, а не артефакт.",3,False,1,0,57580.0,0.0,2,0,0.0,57580.0,0.00030059,0.0,0.0,0.00113791,7,0,3,1,0.0,1.0,0.0,0.0,0,0,0,False,False,57580.0
100000008701256100,terminal,0.704,0,0.1449,"Принял 58 тыс ₸ от 1 плательщика и удержал 58 тыс ₸; обход на колене 2 не обрывался, значит отсутствие исходящих — поведение, а не артефакт.",2,False,1,0,58250.0,0.0,1,0,0.0,58250.0,0.00030374,0.0,0.0,4.841e-05,7,0,2,1,0.0,1.0,0.0,0.0,0,0,0,False,False,58250.0
100000001379511100,terminal,0.702,10,0.1448,"Принял 55 тыс ₸ от 1 плательщика и удержал 55 тыс ₸; обход на колене 3 не обрывался, значит отсутствие исходящих — поведение, а не артефакт.",3,False,1,0,55000.0,0.0,1,0,0.0,55000.0,0.00030729,0.0,0.0,5e-08,7,0,3,1,0.0,1.0,0.0,0.0,0,0,0,False,False,55000.0
100000001805543100,terminal,0.705,5,0.1448,"Принял 59 тыс ₸ от 1 плательщика и удержал 59 тыс ₸; обход на колене 1 не обрывался, значит отсутствие исходящих — поведение, а не артефакт.",1,False,1,0,59000.0,0.0,1,0,0.0,59000.0,0.00029191,0.0,0.0,0.00029524,7,1,1,1,0.0,1.0,0.0,0.0,0,0,0,False,False,59000.0
100000002845605100,terminal,0.704,0,0.1448,"Принял 58 тыс ₸ от 1 плательщика и удержал 58 тыс ₸; обход на колене 1 не обрывался, значит отсутствие исходящих — поведение, а не артефакт.",1,False,1,0,57567.0,0.0,1,0,0.0,57567.0,0.00029637,0.0,0.0,0.00215168,7,1,1,1,0.0,1.0,0.0,0.0,0,0,0,False,False,57567.0
100000004410489100,terminal,0.7,2,0.1448,"Принял 54 тыс ₸ от 1 плательщика и удержал 54 тыс ₸; обход на колене 2 не обрывался, значит отсутствие исходящих — поведение, а не артефакт.",2,False,1,0,54000.0,0.0,1,0,0.0,54000.0,0.00031422,0.0,0.0,0.00015948,7,0,2,1,0.0,1.0,0.0,0.0,0,0,0,False,False,54000.0
100000008669310100,terminal,0.705,0,0.1448,"Принял 60 тыс ₸ от 1 плательщика и удержал 60 тыс ₸; обход на колене 3 не обрывался, значит отсутствие исходящих — поведение, а не артефакт.",3,False,1,0,59567.0,0.0,2,0,0.0,59567.0,0.00028892,0.0,0.0,0.00290578,7,0,3,1,0.0,1.0,0.0,0.0,0,0,0,False,False,59567.0
100000001110358100,terminal,0.7,0,0.1447,"Принял 32 тыс ₸ от 2 плательщиков и удержал 32 тыс ₸; обход на колене 3 не обрывался, значит отсутствие исходящих — поведение, а не артефакт.",3,False,2,0,32000.0,0.0,2,0,0.0,32000.0,0.00029299,0.0,0.0,0.00137125,7,0,3,2,0.0,2.0,0.0,0.0,0,0,0,False,False,32000.0
100000002891765100,terminal,0.702,14,0.1447,"Принял 56 тыс ₸ от 1 плательщика и удержал 56 тыс ₸; обход на колене 3 не обрывался, значит отсутствие исходящих — поведение, а не артефакт.",3,False,1,0,55576.0,0.0,1,0,0.0,55576.0,0.00030128,0.0,0.0,2.441e-05,7,0,3,1,0.0,1.0,0.0,0.0,0,0,0,False,False,55576.0
100000008259451100,terminal,0.702,14,0.1447,"Принял 55 тыс ₸ от 1 плательщика и удержал 55 тыс ₸; обход на колене 3 не обрывался, значит отсутствие исходящих — поведение, а не артефакт.",3,False,1,0,55000.0,0.0,1,0,0.0,55000.0,0.00030112,0.0,0.0,2.441e-05,7,0,3,1,0.0,1.0,0.0,0.0,0,0,0,False,False,55000.0
100000003971049100,terminal,0.702,0,0.1446,"Принял 56 тыс ₸ от 1 плательщика и удержал 56 тыс ₸; обход на колене 2 не обрывался, значит отсутствие исходящих — поведение, а не артефакт.",2,False,1,0,55900.0,0.0,7,0,0.0,55900.0,0.00029427,0.0,0.0,5.172e-05,7,0,2,1,0.0,1.0,0.0,0.0,0,0,0,False,False,55900.0
100000005754335100,terminal,0.678,38,0.1445,"Принял 44 тыс ₸ от 1 плательщика и удержал 44 тыс ₸; обход на колене 3 не обрывался, значит отсутствие исходящих — поведение, а не артефакт.",3,False,1,0,44037.0,0.0,1,0,0.0,44037.0,0.00040462,0.0,0.0,2.428e-05,7,0,3,1,0.0,1.0,0.0,0.0,0,0,0,False,False,44037.0
100000006126743100,terminal,0.702,4,0.1445,"Принял 55 тыс ₸ от 1 плательщика и удержал 55 тыс ₸; обход на колене 3 не обрывался, значит отсутствие исходящих — поведение, а не артефакт.",3,False,1,0,55000.0,0.0,1,0,0.0,55000.0,0.00028735,0.0,0.0,0.00294017,7,0,3,1,0.0,1.0,0.0,0.0,0,0,0,False,False,55000.0
100000008405209100,terminal,0.7,15,0.1445,"Принял 54 тыс ₸ от 1 плательщика и удержал 54 тыс ₸; обход на колене 3 не обрывался, значит отсутствие исходящих — поведение, а не артефакт.",3,False,1,0,54400.0,0.0,1,0,0.0,54400.0,0.00029413,0.0,0.0,0.00023334,7,0,3,1,0.0,1.0,0.0,0.0,0,0,0,False,False,54400.0
100000008459449100,terminal,0.699,0,0.1445,"Принял 54 тыс ₸ от 1 плательщика и удержал 54 тыс ₸; обход на колене 3 не обрывался, значит отсутствие исходящих — поведение, а не артефакт.",3,False,1,0,53700.0,0.0,1,0,0.0,53700.0,0.00029958,0.0,0.0,0.00113791,7,0,3,1,0.0,1.0,0.0,0.0,0,0,0,False,False,53700.0
100000001530709100,terminal,0.7,0,0.1444,"Принял 54 тыс ₸ от 1 плательщика и удержал 54 тыс ₸; обход на колене 3 не обрывался, значит отсутствие исходящих — поведение, а не артефакт.",3,False,1,0,53961.0,0.0,1,0,0.0,53961.0,0.00028861,0.0,0.0,0.00290578,7,0,3,1,0.0,1.0,0.0,0.0,0,0,0,False,False,53961.0
100000002807334100,terminal,0.7,4,0.1444,"Принял 55 тыс ₸ от 1 плательщика и удержал 55 тыс ₸; обход на колене 3 не обрывался, значит отсутствие исходящих — поведение, а не артефакт.",3,False,1,0,54715.0,0.0,1,0,0.0,54715.0,0.00028734,0.0,0.0,0.00294017,7,0,3,1,0.0,1.0,0.0,0.0,0,0,0,False,False,54715.0
100000004984689100,terminal,0.698,3,0.1444,"Принял 53 тыс ₸ от 1 плательщика и удержал 53 тыс ₸; обход на колене 3 не обрывался, значит отсутствие исходящих — поведение, а не артефакт.",3,False,1,0,53030.0,0.0,1,0,0.0,53030.0,0.00029636,0.0,0.0,0.00160441,7,0,3,1,0.0,1.0,0.0,0.0,0,0,0,False,False,53030.0
100000002489253100,terminal,0.696,5,0.1443,"Принял 51 тыс ₸ от 1 плательщика и удержал 51 тыс ₸; обход на колене 2 не обрывался, значит отсутствие исходящих — поведение, а не артефакт.",2,False,1,0,51000.0,0.0,1,0,0.0,51000.0,0.00030184,0.0,0.0,1.9e-07,7,0,2,1,0.0,1.0,0.0,0.0,0,0,0,False,False,51000.0
100000004336228100,terminal,0.696,3,0.1443,"Принял 51 тыс ₸ от 1 плательщика и удержал 51 тыс ₸; обход на колене 3 не обрывался, значит отсутствие исходящих — поведение, а не артефакт.",3,False,1,0,51407.0,0.0,2,0,0.0,51407.0,0.00029603,0.0,0.0,0.00160441,7,0,3,1,0.0,1.0,0.0,0.0,0,0,0,False,False,51407.0
100000005142589100,terminal,0.694,0,0.1443,"Принял 50 тыс ₸ от 1 плательщика и удержал 50 тыс ₸; обход на колене 2 не обрывался, значит отсутствие исходящих — поведение, а не артефакт.",2,False,1,0,50000.0,0.0,2,0,0.0,50000.0,0.00031037,0.0,0.0,5.347e-05,7,0,2,1,0.0,1.0,0.0,0.0,0,0,0,False,False,50000.0
100000006894637100,terminal,0.698,0,0.1443,"Принял 53 тыс ₸ от 1 плательщика и удержал 53 тыс ₸; обход на колене 3 не обрывался, значит отсутствие исходящих — поведение, а не артефакт.",3,False,1,0,52831.0,0.0,1,0,0.0,52831.0,0.00029025,0.0,0.0,0.00113194,7,0,3,1,0.0,1.0,0.0,0.0,0,0,0,False,False,52831.0
100000004066647100,terminal,0.696,17,0.1442,"Принял 51 тыс ₸ от 1 плательщика и удержал 51 тыс ₸; обход на колене 3 не обрывался, значит отсутствие исходящих — поведение, а не артефакт.",3,False,1,0,51000.0,0.0,1,0,0.0,51000.0,0.00029429,0.0,0.0,8.448e-05,7,0,3,1,0.0,1.0,0.0,0.0,0,0,0,False,False,51000.0
100000000795374100,terminal,0.694,3,0.1441,"Принял 50 тыс ₸ от 1 плательщика и удержал 50 тыс ₸; обход на колене 3 не обрывался, значит отсутствие исходящих — поведение, а не артефакт.",3,False,1,0,50000.0,0.0,1,0,0.0,50000.0,0.00029574,0.0,0.0,0.00160441,7,0,3,1,0.0,1.0,0.0,0.0,0,0,0,False,False,50000.0
100000001550388100,terminal,0.694,0,0.1441,"Принял 50 тыс ₸ от 1 плательщика и удержал 50 тыс ₸; обход на колене 1 не обрывался, значит отсутствие исходящих — поведение, а не артефакт.",1,False,1,0,50000.0,0.0,1,0,0.0,50000.0,0.00029495,0.0,0.0,0.00215168,7,1,1,1,0.0,1.0,0.0,0.0,0,0,0,False,False,50000.0
100000002567887100,terminal,0.695,4,0.1441,"Принял 51 тыс ₸ от 1 плательщика и удержал 51 тыс ₸; обход на колене 3 не обрывался, значит отсутствие исходящих — поведение, а не артефакт.",3,False,1,0,50915.0,0.0,1,0,0.0,50915.0,0.00028722,0.0,0.0,0.00294017,7,0,3,1,0.0,1.0,0.0,0.0,0,0,0,False,False,50915.0
100000002990675100,terminal,0.696,4,0.1441,"Принял 51 тыс ₸ от 1 плательщика и удержал 51 тыс ₸; обход на колене 3 не обрывался, значит отсутствие исходящих — поведение, а не артефакт.",3,False,1,0,51143.0,0.0,1,0,0.0,51143.0,0.00028723,0.0,0.0,0.00294017,7,0,3,1,0.0,1.0,0.0,0.0,0,0,0,False,False,51143.0
100000003711830100,terminal,0.694,3,0.1441,"Принял 50 тыс ₸ от 1 плательщика и удержал 50 тыс ₸; обход на колене 3 не обрывался, значит отсутствие исходящих — поведение, а не артефакт.",3,False,1,0,50000.0,0.0,1,0,0.0,50000.0,0.00029574,0.0,0.0,0.00160441,7,0,3,1,0.0,1.0,0.0,0.0,0,0,0,False,False,50000.0
100000003899325100,terminal,0.694,3,0.1441,"Принял 50 тыс ₸ от 1 плательщика и удержал 50 тыс ₸; обход на колене 3 не обрывался, значит отсутствие исходящих — поведение, а не артефакт.",3,False,1,0,50120.0,0.0,1,0,0.0,50120.0,0.00029664,0.0,0.0,0.00013028,7,0,3,1,0.0,1.0,0.0,0.0,0,0,0,False,False,50120.0
100000004580254100,terminal,0.687,15,0.1441,"Принял 28 тыс ₸ от 2 плательщиков и удержал 28 тыс ₸; обход на колене 3 не обрывался, значит отсутствие исходящих — поведение, а не артефакт.",3,False,2,0,27940.0,0.0,2,0,0.0,27940.0,0.00031228,0.0,0.0,0.00034029,7,0,3,2,0.0,1.0,0.0,0.0,0,0,0,False,False,27940.0
100000005809252100,terminal,0.64,4,0.1441,"Принял 25 тыс ₸ от 1 плательщика и удержал 25 тыс ₸; обход на колене 2 не обрывался, значит отсутствие исходящих — поведение, а не артефакт.",2,False,1,0,25000.0,0.0,1,0,0.0,25000.0,0.00056713,0.0,0.0,0.0,7,0,2,1,0.0,1.0,0.0,0.0,0,0,0,False,False,25000.0
100000006248077100,terminal,0.694,5,0.1441,"Принял 50 тыс ₸ от 1 плательщика и удержал 50 тыс ₸; обход на колене 2 не обрывался, значит отсутствие исходящих — поведение, а не артефакт.",2,False,1,0,50000.0,0.0,1,0,0.0,50000.0,0.00029385,0.0,0.0,4.04e-06,7,0,2,1,0.0,1.0,0.0,0.0,0,0,0,False,False,50000.0
100000006687202100,terminal,0.694,0,0.1441,"Принял 50 тыс ₸ от 1 плательщика и удержал 50 тыс ₸; обход на колене 1 не обрывался, значит отсутствие исходящих — поведение, а не артефакт.",1,False,1,0,50000.0,0.0,1,0,0.0,50000.0,0.00029495,0.0,0.0,0.00215168,7,1,1,1,0.0,1.0,0.0,0.0,0,0,0,False,False,50000.0
100000008043184100,terminal,0.695,15,0.1441,"Принял 51 тыс ₸ от 1 плательщика и удержал 51 тыс ₸; обход на колене 3 не обрывался, значит отсутствие исходящих — поведение, а не артефакт.",3,False,1,0,50564.0,0.0,1,0,0.0,50564.0,0.00029353,0.0,0.0,0.00023334,7,0,3,1,0.0,1.0,0.0,0.0,0,0,0,False,False,50564.0
100000001130176100,terminal,0.64,0,0.144,"Принял 25 тыс ₸ от 1 плательщика и удержал 25 тыс ₸; обход на колене 3 не обрывался, значит отсутствие исходящих — поведение, а не артефакт.",3,False,1,0,25000.0,0.0,2,0,0.0,25000.0,0.00055805,0.0,0.0,0.0,7,0,3,1,0.0,1.0,0.0,0.0,0,0,0,False,False,25000.0
100000001745217100,terminal,0.694,0,0.144,"Принял 50 тыс ₸ от 1 плательщика и удержал 50 тыс ₸; обход на колене 3 не обрывался, значит отсутствие исходящих — поведение, а не артефакт.",3,False,1,0,50000.0,0.0,1,0,0.0,50000.0,0.00029,0.0,0.0,0.00113194,7,0,3,1,0.0,1.0,0.0,0.0,0,0,0,False,False,50000.0
100000003293377100,terminal,0.694,4,0.144,"Принял 50 тыс ₸ от 1 плательщика и удержал 50 тыс ₸; обход на колене 3 не обрывался, значит отсутствие исходящих — поведение, а не артефакт.",3,False,1,0,50000.0,0.0,1,0,0.0,50000.0,0.00028719,0.0,0.0,0.00294017,7,0,3,1,0.0,1.0,0.0,0.0,0,0,0,False,False,50000.0
100000005612411100,peripheral,0.6,2,0.144,"Вход: 3 плательщиков (116 тыс ₸), выход: 8 получателей (507 тыс ₸) — ни один порог роли не пройден. Точка сочленения: изъятие разрывает связность сети.",1,False,3,8,115500.0,506997.0,4,8,4.3896,0.0,0.00032721,0.00015535,0.0,0.00028075,8,1,1,2,0.4075,2.0,2.0,5.0,0,0,0,True,False,622497.0
100000000560751100,terminal,0.64,13,0.1439,"Принял 25 тыс ₸ от 1 плательщика и удержал 25 тыс ₸; обход на колене 3 не обрывался, значит отсутствие исходящих — поведение, а не артефакт.",3,False,1,0,25000.0,0.0,1,0,0.0,25000.0,0.00055245,0.0,0.0,0.0,7,0,3,1,0.0,1.0,0.0,0.0,0,0,0,False,False,25000.0
100000003219438100,terminal,0.66,34,0.1438,"Принял 32 тыс ₸ от 1 плательщика и удержал 32 тыс ₸; обход на колене 2 не обрывался, значит отсутствие исходящих — поведение, а не артефакт.",2,False,1,0,32000.0,0.0,1,0,0.0,32000.0,0.00044716,0.0,0.0,0.0,7,0,2,1,0.0,1.0,0.0,0.0,0,0,0,False,False,32000.0
100000002241986100,peripheral,0.6,41,0.1437,"Вход: 1 плательщика (280 тыс ₸), выход: 6 получателей (3.1 млн ₸) — ни один порог роли не пройден. Отдаёт в 11× больше видимых входящих: источник вне выгрузки.",3,False,1,6,280000.0,3077000.0,1,12,10.9893,0.0,0.00029464,0.00011532,0.0,0.00294017,7,0,3,2,0.0,1.0,2.0,-2.0,0,0,0,True,False,3357000.0
100000007484343100,terminal,0.686,0,0.1437,"Принял 27 тыс ₸ от 2 плательщиков и удержал 27 тыс ₸; обход на колене 3 не обрывался, значит отсутствие исходящих — поведение, а не артефакт.",3,False,2,0,26757.0,0.0,2,0,0.0,26757.0,0.00028913,0.0,0.0,0.00404369,7,0,3,1,0.0,2.0,0.0,0.0,0,0,0,False,False,26757.0
100000001160401100,terminal,0.685,0,0.1436,"Принял 47 тыс ₸ от 1 плательщика и удержал 47 тыс ₸; обход на колене 3 не обрывался, значит отсутствие исходящих — поведение, а не артефакт.",3,False,1,0,47190.0,0.0,2,0,0.0,47190.0,0.00030489,0.0,0.0,0.00064282,7,0,3,1,0.0,1.0,0.0,0.0,0,0,0,False,False,47190.0
100000001597424100,terminal,0.686,14,0.1436,"Принял 48 тыс ₸ от 1 плательщика и удержал 48 тыс ₸; обход на колене 3 не обрывался, значит отсутствие исходящих — поведение, а не артефакт.",3,False,1,0,48100.0,0.0,1,0,0.0,48100.0,0.00029916,0.0,0.0,2.441e-05,7,0,3,1,0.0,1.0,0.0,0.0,0,0,0,False,False,48100.0
100000002862113100,terminal,0.685,14,0.1436,"Принял 47 тыс ₸ от 1 плательщика и удержал 47 тыс ₸; обход на колене 3 не обрывался, значит отсутствие исходящих — поведение, а не артефакт.",3,False,1,0,47405.0,0.0,2,0,0.0,47405.0,0.00029897,0.0,0.0,2.441e-05,7,0,3,1,0.0,1.0,0.0,0.0,0,0,0,False,False,47405.0
100000005664922100,peripheral,0.6,24,0.1436,"Вход: 2 плательщиков (22 тыс ₸), выход: 3 получателей (537 тыс ₸) — ни один порог роли не пройден. Деньги возвращаются отправителю: 1 встречный счёт.",2,False,2,3,22000.0,537000.0,2,4,24.4091,0.0,0.00080597,3.96e-06,0.0,0.0,1,0,2,2,0.0,1.0,2.0,-5.0,1,2,1,True,False,559000.0
100000002750956100,terminal,0.685,0,0.1435,"Принял 47 тыс ₸ от 1 плательщика и удержал 47 тыс ₸; обход на колене 1 не обрывался, значит отсутствие исходящих — поведение, а не артефакт.",1,False,1,0,47416.0,0.0,1,0,0.0,47416.0,0.00029447,0.0,0.0,0.00215168,7,1,1,1,0.0,1.0,0.0,0.0,0,0,0,False,False,47416.0
100000002952631100,terminal,0.686,5,0.1435,"Принял 48 тыс ₸ от 1 плательщика и удержал 48 тыс ₸; обход на колене 1 не обрывался, значит отсутствие исходящих — поведение, а не артефакт.",1,False,1,0,48050.0,0.0,1,0,0.0,48050.0,0.00029074,0.0,0.0,0.00029524,7,1,1,1,0.0,1.0,0.0,0.0,0,0,0,False,False,48050.0
100000008172352100,peripheral,0.6,33,0.1435,"Вход: 3 плательщиков (90 тыс ₸), выход: 7 получателей (290 тыс ₸) — ни один порог роли не пройден. Точка сочленения: изъятие разрывает связность сети.",1,False,3,7,90265.0,289510.0,3,8,3.2073,0.0,0.00037527,0.00018673,0.0,0.00012101,8,1,1,3,0.5699,2.0,2.0,12.0,0,0,0,True,False,379775.0
100000000790311100,terminal,0.682,16,0.1434,"Принял 46 тыс ₸ от 1 плательщика и удержал 46 тыс ₸; обход на колене 2 не обрывался, значит отсутствие исходящих — поведение, а не артефакт.",2,False,1,0,46300.0,0.0,1,0,0.0,46300.0,0.0003003,0.0,0.0,3.568e-05,7,0,2,1,0.0,1.0,0.0,0.0,0,0,0,False,False,46300.0
100000001549194100,terminal,0.683,14,0.1434,"Принял 46 тыс ₸ от 1 плательщика и удержал 46 тыс ₸; обход на колене 3 не обрывался, значит отсутствие исходящих — поведение, а не артефакт.",3,False,1,0,46500.0,0.0,1,0,0.0,46500.0,0.00029871,0.0,0.0,2.441e-05,7,0,3,1,0.0,1.0,0.0,0.0,0,0,0,False,False,46500.0
100000002838519100,terminal,0.683,14,0.1434,"Принял 47 тыс ₸ от 1 плательщика и удержал 47 тыс ₸; обход на колене 3 не обрывался, значит отсутствие исходящих — поведение, а не артефакт.",3,False,1,0,46900.0,0.0,1,0,0.0,46900.0,0.00029883,0.0,0.0,2.441e-05,7,0,3,1,0.0,1.0,0.0,0.0,0,0,0,False,False,46900.0
100000004291560100,terminal,0.685,0,0.1434,"Принял 47 тыс ₸ от 1 плательщика и удержал 47 тыс ₸; обход на колене 3 не обрывался, значит отсутствие исходящих — поведение, а не артефакт.",3,False,1,0,47190.0,0.0,1,0,0.0,47190.0,0.00028823,0.0,0.0,0.00290578,7,0,3,1,0.0,1.0,0.0,0.0,0,0,0,False,False,47190.0
100000008071620100,terminal,0.683,0,0.1434,"Принял 47 тыс ₸ от 1 плательщика и удержал 47 тыс ₸; обход на колене 1 не обрывался, значит отсутствие исходящих — поведение, а не артефакт.",1,False,1,0,46968.0,0.0,1,0,0.0,46968.0,0.00029438,0.0,0.0,0.00215168,7,1,1,1,0.0,1.0,0.0,0.0,0,0,0,False,False,46968.0
100000000878006100,terminal,0.684,4,0.1433,"Принял 47 тыс ₸ от 1 плательщика и удержал 47 тыс ₸; обход на колене 3 не обрывался, значит отсутствие исходящих — поведение, а не артефакт.",3,False,1,0,47003.0,0.0,1,0,0.0,47003.0,0.00028709,0.0,0.0,0.00294017,7,0,3,1,0.0,1.0,0.0,0.0,0,0,0,False,False,47003.0
100000002301828100,terminal,0.683,15,0.1433,"Принял 47 тыс ₸ от 1 плательщика и удержал 47 тыс ₸; обход на колене 3 не обрывался, значит отсутствие исходящих — поведение, а не артефакт.",3,False,1,0,46977.0,0.0,1,0,0.0,46977.0,0.00029296,0.0,0.0,0.00023334,7,0,3,1,0.0,1.0,0.0,0.0,0,0,0,False,False,46977.0
100000002703376100,terminal,0.683,0,0.1433,"Принял 47 тыс ₸ от 1 плательщика и удержал 47 тыс ₸; обход на колене 2 не обрывался, значит отсутствие исходящих — поведение, а не артефакт.",2,False,1,0,46501.0,0.0,1,0,0.0,46501.0,0.0002928,0.0,0.0,5.172e-05,7,0,2,1,0.0,1.0,0.0,0.0,0,0,0,False,False,46501.0
100000008748795100,terminal,0.684,0,0.1433,"Принял 47 тыс ₸ от 1 плательщика и удержал 47 тыс ₸; обход на колене 3 не обрывался, значит отсутствие исходящих — поведение, а не артефакт.",3,False,1,0,47057.0,0.0,1,0,0.0,47057.0,0.00028822,0.0,0.0,0.00290578,7,0,3,1,0.0,1.0,0.0,0.0,0,0,0,False,False,47057.0
100000002232266100,terminal,0.681,3,0.1432,"Принял 45 тыс ₸ от 1 плательщика и удержал 45 тыс ₸; обход на колене 3 не обрывался, значит отсутствие исходящих — поведение, а не артефакт.",3,False,1,0,45000.0,0.0,1,0,0.0,45000.0,0.00029472,0.0,0.0,0.00160441,7,0,3,1,0.0,1.0,0.0,0.0,0,0,0,False,False,45000.0
100000002773323100,peripheral,0.6,10,0.1432,"Вход: 2 плательщиков (285 тыс ₸), выход: 1 получателя (1.2 млн ₸) — ни один порог роли не пройден. Отдаёт в 4× больше видимых входящих: источник вне выгрузки.",3,False,2,1,285000.0,1171644.0,2,2,4.111,0.0,0.0003255,2.14e-05,0.0,7.5e-07,8,0,3,1,0.0,2.0,1.0,16.0,0,0,0,True,False,1456644.0
100000005008589100,terminal,0.677,0,0.1431,"Принял 43 тыс ₸ от 1 плательщика и удержал 43 тыс ₸; обход на колене 3 не обрывался, значит отсутствие исходящих — поведение, а не артефакт.",3,False,1,0,42806.68,0.0,1,0,0.0,42806.68,0.00030309,0.0,0.0,0.00064282,7,0,3,1,0.0,1.0,0.0,0.0,0,0,0,False,False,42806.68
100000006882208100,terminal,0.611,5,0.1431,"Принял 18 тыс ₸ от 1 плательщика и удержал 18 тыс ₸; обход на колене 3 не обрывался, значит отсутствие исходящих — поведение, а не артефакт.",3,False,1,0,18000.0,0.0,1,0,0.0,18000.0,0.00064032,0.0,0.0,2.67e-06,7,0,3,1,0.0,1.0,0.0,0.0,0,0,0,False,False,18000.0
100000001818442100,terminal,0.676,8,0.143,"Принял 42 тыс ₸ от 1 плательщика и удержал 42 тыс ₸; обход на колене 3 не обрывался, значит отсутствие исходящих — поведение, а не артефакт.",3,False,1,0,42215.0,0.0,1,0,0.0,42215.0,0.0003013,0.0,0.0,6.4e-07,7,0,3,1,0.0,1.0,0.0,0.0,0,0,0,False,False,42215.0
100000008432942100,terminal,0.679,0,0.143,"Принял 45 тыс ₸ от 1 плательщика и удержал 45 тыс ₸; обход на колене 3 не обрывался, значит отсутствие исходящих — поведение, а не артефакт.",3,False,1,0,44542.0,0.0,2,0,0.0,44542.0,0.00028808,0.0,0.0,0.00290578,7,0,3,1,0.0,1.0,0.0,0.0,0,0,0,False,False,44542.0
100000002182176100,terminal,0.676,0,0.1429,"Принял 42 тыс ₸ от 1 плательщика и удержал 42 тыс ₸; обход на колене 1 не обрывался, значит отсутствие исходящих — поведение, а не артефакт.",1,False,1,0,42465.0,0.0,1,0,0.0,42465.0,0.00029354,0.0,0.0,0.00215168,7,1,1,1,0.0,1.0,0.0,0.0,0,0,0,False,False,42465.0
100000005105153100,terminal,0.656,0,0.1429,"Принял 30 тыс ₸ от 1 плательщика и удержал 30 тыс ₸; обход на колене 2 не обрывался, значит отсутствие исходящих — поведение, а не артефакт.",2,False,1,0,30000.0,0.0,1,0,0.0,30000.0,0.00040102,0.0,0.0,0.0,7,0,2,1,0.0,1.0,0.0,0.0,0,0,0,False,False,30000.0
100000006048193100,terminal,0.676,0,0.1429,"Принял 42 тыс ₸ от 1 плательщика и удержал 42 тыс ₸; обход на колене 3 не обрывался, значит отсутствие исходящих — поведение, а не артефакт.",3,False,1,0,41559.0,0.0,1,0,0.0,41559.0,0.00029641,0.0,0.0,0.00113791,7,0,3,1,0.0,1.0,0.0,0.0,0,0,0,False,False,41559.0
100000008297199100,terminal,0.676,0,0.1429,"Принял 42 тыс ₸ от 1 плательщика и удержал 42 тыс ₸; обход на колене 3 не обрывался, значит отсутствие исходящих — поведение, а не артефакт.",3,False,1,0,42268.0,0.0,1,0,0.0,42268.0,0.0002966,0.0,0.0,0.00113791,7,0,3,1,0.0,1.0,0.0,0.0,0,0,0,False,False,42268.0
100000002748581100,terminal,0.675,14,0.1428,"Принял 41 тыс ₸ от 1 плательщика и удержал 41 тыс ₸; обход на колене 3 не обрывался, значит отсутствие исходящих — поведение, а не артефакт.",3,False,1,0,41180.0,0.0,1,0,0.0,41180.0,0.00029721,0.0,0.0,2.441e-05,7,0,3,1,0.0,1.0,0.0,0.0,0,0,0,False,False,41180.0
100000003581109100,terminal,0.677,0,0.1428,"Принял 43 тыс ₸ от 1 плательщика и удержал 43 тыс ₸; обход на колене 3 не обрывался, значит отсутствие исходящих — поведение, а не артефакт.",3,False,1,0,42750.0,0.0,1,0,0.0,42750.0,0.00028798,0.0,0.0,0.00290578,7,0,3,1,0.0,1.0,0.0,0.0,0,0,0,False,False,42750.0
100000004979283100,terminal,0.674,8,0.1428,"Принял 40 тыс ₸ от 1 плательщика и удержал 40 тыс ₸; обход на колене 3 не обрывался, значит отсутствие исходящих — поведение, а не артефакт.",3,False,1,0,40132.0,0.0,1,0,0.0,40132.0,0.00030052,0.0,0.0,6.4e-07,7,0,3,1,0.0,1.0,0.0,0.0,0,0,0,False,False,40132.0
100000000408846100,terminal,0.674,27,0.1427,"Принял 40 тыс ₸ от 1 плательщика и удержал 40 тыс ₸; обход на колене 3 не обрывался, значит отсутствие исходящих — поведение, а не артефакт.",3,False,1,0,40500.0,0.0,1,0,0.0,40500.0,0.00029573,0.0,0.0,0.0,7,0,3,1,0.0,1.0,0.0,0.0,0,0,0,False,False,40500.0
100000002951898100,terminal,0.671,14,0.1426,"Принял 40 тыс ₸ от 1 плательщика и удержал 40 тыс ₸; обход на колене 3 не обрывался, значит отсутствие исходящих — поведение, а не артефакт.",3,False,1,0,39990.0,0.0,1,0,0.0,39990.0,0.00029687,0.0,0.0,2.441e-05,7,0,3,1,0.0,1.0,0.0,0.0,0,0,0,False,False,39990.0
100000003943247100,terminal,0.673,0,0.1426,"Принял 40 тыс ₸ от 1 плательщика и удержал 40 тыс ₸; обход на колене 3 не обрывался, значит отсутствие исходящих — поведение, а не артефакт.",3,False,1,0,40000.0,0.0,1,0,0.0,40000.0,0.00028782,0.0,0.0,0.00290578,7,0,3,1,0.0,1.0,0.0,0.0,0,0,0,False,False,40000.0
100000006844004100,terminal,0.623,0,0.1426,"Принял 21 тыс ₸ от 1 плательщика и удержал 21 тыс ₸; обход на колене 3 не обрывался, значит отсутствие исходящих — поведение, а не артефакт.",3,False,1,0,20600.0,0.0,1,0,0.0,20600.0,0.00054544,0.0,0.0,0.0,7,0,3,1,0.0,1.0,0.0,0.0,0,0,0,False,False,20600.0
100000002459164100,terminal,0.622,0,0.1425,"Принял 20 тыс ₸ от 1 плательщика и удержал 20 тыс ₸; обход на колене 3 не обрывался, значит отсутствие исходящих — поведение, а не артефакт.",3,False,1,0,20000.0,0.0,1,0,0.0,20000.0,0.00054183,0.0,0.0,0.0,7,0,3,1,0.0,1.0,0.0,0.0,0,0,0,False,False,20000.0
100000002809896100,terminal,0.669,8,0.1425,"Принял 38 тыс ₸ от 1 плательщика и удержал 38 тыс ₸; обход на колене 3 не обрывался, значит отсутствие исходящих — поведение, а не артефакт.",3,False,1,0,38000.0,0.0,1,0,0.0,38000.0,0.00029973,0.0,0.0,6.4e-07,7,0,3,1,0.0,1.0,0.0,0.0,0,0,0,False,False,38000.0
100000003888527100,terminal,0.656,38,0.1425,"Принял 30 тыс ₸ от 1 плательщика и удержал 30 тыс ₸; обход на колене 3 не обрывался, значит отсутствие исходящих — поведение, а не артефакт.",3,False,1,0,30000.0,0.0,1,0,0.0,30000.0,0.00036667,0.0,0.0,2.428e-05,7,0,3,1,0.0,1.0,0.0,0.0,0,0,0,False,False,30000.0
100000007618425100,terminal,0.671,15,0.1425,"Принял 39 тыс ₸ от 1 плательщика и удержал 39 тыс ₸; обход на колене 3 не обрывался, значит отсутствие исходящих — поведение, а не артефакт.",3,False,1,0,39348.0,0.0,1,0,0.0,39348.0,0.00029507,0.0,0.0,0.0004659,7,0,3,1,0.0,1.0,0.0,0.0,0,0,0,False,False,39348.0
100000008686234100,terminal,0.671,0,0.1425,"Принял 40 тыс ₸ от 1 плательщика и удержал 40 тыс ₸; обход на колене 1 не обрывался, значит отсутствие исходящих — поведение, а не артефакт.",1,False,1,0,39778.0,0.0,1,0,0.0,39778.0,0.00029303,0.0,0.0,0.00215168,7,1,1,1,0.0,1.0,0.0,0.0,0,0,0,False,False,39778.0
100000001415126100,terminal,0.647,20,0.1424,"Принял 27 тыс ₸ от 1 плательщика и удержал 27 тыс ₸; обход на колене 0 не обрывался, значит отсутствие исходящих — поведение, а не артефакт.",0,True,1,0,27000.0,0.0,1,0,0.0,27000.0,0.00040962,0.0,0.0,2.9e-07,7,0,0,1,0.0,1.0,0.0,0.0,0,0,0,False,False,27000.0
100000004488265100,terminal,0.67,3,0.1424,"Принял 39 тыс ₸ от 1 плательщика и удержал 39 тыс ₸; обход на колене 3 не обрывался, значит отсутствие исходящих — поведение, а не артефакт.",3,False,1,0,38740.0,0.0,1,0,0.0,38740.0,0.00029345,0.0,0.0,0.00160441,7,0,3,1,0.0,1.0,0.0,0.0,0,0,0,False,False,38740.0
100000004664515100,terminal,0.669,0,0.1424,"Принял 38 тыс ₸ от 1 плательщика и удержал 38 тыс ₸; обход на колене 1 не обрывался, значит отсутствие исходящих — поведение, а не артефакт.",1,False,1,0,37691.0,0.0,1,0,0.0,37691.0,0.00029264,0.0,0.0,0.00215168,7,1,1,1,0.0,1.0,0.0,0.0,0,0,0,False,False,37691.0
100000005547096100,peripheral,0.6,45,0.1424,"Вход: 1 плательщика (8 тыс ₸), выход: 2 получателей (226 тыс ₸) — ни один порог роли не пройден. Деньги возвращаются отправителю: 1 встречный счёт.",2,False,1,2,8000.0,226300.0,1,3,28.2875,0.0,0.00089206,4e-07,0.0,0.0,1,0,2,1,0.0,1.0,1.0,-2.0,1,2,1,False,False,234300.0
100000004713684100,terminal,0.669,0,0.1423,"Принял 38 тыс ₸ от 1 плательщика и удержал 38 тыс ₸; обход на колене 3 не обрывался, значит отсутствие исходящих — поведение, а не артефакт.",3,False,1,0,37500.0,0.0,1,0,0.0,37500.0,0.00028768,0.0,0.0,0.00290578,7,0,3,1,0.0,1.0,0.0,0.0,0,0,0,False,False,37500.0
100000003066385100,terminal,0.662,0,0.1422,"Принял 20 тыс ₸ от 2 плательщиков и удержал 20 тыс ₸; обход на колене 1 не обрывался, значит отсутствие исходящих — поведение, а не артефакт.",1,False,2,0,20000.0,0.0,2,0,0.0,20000.0,0.00029154,0.0,0.0,0.0027945,7,1,1,1,0.0,1.0,0.0,0.0,0,0,0,False,False,20000.0
100000003109805100,terminal,0.667,15,0.1422,"Принял 37 тыс ₸ от 1 плательщика и удержал 37 тыс ₸; обход на колене 3 не обрывался, значит отсутствие исходящих — поведение, а не артефакт.",3,False,1,0,36929.0,0.0,1,0,0.0,36929.0,0.00029138,0.0,0.0,0.00023334,7,0,3,1,0.0,1.0,0.0,0.0,0,0,0,False,False,36929.0
100000004970752100,terminal,0.579,0,0.1422,"Принял 10 тыс ₸ от 1 плательщика и удержал 10 тыс ₸; обход на колене 3 не обрывался, значит отсутствие исходящих — поведение, а не артефакт.",3,False,1,0,10000.0,0.0,1,0,0.0,10000.0,0.00074286,0.0,0.0,0.0,7,0,3,1,0.0,1.0,0.0,0.0,0,0,0,False,False,10000.0
100000008491390100,terminal,0.667,0,0.1422,"Принял 36 тыс ₸ от 1 плательщика и удержал 36 тыс ₸; обход на колене 3 не обрывался, значит отсутствие исходящих — поведение, а не артефакт.",3,False,1,0,36000.0,0.0,1,0,0.0,36000.0,0.0002876,0.0,0.0,0.00290578,7,0,3,1,0.0,1.0,0.0,0.0,0,0,0,False,False,36000.0
100000000954884100,terminal,0.662,35,0.1421,"Принял 34 тыс ₸ от 1 плательщика и удержал 34 тыс ₸; обход на колене 3 не обрывался, значит отсутствие исходящих — поведение, а не артефакт.",3,False,1,0,34000.0,0.0,1,0,0.0,34000.0,0.0003115,0.0,0.0,0.0,7,0,3,1,0.0,1.0,0.0,0.0,0,0,0,False,False,34000.0
100000001380054100,peripheral,0.6,29,0.1421,"Вход: 2 плательщиков (127 тыс ₸), выход: 3 получателей (360 тыс ₸) — ни один порог роли не пройден. Деньги возвращаются отправителю: 2 встречных счёта.",1,False,2,3,127050.0,360000.0,2,4,2.8335,0.0,0.00071643,2.77e-06,0.0,0.0,1,1,1,1,0.5556,1.0,2.0,20.0,2,2,2,True,False,487050.0
100000001784279100,terminal,0.666,0,0.1421,"Принял 36 тыс ₸ от 1 плательщика и удержал 36 тыс ₸; обход на колене 3 не обрывался, значит отсутствие исходящих — поведение, а не артефакт.",3,False,1,0,35674.0,0.0,1,0,0.0,35674.0,0.00028873,0.0,0.0,0.00113194,7,0,3,1,0.0,1.0,0.0,0.0,0,0,0,False,False,35674.0
100000000287768100,terminal,0.665,0,0.142,"Принял 35 тыс ₸ от 1 плательщика и удержал 35 тыс ₸; обход на колене 3 не обрывался, значит отсутствие исходящих — поведение, а не артефакт.",3,False,1,0,35168.0,0.0,1,0,0.0,35168.0,0.00028869,0.0,0.0,0.00113194,7,0,3,1,0.0,1.0,0.0,0.0,0,0,0,False,False,35168.0
100000002028158100,terminal,0.663,16,0.142,"Принял 35 тыс ₸ от 1 плательщика и удержал 35 тыс ₸; обход на колене 2 не обрывался, значит отсутствие исходящих — поведение, а не артефакт.",2,False,1,0,34800.0,0.0,1,0,0.0,34800.0,0.00029664,0.0,0.0,3.568e-05,7,0,2,1,0.0,1.0,0.0,0.0,0,0,0,False,False,34800.0
100000005932987100,terminal,0.64,34,0.142,"Принял 25 тыс ₸ от 1 плательщика и удержал 25 тыс ₸; обход на колене 2 не обрывался, значит отсутствие исходящих — поведение, а не артефакт.",2,False,1,0,25000.0,0.0,3,0,0.0,25000.0,0.00041181,0.0,0.0,0.0,7,0,2,1,0.0,1.0,0.0,0.0,0,0,0,False,False,25000.0
100000008652094100,terminal,0.665,0,0.142,"Принял 35 тыс ₸ от 1 плательщика и удержал 35 тыс ₸; обход на колене 3 не обрывался, значит отсутствие исходящих — поведение, а не артефакт.",3,False,1,0,35000.0,0.0,1,0,0.0,35000.0,0.00028754,0.0,0.0,0.00290578,7,0,3,1,0.0,1.0,0.0,0.0,0,0,0,False,False,35000.0
100000000967918100,terminal,0.625,0,0.1419,"Принял 21 тыс ₸ от 1 плательщика и удержал 21 тыс ₸; обход на колене 2 не обрывался, значит отсутствие исходящих — поведение, а не артефакт.",2,False,1,0,21200.0,0.0,3,0,0.0,21200.0,0.00047927,0.0,0.0,0.0,7,0,2,1,0.0,1.0,0.0,0.0,0,0,0,False,False,21200.0
100000003148220100,peripheral,0.6,57,0.1419,"Вход: 1 плательщика (6 тыс ₸), выход: 2 получателей (43 тыс ₸) — ни один порог роли не пройден. Деньги возвращаются отправителю: 1 встречный счёт. Точка сочленения: изъятие разрывает связность сети.",1,False,1,2,5650.0,43400.0,1,4,7.6814,0.0,0.00091824,4e-07,0.0,0.0,1,1,1,1,0.2212,1.0,1.0,2.0,1,2,1,True,False,49050.0
100000007140834100,terminal,0.58,6,0.1419,"Принял 10 тыс ₸ от 1 плательщика и удержал 10 тыс ₸; обход на колене 3 не обрывался, значит отсутствие исходящих — поведение, а не артефакт.",3,False,1,0,10200.0,0.0,2,0,0.0,10200.0,0.00071226,0.0,0.0,0.0,7,0,3,1,0.0,1.0,0.0,0.0,0,0,0,False,False,10200.0
100000002737980100,terminal,0.66,5,0.1418,"Принял 33 тыс ₸ от 1 плательщика и удержал 33 тыс ₸; обход на колене 3 не обрывался, значит отсутствие исходящих — поведение, а не артефакт.",3,False,1,0,32900.0,0.0,1,0,0.0,32900.0,0.00029542,0.0,0.0,5.257e-05,7,0,3,1,0.0,1.0,0.0,0.0,0,0,0,False,False,32900.0
100000008503177100,terminal,0.661,3,0.1418,"Принял 34 тыс ₸ от 1 плательщика и удержал 34 тыс ₸; обход на колене 3 не обрывался, значит отсутствие исходящих — поведение, а не артефакт.",3,False,1,0,33951.0,0.0,1,0,0.0,33951.0,0.00029248,0.0,0.0,0.00160441,7,0,3,1,0.0,1.0,0.0,0.0,0,0,0,False,False,33951.0
100000000795033100,terminal,0.612,0,0.1417,"Принял 18 тыс ₸ от 1 плательщика и удержал 18 тыс ₸; обход на колене 2 не обрывался, значит отсутствие исходящих — поведение, а не артефакт.",2,False,1,0,18200.0,0.0,1,0,0.0,18200.0,0.00053302,0.0,0.0,0.0,7,0,2,1,0.0,1.0,0.0,0.0,0,0,0,False,False,18200.0
100000002613776100,terminal,0.656,2,0.1416,"Принял 30 тыс ₸ от 1 плательщика и удержал 30 тыс ₸; обход на колене 2 не обрывался, значит отсутствие исходящих — поведение, а не артефакт.",2,False,1,0,30000.0,0.0,2,0,0.0,30000.0,0.00030149,0.0,0.0,0.00015948,7,0,2,1,0.0,1.0,0.0,0.0,0,0,0,False,False,30000.0
100000003072676100,terminal,0.658,15,0.1416,"Принял 32 тыс ₸ от 1 плательщика и удержал 32 тыс ₸; обход на колене 3 не обрывался, значит отсутствие исходящих — поведение, а не артефакт.",3,False,1,0,31545.0,0.0,1,0,0.0,31545.0,0.00029319,0.0,0.0,0.0004659,7,0,3,1,0.0,1.0,0.0,0.0,0,0,0,False,False,31545.0
100000004099450100,terminal,0.657,0,0.1416,"Принял 31 тыс ₸ от 1 плательщика и удержал 31 тыс ₸; обход на колене 3 не обрывался, значит отсутствие исходящих — поведение, а не артефакт.",3,False,1,0,31000.0,0.0,1,0,0.0,31000.0,0.00029617,0.0,0.0,0.00016105,7,0,3,1,0.0,1.0,0.0,0.0,0,0,0,False,False,31000.0
100000005326681100,terminal,0.658,16,0.1416,"Принял 31 тыс ₸ от 1 плательщика и удержал 31 тыс ₸; обход на колене 2 не обрывался, значит отсутствие исходящих — поведение, а не артефакт.",2,False,1,0,31228.0,0.0,1,0,0.0,31228.0,0.0002955,0.0,0.0,3.568e-05,7,0,2,1,0.0,1.0,0.0,0.0,0,0,0,False,False,31228.0
100000008116374100,terminal,0.658,5,0.1416,"Принял 31 тыс ₸ от 1 плательщика и удержал 31 тыс ₸; обход на колене 1 не обрывался, значит отсутствие исходящих — поведение, а не артефакт.",1,False,1,0,31284.0,0.0,1,0,0.0,31284.0,0.00028893,0.0,0.0,0.00029524,7,1,1,1,0.0,1.0,0.0,0.0,0,0,0,False,False,31284.0
100000001684867100,terminal,0.657,5,0.1415,"Принял 31 тыс ₸ от 1 плательщика и удержал 31 тыс ₸; обход на колене 1 не обрывался, значит отсутствие исходящих — поведение, а не артефакт.",1,False,1,0,30550.0,0.0,1,0,0.0,30550.0,0.00028885,0.0,0.0,0.00029524,7,1,1,1,0.0,1.0,0.0,0.0,0,0,0,False,False,30550.0
100000004722765100,peripheral,0.6,48,0.1415,"Вход: 1 плательщика (230 тыс ₸), выход: 3 получателей (2.3 млн ₸) — ни один порог роли не пройден. Отдаёт в 10× больше видимых входящих: источник вне выгрузки.",3,False,1,3,230000.0,2284500.0,1,9,9.9326,0.0,0.00058159,5.826e-05,0.0,0.0,7,0,3,1,0.0766,1.0,1.0,9.0,0,0,0,True,False,2514500.0
100000008473765100,terminal,0.656,3,0.1415,"Принял 30 тыс ₸ от 1 плательщика и удержал 30 тыс ₸; обход на колене 3 не обрывался, значит отсутствие исходящих — поведение, а не артефакт.",3,False,1,0,30000.0,0.0,1,0,0.0,30000.0,0.00029167,0.0,0.0,0.00160441,7,0,3,1,0.0,1.0,0.0,0.0,0,0,0,False,False,30000.0
100000001578517100,terminal,0.656,5,0.1414,"Принял 30 тыс ₸ от 1 плательщика и удержал 30 тыс ₸; обход на колене 2 не обрывался, значит отсутствие исходящих — поведение, а не артефакт.",2,False,1,0,30000.0,0.0,1,0,0.0,30000.0,0.00029054,0.0,0.0,4.04e-06,7,0,2,1,0.0,1.0,0.0,0.0,0,0,0,False,False,30000.0
100000002173070100,terminal,0.656,5,0.1414,"Принял 30 тыс ₸ от 1 плательщика и удержал 30 тыс ₸; обход на колене 2 не обрывался, значит отсутствие исходящих — поведение, а не артефакт.",2,False,1,0,30000.0,0.0,1,0,0.0,30000.0,0.00029054,0.0,0.0,4.04e-06,7,0,2,1,0.0,1.0,0.0,0.0,0,0,0,False,False,30000.0
100000003814002100,terminal,0.656,4,0.1414,"Принял 30 тыс ₸ от 1 плательщика и удержал 30 тыс ₸; обход на колене 3 не обрывался, значит отсутствие исходящих — поведение, а не артефакт.",3,False,1,0,30000.0,0.0,1,0,0.0,30000.0,0.00028654,0.0,0.0,0.00294017,7,0,3,1,0.0,1.0,0.0,0.0,0,0,0,False,False,30000.0
100000001429930100,terminal,0.642,13,0.1413,"Принял 26 тыс ₸ от 1 плательщика и удержал 26 тыс ₸; обход на колене 0 не обрывался, значит отсутствие исходящих — поведение, а не артефакт.",0,True,1,0,26000.0,0.0,1,0,0.0,26000.0,0.0003508,0.0,0.0,4e-08,7,0,0,1,0.0,1.0,0.0,0.0,0,0,0,False,False,26000.0
100000008650785100,peripheral,0.6,5,0.1412,"Вход: 2 плательщиков (92 тыс ₸), выход: 2 получателей (120 тыс ₸) — ни один порог роли не пройден. Точка сочленения: изъятие разрывает связность сети.",0,True,2,2,92000.0,120120.0,2,2,1.3057,0.0,0.00061252,2.242e-05,0.0,1e-08,8,1,0,1,0.5829,1.0,1.0,4.0,0,0,0,True,False,212120.0
100000005362848100,terminal,0.65,8,0.1411,"Принял 29 тыс ₸ от 1 плательщика и удержал 29 тыс ₸; обход на колене 3 не обрывался, значит отсутствие исходящих — поведение, а не артефакт.",3,False,1,0,29000.0,0.0,1,0,0.0,29000.0,0.00029637,0.0,0.0,6.4e-07,7,0,3,1,0.0,1.0,0.0,0.0,0,0,0,False,False,29000.0
100000008493007100,transit,0.464,1,0.1411,"Пропустил 100% полученного дальше: принял 26 тыс ₸ от 1 плательщика, отдал 26 тыс ₸ на 1 получателя, 100% ушло в первые 2 дня. Признаки транзита. Точка сочленения: изъятие разрывает связность сети.",3,False,1,1,26150.0,26150.0,1,1,1.0,0.0,0.00028965,1.39e-06,0.0,0.0,1,0,3,1,1.0,1.0,1.0,1.0,0,0,0,True,False,52300.0
100000000267734100,peripheral,0.6,6,0.141,"Вход: 2 плательщиков (180 тыс ₸), выход: 7 получателей (282 тыс ₸) — ни один порог роли не пройден. Деньги возвращаются отправителю: 1 встречный счёт.",1,False,2,7,180000.0,282000.0,4,8,1.5667,0.0,0.00053732,3.57e-06,0.0,4.38e-06,1,1,1,1,0.0,1.0,2.0,23.0,1,2,1,True,False,462000.0
100000001114385100,terminal,0.65,2,0.141,"Принял 30 тыс ₸ от 1 плательщика и удержал 30 тыс ₸; обход на колене 2 не обрывался, значит отсутствие исходящих — поведение, а не артефакт.",2,False,1,0,29500.0,0.0,1,0,0.0,29500.0,0.00029022,0.0,0.0,0.00014217,7,0,2,1,0.0,1.0,0.0,0.0,0,0,0,False,False,29500.0
100000002861485100,terminal,0.65,5,0.141,"Принял 29 тыс ₸ от 1 плательщика и удержал 29 тыс ₸; обход на колене 1 не обрывался, значит отсутствие исходящих — поведение, а не артефакт.",1,False,1,0,29323.0,0.0,1,0,0.0,29323.0,0.00028872,0.0,0.0,0.00029524,7,1,1,1,0.0,1.0,0.0,0.0,0,0,0,False,False,29323.0
100000002708624100,terminal,0.64,26,0.1409,"Принял 25 тыс ₸ от 1 плательщика и удержал 25 тыс ₸; обход на колене 3 не обрывался, значит отсутствие исходящих — поведение, а не артефакт.",3,False,1,0,25000.0,0.0,1,0,0.0,25000.0,0.00032874,0.0,0.0,2.5e-06,7,0,3,1,0.0,1.0,0.0,0.0,0,0,0,False,False,25000.0
100000007641183100,terminal,0.648,5,0.1409,"Принял 28 тыс ₸ от 1 плательщика и удержал 28 тыс ₸; обход на колене 1 не обрывался, значит отсутствие исходящих — поведение, а не артефакт.",1,False,1,0,28000.0,0.0,1,0,0.0,28000.0,0.00028858,0.0,0.0,0.00029524,7,1,1,1,0.0,1.0,0.0,0.0,0,0,0,False,False,28000.0
100000008576528100,terminal,0.648,4,0.1409,"Принял 28 тыс ₸ от 1 плательщика и удержал 28 тыс ₸; обход на колене 3 не обрывался, значит отсутствие исходящих — поведение, а не артефакт.",3,False,1,0,28000.0,0.0,1,0,0.0,28000.0,0.00028648,0.0,0.0,0.00294017,7,0,3,1,0.0,1.0,0.0,0.0,0,0,0,False,False,28000.0
100000008141170100,terminal,0.582,5,0.1408,"Принял 11 тыс ₸ от 1 плательщика и удержал 11 тыс ₸; обход на колене 2 не обрывался, значит отсутствие исходящих — поведение, а не артефакт.",2,False,1,0,11000.0,0.0,1,0,0.0,11000.0,0.0006219,0.0,0.0,0.0,7,0,2,1,0.0,1.0,0.0,0.0,0,0,0,False,False,11000.0
100000001530740100,terminal,0.597,5,0.1407,"Принял 15 тыс ₸ от 1 плательщика и удержал 15 тыс ₸; обход на колене 2 не обрывался, значит отсутствие исходящих — поведение, а не артефакт.",2,False,1,0,15000.0,0.0,1,0,0.0,15000.0,0.00052982,0.0,0.0,0.0,7,0,2,1,0.0,1.0,0.0,0.0,0,0,0,False,False,15000.0
100000005370580100,terminal,0.634,13,0.1407,"Принял 24 тыс ₸ от 1 плательщика и удержал 24 тыс ₸; обход на колене 0 не обрывался, значит отсутствие исходящих — поведение, а не артефакт.",0,True,1,0,24075.0,0.0,1,0,0.0,24075.0,0.00034597,0.0,0.0,4e-08,7,0,0,1,0.0,1.0,0.0,0.0,0,0,0,False,False,24075.0
100000008474391100,terminal,0.622,22,0.1407,"Принял 20 тыс ₸ от 1 плательщика и удержал 20 тыс ₸; обход на колене 3 не обрывался, значит отсутствие исходящих — поведение, а не артефакт.",3,False,1,0,20000.0,0.0,1,0,0.0,20000.0,0.00040715,0.0,0.0,0.0,7,0,3,1,0.0,1.0,0.0,0.0,0,0,0,False,False,20000.0
100000002481735100,terminal,0.627,5,0.1405,"Принял 22 тыс ₸ от 1 плательщика и удержал 22 тыс ₸; обход на колене 2 не обрывался, значит отсутствие исходящих — поведение, а не артефакт.",2,False,1,0,22436.0,0.0,2,0,0.0,22436.0,0.0003627,0.0,0.0,1.26e-05,7,0,2,1,0.0,1.0,0.0,0.0,0,0,0,False,False,22436.0
100000008686214100,terminal,0.64,3,0.1405,"Принял 25 тыс ₸ от 1 плательщика и удержал 25 тыс ₸; обход на колене 3 не обрывался, значит отсутствие исходящих — поведение, а не артефакт.",3,False,1,0,25000.0,0.0,1,0,0.0,25000.0,0.00029773,0.0,0.0,0.0001216,7,0,3,1,0.0,1.0,0.0,0.0,0,0,0,False,False,25000.0
100000004741837100,terminal,0.641,5,0.1404,"Принял 26 тыс ₸ от 1 плательщика и удержал 26 тыс ₸; обход на колене 1 не обрывался, значит отсутствие исходящих — поведение, а не артефакт.",1,False,1,0,25596.0,0.0,1,0,0.0,25596.0,0.00028832,0.0,0.0,0.00029524,7,1,1,1,0.0,1.0,0.0,0.0,0,0,0,False,False,25596.0
100000004906181100,peripheral,0.6,37,0.1404,"Вход: 1 плательщика (100 тыс ₸), выход: 7 получателей (2.5 млн ₸) — ни один порог роли не пройден. Отдаёт в 25× больше видимых входящих: источник вне выгрузки.",3,False,1,7,100000.0,2473417.91,1,33,24.7342,0.0,0.00028881,0.00013454,0.0,0.00294017,7,0,3,2,0.642,1.0,3.0,10.0,0,0,0,True,False,2573417.91
100000005532138100,terminal,0.64,6,0.1404,"Принял 25 тыс ₸ от 1 плательщика и удержал 25 тыс ₸; обход на колене 3 не обрывался, значит отсутствие исходящих — поведение, а не артефакт.",3,False,1,0,25046.0,0.0,1,0,0.0,25046.0,0.00029379,0.0,0.0,0.00010831,7,0,3,1,0.0,1.0,0.0,0.0,0,0,0,False,False,25046.0
100000005661528100,terminal,0.64,3,0.1404,"Принял 25 тыс ₸ от 1 плательщика и удержал 25 тыс ₸; обход на колене 3 не обрывался, значит отсутствие исходящих — поведение, а не артефакт.",3,False,1,0,25000.0,0.0,1,0,0.0,25000.0,0.00029109,0.0,0.0,0.00013028,7,0,3,1,0.0,1.0,0.0,0.0,0,0,0,False,False,25000.0
100000007487729100,terminal,0.64,0,0.1404,"Принял 25 тыс ₸ от 1 плательщика и удержал 25 тыс ₸; обход на колене 3 не обрывался, значит отсутствие исходящих — поведение, а не артефакт.",3,False,1,0,25000.0,0.0,1,0,0.0,25000.0,0.00029411,0.0,0.0,0.00016105,7,0,3,1,0.0,1.0,0.0,0.0,0,0,0,False,False,25000.0
100000002194329100,terminal,0.64,0,0.1403,"Принял 25 тыс ₸ от 1 плательщика и удержал 25 тыс ₸; обход на колене 3 не обрывался, значит отсутствие исходящих — поведение, а не артефакт.",3,False,1,0,25170.0,0.0,1,0,0.0,25170.0,0.00028699,0.0,0.0,0.00290578,7,0,3,1,0.0,1.0,0.0,0.0,0,0,0,False,False,25170.0
100000006161893100,terminal,0.591,5,0.1403,"Принял 14 тыс ₸ от 1 плательщика и удержал 14 тыс ₸; обход на колене 2 не обрывался, значит отсутствие исходящих — поведение, а не артефакт.",2,False,1,0,14000.0,0.0,1,0,0.0,14000.0,0.00053185,0.0,0.0,0.0,7,0,2,1,0.0,1.0,0.0,0.0,0,0,0,False,False,14000.0
100000006919124100,terminal,0.64,0,0.1403,"Принял 25 тыс ₸ от 1 плательщика и удержал 25 тыс ₸; обход на колене 3 не обрывался, значит отсутствие исходящих — поведение, а не артефакт.",3,False,1,0,25000.0,0.0,1,0,0.0,25000.0,0.00028698,0.0,0.0,0.00290578,7,0,3,1,0.0,1.0,0.0,0.0,0,0,0,False,False,25000.0
100000007863304100,terminal,0.64,4,0.1403,"Принял 25 тыс ₸ от 1 плательщика и удержал 25 тыс ₸; обход на колене 3 не обрывался, значит отсутствие исходящих — поведение, а не артефакт.",3,False,1,0,25000.0,0.0,1,0,0.0,25000.0,0.00028638,0.0,0.0,0.00294017,7,0,3,1,0.0,1.0,0.0,0.0,0,0,0,False,False,25000.0
100000002371751100,transit,0.387,62,0.1401,"Пропустил 125% полученного дальше: принял 200 тыс ₸ от 1 плательщика, отдал 250 тыс ₸ на 1 получателя. Признаки транзита. Точка сочленения: изъятие разрывает связность сети.",1,False,1,1,200000.0,250000.0,5,1,1.25,0.0,0.00052859,2e-07,0.0,0.0,1,1,1,1,0.0,1.0,1.0,3.0,0,0,0,True,False,450000.0
100000002554175100,terminal,0.635,8,0.1401,"Принял 25 тыс ₸ от 1 плательщика и удержал 25 тыс ₸; обход на колене 3 не обрывался, значит отсутствие исходящих — поведение, а не артефакт.",3,False,1,0,24621.0,0.0,1,0,0.0,24621.0,0.00029474,0.0,0.0,6.4e-07,7,0,3,1,0.0,1.0,0.0,0.0,0,0,0,False,False,24621.0
100000005709551100,terminal,0.635,13,0.1401,"Принял 25 тыс ₸ от 1 плательщика и удержал 25 тыс ₸; обход на колене 3 не обрывался, значит отсутствие исходящих — поведение, а не артефакт.",3,False,1,0,24560.0,0.0,1,0,0.0,24560.0,0.00029466,0.0,0.0,0.00025946,7,0,3,1,0.0,1.0,0.0,0.0,0,0,0,False,False,24560.0
100000006787636100,terminal,0.622,55,0.1401,"Принял 20 тыс ₸ от 1 плательщика и удержал 20 тыс ₸; обход на колене 2 не обрывался, значит отсутствие исходящих — поведение, а не артефакт.",2,False,1,0,20000.0,0.0,1,0,0.0,20000.0,0.0003581,0.0,0.0,0.0,7,0,2,1,0.0,1.0,0.0,0.0,0,0,0,False,False,20000.0
100000002646887100,terminal,0.634,10,0.14,"Принял 24 тыс ₸ от 1 плательщика и удержал 24 тыс ₸; обход на колене 3 не обрывался, значит отсутствие исходящих — поведение, а не артефакт.",3,False,1,0,24354.0,0.0,1,0,0.0,24354.0,0.00029519,0.0,0.0,5e-08,7,0,3,1,0.0,1.0,0.0,0.0,0,0,0,False,False,24354.0
100000003166755100,terminal,0.634,2,0.14,"Принял 24 тыс ₸ от 1 плательщика и удержал 24 тыс ₸; обход на колене 2 не обрывался, значит отсутствие исходящих — поведение, а не артефакт.",2,False,1,0,24010.0,0.0,1,0,0.0,24010.0,0.00028935,0.0,0.0,0.00014217,7,0,2,1,0.0,1.0,0.0,0.0,0,0,0,False,False,24010.0
100000008454065100,terminal,0.634,14,0.14,"Принял 24 тыс ₸ от 1 плательщика и удержал 24 тыс ₸; обход на колене 3 не обрывался, значит отсутствие исходящих — поведение, а не артефакт.",3,False,1,0,24050.0,0.0,1,0,0.0,24050.0,0.00029237,0.0,0.0,2.441e-05,7,0,3,1,0.0,1.0,0.0,0.0,0,0,0,False,False,24050.0
100000001164648100,terminal,0.629,19,0.1399,"Принял 14 тыс ₸ от 2 плательщиков и удержал 14 тыс ₸; обход на колене 1 не обрывался, значит отсутствие исходящих — поведение, а не артефакт.",1,False,2,0,13660.0,0.0,2,0,0.0,13660.0,0.00029014,0.0,0.0,0.00029893,7,1,1,2,0.0,1.0,0.0,0.0,0,0,0,False,False,13660.0
100000001262647100,terminal,0.631,16,0.1399,"Принял 24 тыс ₸ от 1 плательщика и удержал 24 тыс ₸; обход на колене 2 не обрывался, значит отсутствие исходящих — поведение, а не артефакт.",2,False,1,0,23650.0,0.0,1,0,0.0,23650.0,0.00030339,0.0,0.0,0.0,7,0,2,1,0.0,1.0,0.0,0.0,0,0,0,False,False,23650.0
100000001280798100,terminal,0.632,8,0.1399,"Принял 24 тыс ₸ от 1 плательщика и удержал 24 тыс ₸; обход на колене 3 не обрывался, значит отсутствие исходящих — поведение, а не артефакт.",3,False,1,0,23785.0,0.0,1,0,0.0,23785.0,0.00029443,0.0,0.0,6.4e-07,7,0,3,1,0.0,1.0,0.0,0.0,0,0,0,False,False,23785.0
100000003039473100,terminal,0.628,5,0.1399,"Принял 23 тыс ₸ от 1 плательщика и удержал 23 тыс ₸; обход на колене 2 не обрывался, значит отсутствие исходящих — поведение, а не артефакт.",2,False,1,0,23000.0,0.0,1,0,0.0,23000.0,0.00031221,0.0,0.0,0.0,7,0,2,1,0.0,1.0,0.0,0.0,0,0,0,False,False,23000.0
100000002948492100,terminal,0.631,14,0.1398,"Принял 24 тыс ₸ от 1 плательщика и удержал 24 тыс ₸; обход на колене 3 не обрывался, значит отсутствие исходящих — поведение, а не артефакт.",3,False,1,0,23660.0,0.0,1,0,0.0,23660.0,0.00029226,0.0,0.0,2.441e-05,7,0,3,1,0.0,1.0,0.0,0.0,0,0,0,False,False,23660.0
100000003095610100,terminal,0.631,8,0.1398,"Принял 24 тыс ₸ от 1 плательщика и удержал 24 тыс ₸; обход на колене 3 не обрывался, значит отсутствие исходящих — поведение, а не артефакт.",3,False,1,0,23665.0,0.0,1,0,0.0,23665.0,0.00029439,0.0,0.0,6.4e-07,7,0,3,1,0.0,1.0,0.0,0.0,0,0,0,False,False,23665.0
100000003900547100,terminal,0.632,5,0.1398,"Принял 24 тыс ₸ от 1 плательщика и удержал 24 тыс ₸; обход на колене 1 не обрывался, значит отсутствие исходящих — поведение, а не артефакт.",1,False,1,0,23700.0,0.0,1,0,0.0,23700.0,0.00028812,0.0,0.0,0.00029524,7,1,1,1,0.0,1.0,0.0,0.0,0,0,0,False,False,23700.0
100000002721825100,terminal,0.582,0,0.1397,"Принял 11 тыс ₸ от 1 плательщика и удержал 11 тыс ₸; обход на колене 2 не обрывался, значит отсутствие исходящих — поведение, а не артефакт.",2,False,1,0,11000.0,0.0,1,0,0.0,11000.0,0.00053141,0.0,0.0,0.0,7,0,2,1,0.0,1.0,0.0,0.0,0,0,0,False,False,11000.0
100000002871199100,terminal,0.629,14,0.1397,"Принял 23 тыс ₸ от 1 плательщика и удержал 23 тыс ₸; обход на колене 3 не обрывался, значит отсутствие исходящих — поведение, а не артефакт.",3,False,1,0,23186.0,0.0,1,0,0.0,23186.0,0.00029212,0.0,0.0,2.441e-05,7,0,3,1,0.0,1.0,0.0,0.0,0,0,0,False,False,23186.0
100000003086040100,terminal,0.58,0,0.1397,"Принял 10 тыс ₸ от 1 плательщика и удержал 10 тыс ₸; обход на колене 2 не обрывался, значит отсутствие исходящих — поведение, а не артефакт.",2,False,1,0,10500.0,0.0,1,0,0.0,10500.0,0.00054806,0.0,0.0,5.18e-06,7,0,2,1,0.0,1.0,0.0,0.0,0,0,0,False,False,10500.0
100000004687282100,terminal,0.622,5,0.1397,"Принял 20 тыс ₸ от 1 плательщика и удержал 20 тыс ₸; обход на колене 2 не обрывался, значит отсутствие исходящих — поведение, а не артефакт.",2,False,1,0,20000.0,0.0,1,0,0.0,20000.0,0.00033227,0.0,0.0,0.0,7,0,2,1,0.0,1.0,0.0,0.0,0,0,0,False,False,20000.0
100000007999728100,terminal,0.629,14,0.1397,"Принял 23 тыс ₸ от 1 плательщика и удержал 23 тыс ₸; обход на колене 3 не обрывался, значит отсутствие исходящих — поведение, а не артефакт.",3,False,1,0,23250.0,0.0,1,0,0.0,23250.0,0.00029214,0.0,0.0,2.441e-05,7,0,3,1,0.0,1.0,0.0,0.0,0,0,0,False,False,23250.0
100000001248999100,terminal,0.629,15,0.1396,"Принял 23 тыс ₸ от 1 плательщика и удержал 23 тыс ₸; обход на колене 3 не обрывался, значит отсутствие исходящих — поведение, а не артефакт.",3,False,1,0,23425.0,0.0,1,0,0.0,23425.0,0.00028926,0.0,0.0,0.00023334,7,0,3,1,0.0,1.0,0.0,0.0,0,0,0,False,False,23425.0
100000001550419100,terminal,0.628,14,0.1396,"Принял 23 тыс ₸ от 1 плательщика и удержал 23 тыс ₸; обход на колене 3 не обрывался, значит отсутствие исходящих — поведение, а не артефакт.",3,False,1,0,23000.0,0.0,1,0,0.0,23000.0,0.00029207,0.0,0.0,2.441e-05,7,0,3,1,0.0,1.0,0.0,0.0,0,0,0,False,False,23000.0
100000001690439100,terminal,0.592,4,0.1396,"Принял 14 тыс ₸ от 1 плательщика и удержал 14 тыс ₸; обход на колене 3 не обрывался, значит отсутствие исходящих — поведение, а не артефакт.",3,False,1,0,14200.0,0.0,1,0,0.0,14200.0,0.00047707,0.0,0.0,9.316e-05,7,0,3,1,0.0,1.0,0.0,0.0,0,0,0,False,False,14200.0
100000002534091100,terminal,0.627,3,0.1396,"Принял 22 тыс ₸ от 1 плательщика и удержал 22 тыс ₸; обход на колене 3 не обрывался, значит отсутствие исходящих — поведение, а не артефакт.",3,False,1,0,22200.0,0.0,1,0,0.0,22200.0,0.00029637,0.0,0.0,0.0001216,7,0,3,1,0.0,1.0,0.0,0.0,0,0,0,False,False,22200.0
100000003873332100,peripheral,0.6,17,0.1396,"Вход: 1 плательщика (23 тыс ₸), выход: 4 получателей (286 тыс ₸) — ни один порог роли не пройден. Точка сочленения: изъятие разрывает связность сети.",1,False,1,4,23468.0,286000.0,1,8,12.1868,0.0,0.00028997,0.00089356,0.0,0.00215168,7,1,1,2,0.0,1.0,1.0,16.0,0,0,0,True,False,309468.0
100000004635886100,terminal,0.628,5,0.1396,"Принял 23 тыс ₸ от 1 плательщика и удержал 23 тыс ₸; обход на колене 3 не обрывался, значит отсутствие исходящих — поведение, а не артефакт.",3,False,1,0,23000.0,0.0,1,0,0.0,23000.0,0.00029246,0.0,0.0,5.257e-05,7,0,3,1,0.0,1.0,0.0,0.0,0,0,0,False,False,23000.0
100000001969496100,terminal,0.627,14,0.1395,"Принял 23 тыс ₸ от 1 плательщика и удержал 23 тыс ₸; обход на колене 3 не обрывался, значит отсутствие исходящих — поведение, а не артефакт.",3,False,1,0,22740.0,0.0,1,0,0.0,22740.0,0.000292,0.0,0.0,2.441e-05,7,0,3,1,0.0,1.0,0.0,0.0,0,0,0,False,False,22740.0
100000004185681100,terminal,0.579,2,0.1395,"Принял 10 тыс ₸ от 1 плательщика и удержал 10 тыс ₸; обход на колене 3 не обрывался, значит отсутствие исходящих — поведение, а не артефакт.",3,False,1,0,10000.0,0.0,1,0,0.0,10000.0,0.0005353,0.0,0.0,0.0,7,0,3,1,0.0,1.0,0.0,0.0,0,0,0,False,False,10000.0
100000004611571100,terminal,0.627,0,0.1395,"Принял 23 тыс ₸ от 1 плательщика и удержал 23 тыс ₸; обход на колене 3 не обрывался, значит отсутствие исходящих — поведение, а не артефакт.",3,False,1,0,22550.0,0.0,1,0,0.0,22550.0,0.00028684,0.0,0.0,0.00290578,7,0,3,1,0.0,1.0,0.0,0.0,0,0,0,False,False,22550.0
100000005939154100,terminal,0.626,5,0.1395,"Принял 22 тыс ₸ от 1 плательщика и удержал 22 тыс ₸; обход на колене 2 не обрывался, значит отсутствие исходящих — поведение, а не артефакт.",2,False,1,0,22000.0,0.0,2,0,0.0,22000.0,0.0002937,0.0,0.0,2.6e-06,7,0,2,1,0.0,1.0,0.0,0.0,0,0,0,False,False,22000.0
100000000425407100,terminal,0.622,2,0.1394,"Принял 20 тыс ₸ от 1 плательщика и удержал 20 тыс ₸; обход на колене 2 не обрывался, значит отсутствие исходящих — поведение, а не артефакт.",2,False,1,0,20000.0,0.0,1,0,0.0,20000.0,0.00030509,0.0,0.0,7.074e-05,7,0,2,1,0.0,1.0,0.0,0.0,0,0,0,False,False,20000.0
100000002578653100,terminal,0.622,48,0.1394,"Принял 20 тыс ₸ от 1 плательщика и удержал 20 тыс ₸; обход на колене 3 не обрывался, значит отсутствие исходящих — поведение, а не артефакт.",3,False,1,0,20000.0,0.0,1,0,0.0,20000.0,0.00031131,0.0,0.0,0.0,7,0,3,1,0.0,1.0,0.0,0.0,0,0,0,False,False,20000.0
100000006989232100,terminal,0.626,0,0.1394,"Принял 22 тыс ₸ от 1 плательщика и удержал 22 тыс ₸; обход на колене 3 не обрывался, значит отсутствие исходящих — поведение, а не артефакт.",3,False,1,0,22194.0,0.0,1,0,0.0,22194.0,0.00028754,0.0,0.0,0.00113194,7,0,3,1,0.0,1.0,0.0,0.0,0,0,0,False,False,22194.0
100000001420847100,terminal,0.622,17,0.1393,"Принял 20 тыс ₸ от 1 плательщика и удержал 20 тыс ₸; обход на колене 2 не обрывался, значит отсутствие исходящих — поведение, а не артефакт.",2,False,1,0,20000.0,0.0,2,0,0.0,20000.0,0.00030283,0.0,0.0,0.0,7,0,2,1,0.0,1.0,0.0,0.0,0,0,0,False,False,20000.0
100000002343825100,peripheral,0.6,10,0.1393,"Вход: 3 плательщиков (350 тыс ₸), выход: 2 получателей (90 тыс ₸) — ни один порог роли не пройден. Точка сочленения: изъятие разрывает связность сети.",3,False,3,2,350000.0,89800.0,4,2,0.2566,260200.0,0.0003336,4.28e-05,0.0,3.62e-06,8,0,3,2,0.5568,2.0,1.0,7.0,0,0,0,True,False,439800.0
100000003977183100,peripheral,0.6,6,0.1393,"Вход: 2 плательщиков (124 тыс ₸), выход: 4 получателей (766 тыс ₸) — ни один порог роли не пройден. Деньги возвращаются отправителю: 1 встречный счёт.",0,True,2,4,123800.0,766000.0,2,6,6.1874,0.0,0.00033146,1.59e-06,4.952e-05,4.201e-05,1,1,0,1,0.2115,1.0,2.0,0.0,1,2,1,True,False,889800.0
100000000190228100,peripheral,0.6,7,0.1392,"Вход: 1 плательщика (5 тыс ₸), выход: 1 получателя (29 тыс ₸) — ни один порог роли не пройден. Точка сочленения: изъятие разрывает связность сети.",2,False,1,1,5000.0,28560.0,1,1,5.712,0.0,0.00058201,2.16e-05,0.0,0.0,8,0,2,1,0.0,1.0,1.0,-7.0,0,0,0,True,False,33560.0
100000001601320100,transit,0.347,6,0.1392,"Пропустил 106% полученного дальше: принял 44 тыс ₸ от 2 плательщиков, отдал 46 тыс ₸ на 1 получателя. Признаки транзита. Точка сочленения: изъятие разрывает связность сети.",2,False,2,1,43500.0,46200.0,2,1,1.0621,0.0,0.00081176,9.9e-07,0.0,0.0,1,0,2,1,0.0,1.0,1.0,8.0,0,0,0,True,False,89700.0
100000002546921100,terminal,0.622,14,0.1392,"Принял 20 тыс ₸ от 1 плательщика и удержал 20 тыс ₸; обход на колене 3 не обрывался, значит отсутствие исходящих — поведение, а не артефакт.",3,False,1,0,20000.0,0.0,1,0,0.0,20000.0,0.00029122,0.0,0.0,2.441e-05,7,0,3,1,0.0,1.0,0.0,0.0,0,0,0,False,False,20000.0
100000003594472100,terminal,0.622,31,0.1392,"Принял 20 тыс ₸ от 1 плательщика и удержал 20 тыс ₸; обход на колене 3 не обрывался, значит отсутствие исходящих — поведение, а не артефакт.",3,False,1,0,20000.0,0.0,1,0,0.0,20000.0,0.00029445,0.0,0.0,4.747e-05,7,0,3,1,0.0,1.0,0.0,0.0,0,0,0,False,False,20000.0
100000008416433100,terminal,0.622,14,0.1392,"Принял 20 тыс ₸ от 1 плательщика и удержал 20 тыс ₸; обход на колене 3 не обрывался, значит отсутствие исходящих — поведение, а не артефакт.",3,False,1,0,20000.0,0.0,1,0,0.0,20000.0,0.00029122,0.0,0.0,2.441e-05,7,0,3,1,0.0,1.0,0.0,0.0,0,0,0,False,False,20000.0
100000008682426100,terminal,0.622,14,0.1392,"Принял 20 тыс ₸ от 1 плательщика и удержал 20 тыс ₸; обход на колене 3 не обрывался, значит отсутствие исходящих — поведение, а не артефакт.",3,False,1,0,20000.0,0.0,1,0,0.0,20000.0,0.00029122,0.0,0.0,2.441e-05,7,0,3,1,0.0,1.0,0.0,0.0,0,0,0,False,False,20000.0
100000004445291100,terminal,0.614,26,0.139,"Принял 20 тыс ₸ от 1 плательщика и удержал 20 тыс ₸; обход на колене 3 не обрывался, значит отсутствие исходящих — поведение, а не артефакт.",3,False,1,0,19500.0,0.0,2,0,0.0,19500.0,0.00031924,0.0,0.0,2.5e-06,7,0,3,1,0.0,1.0,0.0,0.0,0,0,0,False,False,19500.0
100000005395727100,terminal,0.604,16,0.139,"Принял 17 тыс ₸ от 1 плательщика и удержал 17 тыс ₸; обход на колене 0 не обрывался, значит отсутствие исходящих — поведение, а не артефакт.",0,True,1,0,17000.0,0.0,1,0,0.0,17000.0,0.00037121,0.0,0.0,0.0,7,0,0,1,0.0,1.0,0.0,0.0,0,0,0,False,False,17000.0
100000003616818100,peripheral,0.6,23,0.1389,"Вход: 3 плательщиков (78 тыс ₸), выход: 3 получателей (240 тыс ₸) — ни один порог роли не пройден. Деньги возвращаются отправителю: 2 встречных счёта.",1,False,3,3,78000.0,240100.0,4,8,3.0782,0.0,0.000513,1.98e-06,0.0,0.0,1,1,1,1,0.0,1.0,2.0,8.0,14,2,2,True,False,318100.0
100000004744306100,peripheral,0.6,20,0.1389,"Вход: 1 плательщика (69 тыс ₸), выход: 2 получателей (92 тыс ₸) — ни один порог роли не пройден. Точка сочленения: изъятие разрывает связность сети.",1,False,1,2,69000.0,92000.0,1,3,1.3333,0.0,0.00046078,3.923e-05,0.0,1e-08,8,1,1,1,0.0,1.0,1.0,9.0,0,0,0,True,False,161000.0
100000004750897100,terminal,0.579,16,0.1389,"Принял 10 тыс ₸ от 1 плательщика и удержал 10 тыс ₸; обход на колене 3 не обрывался, значит отсутствие исходящих — поведение, а не артефакт.",3,False,1,0,10000.0,0.0,1,0,0.0,10000.0,0.00049038,0.0,0.0,0.0,7,0,3,1,0.0,1.0,0.0,0.0,0,0,0,False,False,10000.0
100000002727288100,terminal,0.602,16,0.1388,"Принял 16 тыс ₸ от 1 плательщика и удержал 16 тыс ₸; обход на колене 3 не обрывался, значит отсутствие исходящих — поведение, а не артефакт.",3,False,1,0,16000.0,0.0,1,0,0.0,16000.0,0.00036617,0.0,0.0,0.0,7,0,3,1,0.0,1.0,0.0,0.0,0,0,0,False,False,16000.0
100000003962994100,terminal,0.579,40,0.1388,"Принял 10 тыс ₸ от 1 плательщика и удержал 10 тыс ₸; обход на колене 3 не обрывался, значит отсутствие исходящих — поведение, а не артефакт.",3,False,1,0,10000.0,0.0,1,0,0.0,10000.0,0.00048123,0.0,0.0,0.0,7,0,3,1,0.0,1.0,0.0,0.0,0,0,0,False,False,10000.0
100000005507142100,peripheral,0.6,36,0.1387,"Вход: 3 плательщиков (51 тыс ₸), выход: 3 получателей (100 тыс ₸) — ни один порог роли не пройден. Деньги возвращаются отправителю: 2 встречных счёта.",2,False,3,3,51000.0,100000.0,3,4,1.9608,0.0,0.00055895,4.56e-06,0.0,0.0,1,0,2,2,0.0,1.0,1.0,26.0,2,2,2,True,False,151000.0
100000001298099100,terminal,0.613,8,0.1386,"Принял 19 тыс ₸ от 1 плательщика и удержал 19 тыс ₸; обход на колене 3 не обрывался, значит отсутствие исходящих — поведение, а не артефакт.",3,False,1,0,19000.0,0.0,1,0,0.0,19000.0,0.00029265,0.0,0.0,6.4e-07,7,0,3,1,0.0,1.0,0.0,0.0,0,0,0,False,False,19000.0
100000004564736100,terminal,0.597,22,0.1386,"Принял 15 тыс ₸ от 1 плательщика и удержал 15 тыс ₸; обход на колене 3 не обрывался, значит отсутствие исходящих — поведение, а не артефакт.",3,False,1,0,15000.0,0.0,2,0,0.0,15000.0,0.00037676,0.0,0.0,0.0,7,0,3,1,0.0,1.0,0.0,0.0,0,0,0,False,False,15000.0
100000005186109100,terminal,0.553,16,0.1386,"Принял 5 тыс ₸ от 1 плательщика и удержал 5 тыс ₸; обход на колене 3 не обрывался, значит отсутствие исходящих — поведение, а не артефакт.",3,False,1,0,5000.0,0.0,1,0,0.0,5000.0,0.00060592,0.0,0.0,0.0,7,0,3,1,0.0,1.0,0.0,0.0,0,0,0,False,False,5000.0
100000008066326100,terminal,0.614,0,0.1386,"Принял 19 тыс ₸ от 1 плательщика и удержал 19 тыс ₸; обход на колене 1 не обрывался, значит отсутствие исходящих — поведение, а не артефакт.",1,False,1,0,19320.0,0.0,1,0,0.0,19320.0,0.00028919,0.0,0.0,0.00215168,7,1,1,1,0.0,1.0,0.0,0.0,0,0,0,False,False,19320.0
100000002893020100,terminal,0.612,8,0.1385,"Принял 18 тыс ₸ от 1 плательщика и удержал 18 тыс ₸; обход на колене 3 не обрывался, значит отсутствие исходящих — поведение, а не артефакт.",3,False,1,0,18340.0,0.0,1,0,0.0,18340.0,0.0002924,0.0,0.0,6.4e-07,7,0,3,1,0.0,1.0,0.0,0.0,0,0,0,False,False,18340.0
100000003635660100,terminal,0.612,0,0.1385,"Принял 19 тыс ₸ от 1 плательщика и удержал 19 тыс ₸; обход на колене 3 не обрывался, значит отсутствие исходящих — поведение, а не артефакт.",3,False,1,0,18985.0,0.0,1,0,0.0,18985.0,0.00029052,0.0,0.0,0.00113791,7,0,3,1,0.0,1.0,0.0,0.0,0,0,0,False,False,18985.0
100000005059998100,terminal,0.611,0,0.1385,"Принял 18 тыс ₸ от 1 плательщика и удержал 18 тыс ₸; обход на колене 2 не обрывался, значит отсутствие исходящих — поведение, а не артефакт.",2,False,1,0,18000.0,0.0,1,0,0.0,18000.0,0.00029592,0.0,0.0,5.31e-05,7,0,2,1,0.0,1.0,0.0,0.0,0,0,0,False,False,18000.0
100000008762728100,terminal,0.604,5,0.1383,"Принял 17 тыс ₸ от 1 плательщика и удержал 17 тыс ₸; обход на колене 2 не обрывался, значит отсутствие исходящих — поведение, а не артефакт.",2,False,1,0,17026.0,0.0,1,0,0.0,17026.0,0.0003177,0.0,0.0,1.79e-06,7,0,2,1,0.0,1.0,0.0,0.0,0,0,0,False,False,17026.0
100000005041905100,peripheral,0.6,1,0.1382,"Вход: 1 плательщика (5 тыс ₸), выход: 1 получателя (1.1 млн ₸) — ни один порог роли не пройден. Деньги возвращаются отправителю: 1 встречный счёт.",3,False,1,1,5000.0,1080351.0,1,5,216.0702,0.0,0.00028635,0.0,0.0,0.0,1,0,3,1,0.0,1.0,1.0,-3.0,1,2,1,False,False,1085351.0
100000001893287100,peripheral,0.6,6,0.1381,"Вход: 1 плательщика (18 тыс ₸), выход: 1 получателя (153 тыс ₸) — ни один порог роли не пройден. Деньги возвращаются отправителю: 1 встречный счёт.",3,False,1,1,18000.0,152700.0,3,14,8.4833,0.0,0.00061845,0.0,1.232e-05,0.0,1,0,3,1,0.2292,1.0,1.0,7.0,1,2,1,False,False,170700.0
100000003016438100,peripheral,0.6,10,0.138,"Вход: 1 плательщика (200 тыс ₸), выход: 1 получателя (300 тыс ₸) — ни один порог роли не пройден. Точка сочленения: изъятие разрывает связность сети.",3,False,1,1,200000.0,300000.0,1,3,1.5,0.0,0.00031668,2.14e-05,0.0,1.85e-06,8,0,3,1,0.6667,1.0,1.0,0.0,0,0,0,True,False,500000.0
100000002121357100,peripheral,0.6,10,0.1379,"Вход: 2 плательщиков (255 тыс ₸), выход: 1 получателя (113 тыс ₸) — ни один порог роли не пройден. Точка сочленения: изъятие разрывает связность сети.",3,False,2,1,255300.0,113000.0,2,1,0.4426,142300.0,0.00032627,2.16e-05,0.0,5.9e-07,8,0,3,2,0.0,1.0,1.0,-2.0,0,0,0,True,False,368300.0
100000008029279100,terminal,0.604,3,0.1379,"Принял 17 тыс ₸ от 1 плательщика и удержал 17 тыс ₸; обход на колене 3 не обрывался, значит отсутствие исходящих — поведение, а не артефакт.",3,False,1,0,17000.0,0.0,1,0,0.0,17000.0,0.00028903,0.0,0.0,0.00160441,7,0,3,1,0.0,1.0,0.0,0.0,0,0,0,False,False,17000.0
100000002597623100,terminal,0.602,0,0.1378,"Принял 16 тыс ₸ от 1 плательщика и удержал 16 тыс ₸; обход на колене 3 не обрывался, значит отсутствие исходящих — поведение, а не артефакт.",3,False,1,0,16418.0,0.0,1,0,0.0,16418.0,0.00028649,0.0,0.0,0.00290578,7,0,3,1,0.0,1.0,0.0,0.0,0,0,0,False,False,16418.0
100000007953156100,peripheral,0.6,14,0.1378,"Вход: 1 плательщика (18 тыс ₸), выход: 1 получателя (10 тыс ₸) — ни один порог роли не пройден. Точка сочленения: изъятие разрывает связность сети.",2,False,1,1,18000.0,10000.0,1,1,0.5556,8000.0,0.00047784,1.981e-05,0.0,0.0,8,0,2,1,0.0,1.0,1.0,11.0,0,0,0,True,False,28000.0
100000002621915100,terminal,0.553,5,0.1377,"Принял 5 тыс ₸ от 1 плательщика и удержал 5 тыс ₸; обход на колене 2 не обрывался, значит отсутствие исходящих — поведение, а не артефакт.",2,False,1,0,5000.0,0.0,1,0,0.0,5000.0,0.00053204,0.0,0.0,0.0,7,0,2,1,0.0,1.0,0.0,0.0,0,0,0,False,False,5000.0
100000003009900100,terminal,0.6,8,0.1377,"Принял 16 тыс ₸ от 1 плательщика и удержал 16 тыс ₸; обход на колене 3 не обрывался, значит отсутствие исходящих — поведение, а не артефакт.",3,False,1,0,15998.0,0.0,1,0,0.0,15998.0,0.00029153,0.0,0.0,6.4e-07,7,0,3,1,0.0,1.0,0.0,0.0,0,0,0,False,False,15998.0
100000003713616100,terminal,0.6,5,0.1377,"Принял 16 тыс ₸ от 1 плательщика и удержал 16 тыс ₸; обход на колене 1 не обрывался, значит отсутствие исходящих — поведение, а не артефакт.",1,False,1,0,15893.0,0.0,1,0,0.0,15893.0,0.00028728,0.0,0.0,0.00029524,7,1,1,1,0.0,1.0,0.0,0.0,0,0,0,False,False,15893.0
100000001138376100,terminal,0.598,16,0.1376,"Принял 15 тыс ₸ от 1 плательщика и удержал 15 тыс ₸; обход на колене 2 не обрывался, значит отсутствие исходящих — поведение, а не артефакт.",2,False,1,0,15300.0,0.0,1,0,0.0,15300.0,0.00029044,0.0,0.0,3.568e-05,7,0,2,1,0.0,1.0,0.0,0.0,0,0,0,False,False,15300.0
100000005172860100,terminal,0.598,0,0.1376,"Принял 15 тыс ₸ от 1 плательщика и удержал 15 тыс ₸; обход на колене 3 не обрывался, значит отсутствие исходящих — поведение, а не артефакт.",3,False,1,0,15209.2,0.0,1,0,0.0,15209.2,0.0002918,0.0,0.0,0.00064282,7,0,3,1,0.0,1.0,0.0,0.0,0,0,0,False,False,15209.2
100000007597382100,terminal,0.6,4,0.1376,"Принял 16 тыс ₸ от 1 плательщика и удержал 16 тыс ₸; обход на колене 3 не обрывался, значит отсутствие исходящих — поведение, а не артефакт.",3,False,1,0,15700.0,0.0,1,0,0.0,15700.0,0.00028608,0.0,0.0,0.00294017,7,0,3,1,0.0,1.0,0.0,0.0,0,0,0,False,False,15700.0
100000000580561100,peripheral,0.6,42,0.1375,"Вход: 2 плательщиков (28 тыс ₸), выход: 3 получателей (1.5 млн ₸) — ни один порог роли не пройден. Деньги возвращаются отправителю: 2 встречных счёта.",0,True,2,3,27980.0,1488077.0,3,13,53.1836,0.0,0.00083499,1.19e-06,0.0,0.0,0,0,0,1,0.0034,1.0,2.0,20.0,2,2,2,True,False,1516057.0
100000002945031100,terminal,0.597,13,0.1375,"Принял 15 тыс ₸ от 1 плательщика и удержал 15 тыс ₸; обход на колене 3 не обрывался, значит отсутствие исходящих — поведение, а не артефакт.",3,False,1,0,15000.0,0.0,1,0,0.0,15000.0,0.00029112,0.0,0.0,0.00025946,7,0,3,1,0.0,1.0,0.0,0.0,0,0,0,False,False,15000.0
100000002975287100,terminal,0.597,15,0.1375,"Принял 15 тыс ₸ от 1 плательщика и удержал 15 тыс ₸; обход на колене 3 не обрывался, значит отсутствие исходящих — поведение, а не артефакт.",3,False,1,0,15000.0,0.0,1,0,0.0,15000.0,0.00028919,0.0,0.0,0.0004659,7,0,3,1,0.0,1.0,0.0,0.0,0,0,0,False,False,15000.0
100000003036198100,terminal,0.597,2,0.1375,"Принял 15 тыс ₸ от 1 плательщика и удержал 15 тыс ₸; обход на колене 2 не обрывался, значит отсутствие исходящих — поведение, а не артефакт.",2,False,1,0,15000.0,0.0,1,0,0.0,15000.0,0.00028793,0.0,0.0,0.00014217,7,0,2,1,0.0,1.0,0.0,0.0,0,0,0,False,False,15000.0
100000003241965100,terminal,0.597,8,0.1375,"Принял 15 тыс ₸ от 1 плательщика и удержал 15 тыс ₸; обход на колене 3 не обрывался, значит отсутствие исходящих — поведение, а не артефакт.",3,False,1,0,15000.0,0.0,1,0,0.0,15000.0,0.00029116,0.0,0.0,6.4e-07,7,0,3,1,0.0,1.0,0.0,0.0,0,0,0,False,False,15000.0
100000008011573100,terminal,0.597,15,0.1375,"Принял 15 тыс ₸ от 1 плательщика и удержал 15 тыс ₸; обход на колене 3 не обрывался, значит отсутствие исходящих — поведение, а не артефакт.",3,False,1,0,15000.0,0.0,1,0,0.0,15000.0,0.00028919,0.0,0.0,0.0004659,7,0,3,1,0.0,1.0,0.0,0.0,0,0,0,False,False,15000.0
100000003093299100,terminal,0.597,0,0.1374,"Принял 15 тыс ₸ от 1 плательщика и удержал 15 тыс ₸; обход на колене 3 не обрывался, значит отсутствие исходящих — поведение, а не артефакт.",3,False,1,0,15000.0,0.0,1,0,0.0,15000.0,0.00028641,0.0,0.0,0.00290578,7,0,3,1,0.0,1.0,0.0,0.0,0,0,0,False,False,15000.0
100000005187208100,terminal,0.591,4,0.1374,"Принял 14 тыс ₸ от 1 плательщика и удержал 14 тыс ₸; обход на колене 3 не обрывался, значит отсутствие исходящих — поведение, а не артефакт.",3,False,1,0,14160.0,0.0,1,0,0.0,14160.0,0.00031197,0.0,0.0,0.00010694,7,0,3,1,0.0,1.0,0.0,0.0,0,0,0,False,False,14160.0
100000003650146100,terminal,0.592,5,0.1373,"Принял 14 тыс ₸ от 1 плательщика и удержал 14 тыс ₸; обход на колене 3 не обрывался, значит отсутствие исходящих — поведение, а не артефакт.",3,False,1,0,14400.0,0.0,1,0,0.0,14400.0,0.00030013,0.0,0.0,2.448e-05,7,0,3,1,0.0,1.0,0.0,0.0,0,0,0,False,False,14400.0
100000003190207100,peripheral,0.6,20,0.1372,"Вход: 1 плательщика (5 тыс ₸), выход: 1 получателя (377 тыс ₸) — ни один порог роли не пройден. Точка сочленения: изъятие разрывает связность сети.",3,False,1,1,5000.0,377000.0,1,8,75.4,0.0,0.00029913,2.1e-05,0.0,1.03e-06,8,0,3,1,0.1061,1.0,1.0,11.0,0,0,0,True,False,382000.0
100000004662806100,peripheral,0.6,11,0.1372,"Вход: 2 плательщиков (107 тыс ₸), выход: 2 получателей (60 тыс ₸) — ни один порог роли не пройден. Точка сочленения: изъятие разрывает связность сети.",1,False,2,2,106585.0,59900.0,2,3,0.562,46685.0,0.00030545,3.884e-05,0.0,0.00065292,8,1,1,2,0.1669,1.0,1.0,9.0,0,0,0,True,False,166485.0
100000008289539100,terminal,0.593,16,0.1372,"Принял 15 тыс ₸ от 1 плательщика и удержал 15 тыс ₸; обход на колене 2 не обрывался, значит отсутствие исходящих — поведение, а не артефакт.",2,False,1,0,14912.0,0.0,1,0,0.0,14912.0,0.00029031,0.0,0.0,3.568e-05,7,0,2,1,0.0,1.0,0.0,0.0,0,0,0,False,False,14912.0
100000006664478100,transit,0.348,25,0.1371,"Пропустил 109% полученного дальше: принял 55 тыс ₸ от 1 плательщика, отдал 60 тыс ₸ на 2 получателей. Признаки транзита. Точка сочленения: изъятие разрывает связность сети.",3,False,1,2,55000.0,60000.0,3,2,1.0909,0.0,0.00061684,1.19e-06,0.0,0.0,1,0,3,1,0.0,1.0,1.0,17.0,0,0,0,True,False,115000.0
100000000870121100,terminal,0.584,13,0.137,"Принял 12 тыс ₸ от 1 плательщика и удержал 12 тыс ₸; обход на колене 3 не обрывался, значит отсутствие исходящих — поведение, а не артефакт.",3,False,1,0,12000.0,0.0,1,0,0.0,12000.0,0.00031567,0.0,0.0,4e-08,7,0,3,1,0.0,1.0,0.0,0.0,0,0,0,False,False,12000.0
100000004527381100,peripheral,0.6,16,0.137,"Вход: 1 плательщика (119 тыс ₸), выход: 1 получателя (274 тыс ₸) — ни один порог роли не пройден. Входит в замкнутую цепочку из 5 узлов.",2,False,1,1,119333.17,273866.11,1,1,2.295,0.0,0.0003755,0.00032139,3.29e-06,0.0,7,0,2,1,1.0,1.0,1.0,0.0,3,5,0,False,False,393199.28
100000004991812100,terminal,0.579,22,0.137,"Принял 10 тыс ₸ от 1 плательщика и удержал 10 тыс ₸; обход на колене 3 не обрывался, значит отсутствие исходящих — поведение, а не артефакт.",3,False,1,0,10000.0,0.0,1,0,0.0,10000.0,0.00034636,0.0,0.0,0.0,7,0,3,1,0.0,1.0,0.0,0.0,0,0,0,False,False,10000.0
100000002479804100,transit,0.398,2,0.1369,"Пропустил 77% полученного дальше: принял 46 тыс ₸ от 1 плательщика, отдал 35 тыс ₸ на 2 получателей, 65% ушло в первые 2 дня. Признаки транзита. Точка сочленения: изъятие разрывает связность сети.",1,False,1,2,46000.0,35300.0,1,2,0.7674,10700.0,0.00029697,1.78e-06,0.0,6.78e-05,1,1,1,2,0.6516,1.0,1.0,1.0,0,0,0,True,False,81300.0
100000003927792100,terminal,0.588,16,0.1369,"Принял 13 тыс ₸ от 1 плательщика и удержал 13 тыс ₸; обход на колене 2 не обрывался, значит отсутствие исходящих — поведение, а не артефакт.",2,False,1,0,13067.0,0.0,1,0,0.0,13067.0,0.00028973,0.0,0.0,3.568e-05,7,0,2,1,0.0,1.0,0.0,0.0,0,0,0,False,False,13067.0
100000005127767100,terminal,0.562,40,0.1369,"Принял 7 тыс ₸ от 1 плательщика и удержал 7 тыс ₸; обход на колене 3 не обрывался, значит отсутствие исходящих — поведение, а не артефакт.",3,False,1,0,7000.0,0.0,1,0,0.0,7000.0,0.00042253,0.0,0.0,0.0,7,0,3,1,0.0,1.0,0.0,0.0,0,0,0,False,False,7000.0
100000002742067100,terminal,0.586,16,0.1368,"Принял 13 тыс ₸ от 1 плательщика и удержал 13 тыс ₸; обход на колене 2 не обрывался, значит отсутствие исходящих — поведение, а не артефакт.",2,False,1,0,12730.0,0.0,1,0,0.0,12730.0,0.00028962,0.0,0.0,3.568e-05,7,0,2,1,0.0,1.0,0.0,0.0,0,0,0,False,False,12730.0
100000001290243100,terminal,0.579,5,0.1367,"Принял 10 тыс ₸ от 1 плательщика и удержал 10 тыс ₸; обход на колене 2 не обрывался, значит отсутствие исходящих — поведение, а не артефакт.",2,False,1,0,10000.0,0.0,1,0,0.0,10000.0,0.00031995,0.0,0.0,1.26e-05,7,0,2,1,0.0,1.0,0.0,0.0,0,0,0,False,False,10000.0
100000005496254100,terminal,0.586,0,0.1367,"Принял 13 тыс ₸ от 1 плательщика и удержал 13 тыс ₸; обход на колене 1 не обрывался, значит отсутствие исходящих — поведение, а не артефакт.",1,False,1,0,12700.0,0.0,1,0,0.0,12700.0,0.00028795,0.0,0.0,0.00215168,7,1,1,1,0.0,1.0,0.0,0.0,0,0,0,False,False,12700.0
100000000733373100,terminal,0.58,5,0.1366,"Принял 11 тыс ₸ от 1 плательщика и удержал 11 тыс ₸; обход на колене 2 не обрывался, значит отсутствие исходящих — поведение, а не артефакт.",2,False,1,0,10710.0,0.0,1,0,0.0,10710.0,0.00030578,0.0,0.0,1.79e-06,7,0,2,1,0.0,1.0,0.0,0.0,0,0,0,False,False,10710.0
100000002677201100,peripheral,0.6,10,0.1366,"Вход: 1 плательщика (150 тыс ₸), выход: 1 получателя (88 тыс ₸) — ни один порог роли не пройден. Точка сочленения: изъятие разрывает связность сети.",3,False,1,1,150000.0,87750.0,1,1,0.585,62250.0,0.00030891,2.14e-05,0.0,1.85e-06,8,0,3,1,0.0,1.0,1.0,9.0,0,0,0,True,False,237750.0
100000004158362100,terminal,0.584,0,0.1366,"Принял 12 тыс ₸ от 1 плательщика и удержал 12 тыс ₸; обход на колене 2 не обрывался, значит отсутствие исходящих — поведение, а не артефакт.",2,False,1,0,12000.0,0.0,1,0,0.0,12000.0,0.00029138,0.0,0.0,9.276e-05,7,0,2,1,0.0,1.0,0.0,0.0,0,0,0,False,False,12000.0
100000000481716100,terminal,0.565,8,0.1365,"Принял 8 тыс ₸ от 1 плательщика и удержал 8 тыс ₸; обход на колене 3 не обрывался, значит отсутствие исходящих — поведение, а не артефакт.",3,False,1,0,8000.0,0.0,1,0,0.0,8000.0,0.00037715,0.0,0.0,2e-08,7,0,3,1,0.0,1.0,0.0,0.0,0,0,0,False,False,8000.0
100000006965162100,terminal,0.579,28,0.1365,"Принял 10 тыс ₸ от 1 плательщика и удержал 10 тыс ₸; обход на колене 3 не обрывался, значит отсутствие исходящих — поведение, а не артефакт.",3,False,1,0,10000.0,0.0,1,0,0.0,10000.0,0.00030929,0.0,0.0,0.0,7,0,3,1,0.0,1.0,0.0,0.0,0,0,0,False,False,10000.0
100000008708025100,terminal,0.579,28,0.1365,"Принял 10 тыс ₸ от 1 плательщика и удержал 10 тыс ₸; обход на колене 3 не обрывался, значит отсутствие исходящих — поведение, а не артефакт.",3,False,1,0,10000.0,0.0,1,0,0.0,10000.0,0.00030929,0.0,0.0,0.0,7,0,3,1,0.0,1.0,0.0,0.0,0,0,0,False,False,10000.0
100000008724279100,terminal,0.582,5,0.1365,"Принял 12 тыс ₸ от 1 плательщика и удержал 12 тыс ₸; обход на колене 1 не обрывался, значит отсутствие исходящих — поведение, а не артефакт.",1,False,1,0,11750.0,0.0,1,0,0.0,11750.0,0.00028683,0.0,0.0,0.00029524,7,1,1,1,0.0,1.0,0.0,0.0,0,0,0,False,False,11750.0
100000008751349100,terminal,0.582,27,0.1365,"Принял 12 тыс ₸ от 1 плательщика и удержал 12 тыс ₸; обход на колене 3 не обрывался, значит отсутствие исходящих — поведение, а не артефакт.",3,False,1,0,11630.0,0.0,1,0,0.0,11630.0,0.00028849,0.0,0.0,0.0,7,0,3,1,0.0,1.0,0.0,0.0,0,0,0,False,False,11630.0
100000002793851100,terminal,0.582,5,0.1364,"Принял 11 тыс ₸ от 1 плательщика и удержал 11 тыс ₸; обход на колене 1 не обрывался, значит отсутствие исходящих — поведение, а не артефакт.",1,False,1,0,11052.0,0.0,1,0,0.0,11052.0,0.00028676,0.0,0.0,0.00029524,7,1,1,1,0.0,1.0,0.0,0.0,0,0,0,False,False,11052.0
100000002818726100,terminal,0.581,13,0.1364,"Принял 11 тыс ₸ от 1 плательщика и удержал 11 тыс ₸; обход на колене 3 не обрывался, значит отсутствие исходящих — поведение, а не артефакт.",3,False,1,0,10879.0,0.0,1,0,0.0,10879.0,0.0002896,0.0,0.0,0.00025946,7,0,3,1,0.0,1.0,0.0,0.0,0,0,0,False,False,10879.0
100000003218308100,terminal,0.582,0,0.1364,"Принял 11 тыс ₸ от 1 плательщика и удержал 11 тыс ₸; обход на колене 3 не обрывался, значит отсутствие исходящих — поведение, а не артефакт.",3,False,1,0,11165.0,0.0,1,0,0.0,11165.0,0.0002862,0.0,0.0,0.00290578,7,0,3,1,0.0,1.0,0.0,0.0,0,0,0,False,False,11165.0
100000004206046100,terminal,0.582,5,0.1364,"Принял 11 тыс ₸ от 1 плательщика и удержал 11 тыс ₸; обход на колене 1 не обрывался, значит отсутствие исходящих — поведение, а не артефакт.",1,False,1,0,11075.0,0.0,1,0,0.0,11075.0,0.00028676,0.0,0.0,0.00029524,7,1,1,1,0.0,1.0,0.0,0.0,0,0,0,False,False,11075.0
100000008731444100,peripheral,0.6,0,0.1364,"Вход: 3 плательщиков (439 тыс ₸), выход: 9 получателей (880 тыс ₸) — ни один порог роли не пройден. Точка сочленения: изъятие разрывает связность сети.",2,False,3,9,439000.0,879767.8,5,9,2.004,0.0,0.00035336,0.00012412,0.00864213,0.00021378,7,0,2,4,0.0568,1.0,3.0,9.0,0,0,0,True,False,1318767.8
100000002809568100,terminal,0.579,0,0.1363,"Принял 10 тыс ₸ от 1 плательщика и удержал 10 тыс ₸; обход на колене 1 не обрывался, значит отсутствие исходящих — поведение, а не артефакт.",1,False,1,0,10000.0,0.0,1,0,0.0,10000.0,0.00028745,0.0,0.0,0.00215168,7,1,1,1,0.0,1.0,0.0,0.0,0,0,0,False,False,10000.0
100000003006633100,terminal,0.579,35,0.1363,"Принял 10 тыс ₸ от 1 плательщика и удержал 10 тыс ₸; обход на колене 3 не обрывался, значит отсутствие исходящих — поведение, а не артефакт.",3,False,1,0,10000.0,0.0,1,0,0.0,10000.0,0.0002932,0.0,0.0,0.0,7,0,3,1,0.0,1.0,0.0,0.0,0,0,0,False,False,10000.0
100000003134937100,terminal,0.58,5,0.1363,"Принял 10 тыс ₸ от 1 плательщика и удержал 10 тыс ₸; обход на колене 1 не обрывался, значит отсутствие исходящих — поведение, а не артефакт.",1,False,1,0,10286.0,0.0,1,0,0.0,10286.0,0.00028668,0.0,0.0,0.00029524,7,1,1,1,0.0,1.0,0.0,0.0,0,0,0,False,False,10286.0
100000003449074100,terminal,0.579,0,0.1363,"Принял 10 тыс ₸ от 1 плательщика и удержал 10 тыс ₸; обход на колене 1 не обрывался, значит отсутствие исходящих — поведение, а не артефакт.",1,False,1,0,10000.0,0.0,1,0,0.0,10000.0,0.00028745,0.0,0.0,0.00215168,7,1,1,1,0.0,1.0,0.0,0.0,0,0,0,False,False,10000.0
100000004400361100,terminal,0.579,5,0.1363,"Принял 10 тыс ₸ от 1 плательщика и удержал 10 тыс ₸; обход на колене 2 не обрывался, значит отсутствие исходящих — поведение, а не артефакт.",2,False,1,0,10000.0,0.0,1,0,0.0,10000.0,0.00028723,0.0,0.0,4.04e-06,7,0,2,1,0.0,1.0,0.0,0.0,0,0,0,False,False,10000.0
100000005030592100,terminal,0.579,16,0.1363,"Принял 10 тыс ₸ от 1 плательщика и удержал 10 тыс ₸; обход на колене 2 не обрывался, значит отсутствие исходящих — поведение, а не артефакт.",2,False,1,0,10000.0,0.0,1,0,0.0,10000.0,0.00028875,0.0,0.0,3.568e-05,7,0,2,1,0.0,1.0,0.0,0.0,0,0,0,False,False,10000.0
100000005730108100,terminal,0.565,0,0.1363,"Принял 8 тыс ₸ от 1 плательщика и удержал 8 тыс ₸; обход на колене 2 не обрывался, значит отсутствие исходящих — поведение, а не артефакт.",2,False,1,0,8000.0,0.0,1,0,0.0,8000.0,0.00035866,0.0,0.0,0.0,7,0,2,1,0.0,1.0,0.0,0.0,0,0,0,False,False,8000.0
100000008733049100,terminal,0.579,16,0.1363,"Принял 10 тыс ₸ от 1 плательщика и удержал 10 тыс ₸; обход на колене 2 не обрывался, значит отсутствие исходящих — поведение, а не артефакт.",2,False,1,0,10000.0,0.0,1,0,0.0,10000.0,0.00028875,0.0,0.0,3.568e-05,7,0,2,1,0.0,1.0,0.0,0.0,0,0,0,False,False,10000.0
100000000724540100,peripheral,0.6,18,0.1362,"Вход: 1 плательщика (50 тыс ₸), выход: 1 получателя (100 тыс ₸) — ни один порог роли не пройден. Точка сочленения: изъятие разрывает связность сети.",2,False,1,1,50000.0,100000.0,1,1,2.0,0.0,0.00030963,1.981e-05,0.0,6e-08,8,0,2,1,0.0,1.0,1.0,-21.0,0,0,0,True,False,150000.0
100000002612809100,peripheral,0.6,36,0.1362,"Вход: 1 плательщика (30 тыс ₸), выход: 3 получателей (114 тыс ₸) — ни один порог роли не пройден. Деньги возвращаются отправителю: 1 встречный счёт. Точка сочленения: изъятие разрывает связность сети.",3,False,1,3,30000.0,114000.0,2,4,3.8,0.0,0.00042829,1.59e-06,0.0,0.0,1,0,3,1,0.0,1.0,2.0,6.0,1,2,1,True,False,144000.0
100000006912294100,peripheral,0.6,7,0.1362,"Вход: 1 плательщика (6 тыс ₸), выход: 2 получателей (30 тыс ₸) — ни один порог роли не пройден. Деньги возвращаются отправителю: 1 встречный счёт. Точка сочленения: изъятие разрывает связность сети.",2,False,1,2,6335.09,30000.0,1,2,4.7355,0.0,0.00049892,5.9e-07,9.92e-06,0.0,1,0,2,1,0.0,1.0,1.0,-16.0,1,2,1,True,False,36335.09
100000007173936100,terminal,0.579,30,0.1362,"Принял 10 тыс ₸ от 1 плательщика и удержал 10 тыс ₸; обход на колене 2 не обрывался, значит отсутствие исходящих — поведение, а не артефакт.",2,False,1,0,10000.0,0.0,1,0,0.0,10000.0,0.00028682,0.0,0.0,3.9e-07,7,0,2,1,0.0,1.0,0.0,0.0,0,0,0,False,False,10000.0
100000008738526100,peripheral,0.6,18,0.1359,"Вход: 1 плательщика (15 тыс ₸), выход: 1 получателя (140 тыс ₸) — ни один порог роли не пройден. Точка сочленения: изъятие разрывает связность сети.",3,False,1,1,15000.0,140000.0,1,1,9.3333,0.0,0.00028745,2.14e-05,0.0,1.29e-06,8,0,3,1,0.0,1.0,1.0,5.0,0,0,0,True,False,155000.0
100000006522972100,terminal,0.569,4,0.1358,"Принял 10 тыс ₸ от 1 плательщика и удержал 10 тыс ₸; обход на колене 3 не обрывался, значит отсутствие исходящих — поведение, а не артефакт.",3,False,1,0,9515.0,0.0,1,0,0.0,9515.0,0.00030331,0.0,0.0,0.00010694,7,0,3,1,0.0,1.0,0.0,0.0,0,0,0,False,False,9515.0
100000007392365100,peripheral,0.6,39,0.1358,"Вход: 1 плательщика (10 тыс ₸), выход: 6 получателей (1.8 млн ₸) — ни один порог роли не пройден. Отдаёт в 184× больше видимых входящих: источник вне выгрузки.",3,False,1,6,9613.0,1765600.0,1,9,183.6679,0.0,0.00028611,0.00011532,0.0,0.00290578,7,0,3,2,0.0,1.0,1.0,4.0,0,0,0,True,False,1775213.0
100000003996562100,terminal,0.563,0,0.1357,"Принял 8 тыс ₸ от 1 плательщика и удержал 8 тыс ₸; обход на колене 3 не обрывался, значит отсутствие исходящих — поведение, а не артефакт.",3,False,1,0,7700.0,0.0,1,0,0.0,7700.0,0.00032817,0.0,0.0,2.35e-06,7,0,3,1,0.0,1.0,0.0,0.0,0,0,0,False,False,7700.0
100000005264874100,peripheral,0.6,36,0.1357,"Вход: 1 плательщика (30 тыс ₸), выход: 2 получателей (78 тыс ₸) — ни один порог роли не пройден. Деньги возвращаются отправителю: 1 встречный счёт. Точка сочленения: изъятие разрывает связность сети.",3,False,1,2,30000.0,78000.0,1,3,2.6,0.0,0.00042829,7.9e-07,0.0,0.0,1,0,3,1,0.0,1.0,1.0,-3.0,1,2,1,True,False,108000.0
100000007005380100,terminal,0.568,4,0.1357,"Принял 9 тыс ₸ от 1 плательщика и удержал 9 тыс ₸; обход на колене 3 не обрывался, значит отсутствие исходящих — поведение, а не артефакт.",3,False,1,0,9400.0,0.0,1,0,0.0,9400.0,0.0003031,0.0,0.0,0.00010694,7,0,3,1,0.0,1.0,0.0,0.0,0,0,0,False,False,9400.0
100000008677215100,terminal,0.568,22,0.1357,"Принял 9 тыс ₸ от 1 плательщика и удержал 9 тыс ₸; обход на колене 3 не обрывался, значит отсутствие исходящих — поведение, а не артефакт.",3,False,1,0,9000.0,0.0,1,0,0.0,9000.0,0.00030438,0.0,0.0,3.2e-06,7,0,3,1,0.0,1.0,0.0,0.0,0,0,0,False,False,9000.0
100000002603371100,terminal,0.568,0,0.1356,"Принял 9 тыс ₸ от 1 плательщика и удержал 9 тыс ₸; обход на колене 3 не обрывался, значит отсутствие исходящих — поведение, а не артефакт.",3,False,1,0,9300.0,0.0,1,0,0.0,9300.0,0.00028938,0.0,0.0,0.00064282,7,0,3,1,0.0,1.0,0.0,0.0,0,0,0,False,False,9300.0
100000005357034100,terminal,0.569,0,0.1356,"Принял 10 тыс ₸ от 1 плательщика и удержал 10 тыс ₸; обход на колене 3 не обрывался, значит отсутствие исходящих — поведение, а не артефакт.",3,False,1,0,9754.0,0.0,1,0,0.0,9754.0,0.00028612,0.0,0.0,0.00290578,7,0,3,1,0.0,1.0,0.0,0.0,0,0,0,False,False,9754.0
100000008612257100,terminal,0.569,15,0.1356,"Принял 10 тыс ₸ от 1 плательщика и удержал 10 тыс ₸; обход на колене 3 не обрывался, значит отсутствие исходящих — поведение, а не артефакт.",3,False,1,0,9500.0,0.0,1,0,0.0,9500.0,0.00028786,0.0,0.0,0.0004659,7,0,3,1,0.0,1.0,0.0,0.0,0,0,0,False,False,9500.0
100000006658598100,terminal,0.568,5,0.1355,"Принял 9 тыс ₸ от 1 плательщика и удержал 9 тыс ₸; обход на колене 1 не обрывался, значит отсутствие исходящих — поведение, а не артефакт.",1,False,1,0,9000.0,0.0,1,0,0.0,9000.0,0.00028654,0.0,0.0,0.00029524,7,1,1,1,0.0,1.0,0.0,0.0,0,0,0,False,False,9000.0
100000004553349100,terminal,0.563,4,0.1354,"Принял 8 тыс ₸ от 1 плательщика и удержал 8 тыс ₸; обход на колене 3 не обрывался, значит отсутствие исходящих — поведение, а не артефакт.",3,False,1,0,7755.0,0.0,1,0,0.0,7755.0,0.00030003,0.0,0.0,0.00010694,7,0,3,1,0.0,1.0,0.0,0.0,0,0,0,False,False,7755.0
100000005265073100,peripheral,0.6,20,0.1354,"Вход: 1 плательщика (5 тыс ₸), выход: 1 получателя (9 тыс ₸) — ни один порог роли не пройден. Точка сочленения: изъятие разрывает связность сети.",3,False,1,1,5000.0,9000.0,1,1,1.8,0.0,0.00029913,2.1e-05,0.0,1.03e-06,8,0,3,1,0.0,1.0,1.0,-14.0,0,0,0,True,False,14000.0
100000006177176100,terminal,0.567,5,0.1354,"Принял 9 тыс ₸ от 1 плательщика и удержал 9 тыс ₸; обход на колене 1 не обрывался, значит отсутствие исходящих — поведение, а не артефакт.",1,False,1,0,8911.0,0.0,1,0,0.0,8911.0,0.00028653,0.0,0.0,0.00029524,7,1,1,1,0.0,1.0,0.0,0.0,0,0,0,False,False,8911.0
100000008349675100,transit,0.384,6,0.1354,"Пропустил 79% полученного дальше: принял 47 тыс ₸ от 1 плательщика, отдал 37 тыс ₸ на 1 получателя, 50% ушло в первые 2 дня. Признаки транзита. Точка сочленения: изъятие разрывает связность сети.",1,False,1,1,46520.0,36650.0,1,2,0.7878,9870.0,0.00028824,2e-07,0.0,4.34e-06,1,1,1,1,0.5048,1.0,1.0,8.0,0,0,0,True,False,83170.0
100000000782285100,terminal,0.559,0,0.1353,"Принял 6 тыс ₸ от 1 плательщика и удержал 6 тыс ₸; обход на колене 3 не обрывался, значит отсутствие исходящих — поведение, а не артефакт.",3,False,1,0,6151.0,0.0,1,0,0.0,6151.0,0.0003196,0.0,0.0,2.35e-06,7,0,3,1,0.0,1.0,0.0,0.0,0,0,0,False,False,6151.0
100000006444163100,terminal,0.558,0,0.1353,"Принял 6 тыс ₸ от 1 плательщика и удержал 6 тыс ₸; обход на колене 3 не обрывался, значит отсутствие исходящих — поведение, а не артефакт.",3,False,1,0,6026.0,0.0,1,0,0.0,6026.0,0.00031891,0.0,0.0,2.35e-06,7,0,3,1,0.0,1.0,0.0,0.0,0,0,0,False,False,6026.0
100000004493586100,terminal,0.563,0,0.1352,"Принял 8 тыс ₸ от 1 плательщика и удержал 8 тыс ₸; обход на колене 3 не обрывался, значит отсутствие исходящих — поведение, а не артефакт.",3,False,1,0,7500.0,0.0,1,0,0.0,7500.0,0.00028864,0.0,0.0,0.00064282,7,0,3,1,0.0,1.0,0.0,0.0,0,0,0,False,False,7500.0
100000005205745100,terminal,0.558,6,0.1352,"Принял 6 тыс ₸ от 1 плательщика и удержал 6 тыс ₸; обход на колене 2 не обрывался, значит отсутствие исходящих — поведение, а не артефакт.",2,False,1,0,6000.0,0.0,1,0,0.0,6000.0,0.00031226,0.0,0.0,2.4e-07,7,0,2,1,0.0,1.0,0.0,0.0,0,0,0,False,False,6000.0
100000005996909100,terminal,0.556,16,0.1351,"Принял 6 тыс ₸ от 1 плательщика и удержал 6 тыс ₸; обход на колене 3 не обрывался, значит отсутствие исходящих — поведение, а не артефакт.",3,False,1,0,5500.0,0.0,1,0,0.0,5500.0,0.00031595,0.0,0.0,2.73e-06,7,0,3,1,0.0,1.0,0.0,0.0,0,0,0,False,False,5500.0
100000000783406100,terminal,0.559,35,0.135,"Принял 6 тыс ₸ от 1 плательщика и удержал 6 тыс ₸; обход на колене 3 не обрывался, значит отсутствие исходящих — поведение, а не артефакт.",3,False,1,0,6066.0,0.0,1,0,0.0,6066.0,0.0002902,0.0,0.0,0.0,7,0,3,1,0.0,1.0,0.0,0.0,0,0,0,False,False,6066.0
100000002184107100,terminal,0.559,35,0.135,"Принял 6 тыс ₸ от 1 плательщика и удержал 6 тыс ₸; обход на колене 3 не обрывался, значит отсутствие исходящих — поведение, а не артефакт.",3,False,1,0,6066.0,0.0,1,0,0.0,6066.0,0.0002902,0.0,0.0,0.0,7,0,3,1,0.0,1.0,0.0,0.0,0,0,0,False,False,6066.0
100000000765628100,terminal,0.553,5,0.1349,"Принял 5 тыс ₸ от 1 плательщика и удержал 5 тыс ₸; обход на колене 2 не обрывался, значит отсутствие исходящих — поведение, а не артефакт.",2,False,1,0,5000.0,0.0,1,0,0.0,5000.0,0.00031542,0.0,0.0,2.48e-06,7,0,2,1,0.0,1.0,0.0,0.0,0,0,0,False,False,5000.0
100000008173359100,terminal,0.559,5,0.1349,"Принял 6 тыс ₸ от 1 плательщика и удержал 6 тыс ₸; обход на колене 1 не обрывался, значит отсутствие исходящих — поведение, а не артефакт.",1,False,1,0,6110.0,0.0,1,0,0.0,6110.0,0.00028623,0.0,0.0,0.00029524,7,1,1,1,0.0,1.0,0.0,0.0,0,0,0,False,False,6110.0
100000007382152100,terminal,0.557,0,0.1348,"Принял 6 тыс ₸ от 1 плательщика и удержал 6 тыс ₸; обход на колене 2 не обрывался, значит отсутствие исходящих — поведение, а не артефакт.",2,False,1,0,5860.0,0.0,1,0,0.0,5860.0,0.00028648,0.0,0.0,5.172e-05,7,0,2,1,0.0,1.0,0.0,0.0,0,0,0,False,False,5860.0
100000002391278100,peripheral,0.6,25,0.1347,"Вход: 1 плательщика (30 тыс ₸), выход: 1 получателя (53 тыс ₸) — ни один порог роли не пройден. Деньги возвращаются отправителю: 1 встречный счёт.",3,False,1,1,30000.0,52700.0,5,2,1.7567,0.0,0.00039132,0.0,1.263e-05,0.0,1,0,3,1,0.4497,1.0,1.0,4.0,1,2,1,False,False,82700.0
100000006573438100,terminal,0.553,38,0.1347,"Принял 5 тыс ₸ от 1 плательщика и удержал 5 тыс ₸; обход на колене 3 не обрывался, значит отсутствие исходящих — поведение, а не артефакт.",3,False,1,0,5000.0,0.0,1,0,0.0,5000.0,0.00029909,0.0,0.0,2.428e-05,7,0,3,1,0.0,1.0,0.0,0.0,0,0,0,False,False,5000.0
100000001317336100,peripheral,0.6,31,0.1346,"Вход: 1 плательщика (131 тыс ₸), выход: 2 получателей (1.8 млн ₸) — ни один порог роли не пройден. Отдаёт в 13× больше видимых входящих: источник вне выгрузки.",3,False,1,2,131196.0,1752000.0,1,3,13.3541,0.0,0.00034385,4.003e-05,0.0,4.747e-05,7,0,3,1,0.0,1.0,2.0,4.0,0,0,0,True,False,1883196.0
100000003986141100,terminal,0.554,15,0.1346,"Принял 5 тыс ₸ от 1 плательщика и удержал 5 тыс ₸; обход на колене 3 не обрывался, значит отсутствие исходящих — поведение, а не артефакт.",3,False,1,0,5286.32,0.0,1,0,0.0,5286.32,0.00028685,0.0,0.0,0.0004659,7,0,3,1,0.0,1.0,0.0,0.0,0,0,0,False,False,5286.32
100000008762832100,peripheral,0.6,2,0.1343,"Вход: 1 плательщика (150 тыс ₸), выход: 1 получателя (85 тыс ₸) — ни один порог роли не пройден. Деньги возвращаются отправителю: 1 встречный счёт.",2,False,1,1,150000.0,85000.0,1,4,0.5667,65000.0,0.00030815,0.0,0.0,6.212e-05,1,0,2,1,0.0,1.0,1.0,-2.0,1,2,1,False,False,235000.0
100000001740277100,peripheral,0.6,6,0.1341,"Вход: 1 плательщика (9 тыс ₸), выход: 1 получателя (5 тыс ₸) — ни один порог роли не пройден. Деньги возвращаются отправителю: 1 встречный счёт.",3,False,1,1,8700.0,5000.0,1,1,0.5747,3700.0,0.00036969,0.0,0.0,0.0,1,0,3,1,1.0,1.0,1.0,2.0,1,2,1,False,False,13700.0
100000008490127100,peripheral,0.6,4,0.134,"Вход: 1 плательщика (432 тыс ₸), выход: 6 получателей (923 тыс ₸) — ни один порог роли не пройден. Точка сочленения: изъятие разрывает связность сети.",3,False,1,6,431755.0,923000.0,2,9,2.1378,0.0,0.00029956,0.00011532,0.0,0.00294017,7,0,3,1,0.0,1.0,2.0,-10.0,0,0,0,True,False,1354755.0
100000000490383100,peripheral,0.6,5,0.1337,"Вход: 3 плательщиков (63 тыс ₸), выход: 8 получателей (461 тыс ₸) — ни один порог роли не пройден. Точка сочленения: изъятие разрывает связность сети.",2,False,3,8,62600.0,461375.0,3,9,7.3702,0.0,0.00054804,5.165e-05,0.00131333,2.81e-06,7,0,2,3,0.0108,1.0,2.0,22.0,0,0,0,True,False,523975.0
100000003582677100,peripheral,0.6,2,0.1337,"Вход: 2 плательщиков (30 тыс ₸), выход: 4 получателей (56 тыс ₸) — ни один порог роли не пройден. Входит в замкнутую цепочку из 6 узлов.",3,False,2,4,29756.99,56000.0,2,5,1.8819,0.0,0.00029329,0.00017888,0.00126254,0.00224723,7,0,3,4,0.0,1.0,3.0,10.0,31,6,0,False,False,85756.99
100000008418835100,terminal,0.836,16,0.1336,"Принял 1.4 млн ₸ от 1 плательщика и удержал 1.2 млн ₸; обход на колене 0 не обрывался, значит отсутствие исходящих — поведение, а не артефакт. Точка сочленения: изъятие разрывает связность сети.",0,True,1,4,1372000.0,186179.0,67,6,0.1357,1185821.0,0.00052859,0.00031664,0.00012848,0.0,1,1,0,2,0.0,1.0,1.0,30.0,0,0,0,True,False,1558179.0
100000001052945100,peripheral,0.6,58,0.1335,"Вход: 1 плательщика (57 тыс ₸), выход: 3 получателей (1.6 млн ₸) — ни один порог роли не пройден. Отдаёт в 28× больше видимых входящих: источник вне выгрузки.",3,False,1,3,56520.0,1595700.0,1,6,28.2325,0.0,0.00030154,5.766e-05,0.0,2.441e-05,7,0,3,2,0.0,1.0,2.0,24.0,0,0,0,True,False,1652220.0
100000003888271100,peripheral,0.6,42,0.1335,"Вход: 1 плательщика (12 тыс ₸), выход: 2 получателей (26 тыс ₸) — ни один порог роли не пройден. Деньги возвращаются отправителю: 1 встречный счёт. Точка сочленения: изъятие разрывает связность сети.",1,False,1,2,12177.0,25590.0,2,3,2.1015,0.0,0.00029139,4e-07,0.0,0.0,1,1,1,1,0.27,1.0,1.0,23.0,1,2,1,True,False,37767.0
100000008686247100,peripheral,0.6,24,0.1334,"Вход: 1 плательщика (22 тыс ₸), выход: 1 получателя (5 тыс ₸) — ни один порог роли не пройден. Деньги возвращаются отправителю: 1 встречный счёт.",3,False,1,1,22000.0,5000.0,2,1,0.2273,17000.0,0.00031367,0.0,0.0,0.0,1,0,3,1,0.0,1.0,1.0,12.0,1,2,1,False,False,27000.0
100000003154105100,peripheral,0.6,21,0.1333,"Вход: 1 плательщика (60 тыс ₸), выход: 7 получателей (338 тыс ₸) — ни один порог роли не пройден. Точка сочленения: изъятие разрывает связность сети.",3,False,1,7,60000.0,338000.0,1,9,5.6333,0.0,0.00055068,0.00014009,0.0,0.0,7,0,3,1,0.1627,1.0,2.0,19.0,0,0,0,True,False,398000.0
100000006656003100,peripheral,0.6,1,0.1331,"Вход: 1 плательщика (20 тыс ₸), выход: 1 получателя (9 тыс ₸) — ни один порог роли не пройден. Деньги возвращаются отправителю: 1 встречный счёт.",1,False,1,1,20000.0,9000.0,1,1,0.45,11000.0,0.00028977,0.0,0.0,0.0,1,1,1,1,1.0,1.0,1.0,0.0,1,2,1,False,False,29000.0
100000000922570100,transit,0.349,11,0.133,"Пропустил 106% полученного дальше: принял 47 тыс ₸ от 1 плательщика, отдал 50 тыс ₸ на 1 получателя. Признаки транзита. Точка сочленения: изъятие разрывает связность сети.",1,False,1,1,47101.0,50000.0,1,1,1.0615,0.0,0.00029339,2e-07,0.0,1.01e-05,1,1,1,1,0.0,1.0,1.0,-11.0,0,0,0,True,False,97101.0
100000005402643100,transit,0.337,7,0.1327,"Пропустил 70% полученного дальше: принял 128 тыс ₸ от 1 плательщика, отдал 90 тыс ₸ на 1 получателя. Признаки транзита. Точка сочленения: изъятие разрывает связность сети.",2,False,1,1,127800.0,90000.0,1,1,0.7042,37800.0,0.0002976,4e-07,0.0,5e-07,1,0,2,1,0.0,1.0,1.0,-7.0,0,0,0,True,False,217800.0
100000001236706100,peripheral,0.6,13,0.1325,"Вход: 3 плательщиков (143 тыс ₸), выход: 2 получателей (36 тыс ₸) — ни один порог роли не пройден. Точка сочленения: изъятие разрывает связность сети.",3,False,3,2,142700.0,36000.0,3,2,0.2523,106700.0,0.00076629,3.923e-05,0.0,0.00322522,7,0,3,2,0.0,2.0,1.0,19.0,0,0,0,True,False,178700.0
100000008258458100,peripheral,0.6,65,0.1324,"Вход: 1 плательщика (19 тыс ₸), выход: 2 получателей (1.6 млн ₸) — ни один порог роли не пройден. Отдаёт в 82× больше видимых входящих: источник вне выгрузки.",3,False,1,2,19000.0,1557988.0,1,4,81.9994,0.0,0.00029126,3.844e-05,0.0,5.257e-05,7,0,3,2,0.3643,1.0,1.0,0.0,0,0,0,True,False,1576988.0
100000003528285100,peripheral,0.6,2,0.1323,"Вход: 4 плательщиков (119 тыс ₸), выход: 4 получателей (548 тыс ₸) — ни один порог роли не пройден. Точка сочленения: изъятие разрывает связность сети.",3,False,4,4,118870.0,548000.0,5,6,4.6101,0.0,0.00040428,0.00011505,0.00064324,0.00472183,7,0,3,3,0.0,1.0,2.0,17.0,0,0,0,True,False,666870.0
100000002032323100,peripheral,0.6,10,0.1321,"Вход: 1 плательщика (300 тыс ₸), выход: 1 получателя (1.1 млн ₸) — ни один порог роли не пройден. Отдаёт в 4× больше видимых входящих: источник вне выгрузки.",3,False,1,1,300000.0,1050000.0,1,2,3.5,0.0,0.00040405,1.962e-05,0.0,5e-08,7,0,3,1,0.2857,1.0,1.0,0.0,0,0,0,True,False,1350000.0
100000003457710100,peripheral,0.6,4,0.1321,"Вход: 1 плательщика (327 тыс ₸), выход: 1 получателя (1.3 млн ₸) — ни один порог роли не пройден. Отдаёт в 4× больше видимых входящих: источник вне выгрузки.",3,False,1,1,326555.0,1306000.0,1,2,3.9993,0.0,0.00029615,1.922e-05,0.0,0.00294017,7,0,3,1,1.0,1.0,1.0,0.0,0,0,0,True,False,1632555.0
100000008625905100,peripheral,0.6,60,0.1321,"Вход: 1 плательщика (198 тыс ₸), выход: 2 получателей (635 тыс ₸) — ни один порог роли не пройден. Точка сочленения: изъятие разрывает связность сети.",3,False,1,2,197800.0,635000.0,1,2,3.2103,0.0,0.00054531,3.963e-05,0.0,0.0,7,0,3,1,0.0,1.0,2.0,-26.0,0,0,0,True,False,832800.0
100000002713074100,peripheral,0.6,15,0.1318,"Вход: 2 плательщиков (700 тыс ₸), выход: 1 получателя (430 тыс ₸) — ни один порог роли не пройден. Точка сочленения: изъятие разрывает связность сети.",3,False,2,1,700000.0,430000.0,2,2,0.6143,270000.0,0.00043361,1.922e-05,0.0,0.00069925,7,0,3,1,0.0,2.0,1.0,14.0,0,0,0,True,False,1130000.0
100000004420041100,peripheral,0.6,11,0.1318,"Вход: 1 плательщика (70 тыс ₸), выход: 7 получателей (652 тыс ₸) — ни один порог роли не пройден. Точка сочленения: изъятие разрывает связность сети.",3,False,1,7,69638.0,651830.0,1,11,9.3603,0.0,0.00029974,0.00015425,0.00012716,0.00160441,7,0,3,2,0.0,1.0,5.0,-10.0,0,0,0,True,False,721468.0
100000001073568100,peripheral,0.6,14,0.1315,"Вход: 1 плательщика (707 тыс ₸), выход: 2 получателей (220 тыс ₸) — ни один порог роли не пройден. Точка сочленения: изъятие разрывает связность сети.",3,False,1,2,707465.0,219503.0,4,3,0.3103,487962.0,0.00048554,1.922e-05,1.056e-05,2.441e-05,7,0,3,1,1.0,1.0,2.0,0.0,0,0,0,True,False,926968.0
100000003171587100,peripheral,0.6,4,0.1309,"Вход: 2 плательщиков (700 тыс ₸), выход: 2 получателей (431 тыс ₸) — ни один порог роли не пройден. Точка сочленения: изъятие разрывает связность сети.",3,False,2,2,700000.0,431300.0,2,7,0.6161,268700.0,0.00031602,3.884e-05,0.0,0.00301953,7,0,3,2,0.0,2.0,1.0,28.0,0,0,0,True,False,1131300.0
100000005634552100,peripheral,0.6,0,0.1308,"Вход: 1 плательщика (26 тыс ₸), выход: 3 получателей (1.2 млн ₸) — ни один порог роли не пройден. Отдаёт в 46× больше видимых входящих: источник вне выгрузки.",1,False,1,3,25850.0,1196000.0,1,4,46.2669,0.0,0.00028835,2.918e-05,0.00167908,0.00029524,7,1,1,2,0.0,1.0,1.0,-3.0,0,0,0,True,False,1221850.0
100000004739664100,transit,0.319,1,0.1305,"Пропустил 83% полученного дальше: принял 12 тыс ₸ от 1 плательщика, отдал 10 тыс ₸ на 1 получателя. Признаки транзита. Точка сочленения: изъятие разрывает связность сети.",1,False,1,1,12000.0,10000.0,1,1,0.8333,2000.0,0.00028809,1.39e-06,0.0,0.0,1,1,1,1,0.0,1.0,1.0,-21.0,0,0,0,True,False,22000.0
100000008722417100,peripheral,0.6,4,0.1305,"Вход: 1 плательщика (332 тыс ₸), выход: 3 получателей (720 тыс ₸) — ни один порог роли не пройден. Точка сочленения: изъятие разрывает связность сети.",3,False,1,3,331900.0,720000.0,1,6,2.1693,0.0,0.00029633,5.766e-05,0.0,0.00294017,7,0,3,1,0.3611,1.0,1.0,15.0,0,0,0,True,False,1051900.0
100000004077081100,peripheral,0.6,2,0.1302,"Вход: 1 плательщика (140 тыс ₸), выход: 4 получателей (615 тыс ₸) — ни один порог роли не пройден. Точка сочленения: изъятие разрывает связность сети.",3,False,1,4,140000.0,615000.0,1,6,4.3929,0.0,0.00029011,0.00011599,0.00123878,0.00294017,7,0,3,3,0.6829,1.0,2.0,2.0,0,0,0,True,False,755000.0
100000003622955100,peripheral,0.33,9,0.1301,"Вход: 1 плательщика (15 тыс ₸), выход: 0 получателей (0 тыс ₸) — ни один порог роли не пройден. Обход оборван на 4-м колене — исходящие могли не попасть в выгрузку.",4,False,1,0,15000.0,0.0,1,0,0.0,15000.0,0.00133426,0.0,0.0,0.0,11,0,4,1,0.0,1.0,0.0,0.0,0,0,0,False,True,15000.0
100000000640800100,peripheral,0.6,3,0.13,"Вход: 1 плательщика (80 тыс ₸), выход: 4 получателей (518 тыс ₸) — ни один порог роли не пройден. Точка сочленения: изъятие разрывает связность сети.",3,False,1,4,80000.0,518135.0,1,6,6.4767,0.0,0.00030324,0.00014517,1.7e-07,0.00013028,7,0,3,2,0.0311,1.0,2.0,20.0,0,0,0,True,False,598135.0
100000001222263100,peripheral,0.6,4,0.13,"Вход: 1 плательщика (746 тыс ₸), выход: 1 получателя (420 тыс ₸) — ни один порог роли не пройден. Точка сочленения: изъятие разрывает связность сети.",3,False,1,1,745570.0,420000.0,1,5,0.5633,325570.0,0.00030973,1.922e-05,0.0,0.00294017,7,0,3,1,0.7143,1.0,1.0,0.0,0,0,0,True,False,1165570.0
100000000413678100,peripheral,0.6,3,0.1299,"Вход: 2 плательщиков (306 тыс ₸), выход: 3 получателей (528 тыс ₸) — ни один порог роли не пройден. Точка сочленения: изъятие разрывает связность сети.",3,False,2,3,306500.0,528198.0,2,18,1.7233,0.0,0.0003007,5.766e-05,0.0,0.00305383,7,0,3,2,0.1477,2.0,2.0,12.0,0,0,0,True,False,834698.0
100000008232832100,peripheral,0.6,10,0.1296,"Вход: 1 плательщика (337 тыс ₸), выход: 1 получателя (138 тыс ₸) — ни один порог роли не пройден.",1,False,1,1,337000.0,138000.0,2,1,0.4095,199000.0,0.00049423,0.0,1.232e-05,1e-06,10,1,1,1,0.0,1.0,1.0,-7.0,0,0,0,False,False,475000.0
100000005610717100,peripheral,0.6,0,0.1294,"Вход: 4 плательщиков (484 тыс ₸), выход: 1 получателя (265 тыс ₸) — ни один порог роли не пройден. Точка сочленения: изъятие разрывает связность сети.",3,False,4,1,484500.0,265200.0,6,7,0.5474,219300.0,0.00034454,1.922e-05,0.0,0.0081158,7,0,3,2,0.0,1.0,1.0,17.0,0,0,0,True,False,749700.0
100000006562026100,terminal,0.758,49,0.1294,"Принял 75 тыс ₸ от 2 плательщиков и удержал 75 тыс ₸; обход на колене 1 не обрывался, значит отсутствие исходящих — поведение, а не артефакт. Точка сочленения: изъятие разрывает связность сети.",1,False,2,0,75000.0,0.0,6,0,0.0,75000.0,0.00068536,0.0,0.0,0.0,2,2,1,1,0.0,1.0,0.0,0.0,0,0,0,True,False,75000.0
100000000723383100,peripheral,0.6,21,0.1293,"Вход: 1 плательщика (7 тыс ₸), выход: 2 получателей (75 тыс ₸) — ни один порог роли не пройден. Точка сочленения: изъятие разрывает связность сети.",2,False,1,2,6800.0,75000.0,1,2,11.0294,0.0,0.00038932,0.00023897,0.0,1.4e-07,7,0,2,2,0.0,1.0,2.0,-5.0,0,0,0,True,False,81800.0
100000004183610100,peripheral,0.6,13,0.1293,"Вход: 1 плательщика (22 тыс ₸), выход: 1 получателя (915 тыс ₸) — ни один порог роли не пройден. Точка сочленения: изъятие разрывает связность сети.",3,False,1,1,22000.0,915000.0,1,3,41.5909,0.0,0.00034076,1.962e-05,0.0,4e-08,7,0,3,1,0.0164,1.0,1.0,2.0,0,0,0,True,False,937000.0
100000002933386100,peripheral,0.6,2,0.1292,"Вход: 1 плательщика (15 тыс ₸), выход: 1 получателя (58 тыс ₸) — ни один порог роли не пройден. Точка сочленения: изъятие разрывает связность сети.",3,False,1,1,15000.0,58000.0,1,1,3.8667,0.0,0.00065278,2.001e-05,0.0,0.0,7,0,3,1,0.0,1.0,1.0,-14.0,0,0,0,True,False,73000.0
100000006788200100,peripheral,0.6,6,0.1292,"Вход: 4 плательщиков (272 тыс ₸), выход: 3 получателей (64 тыс ₸) — ни один порог роли не пройден. Точка сочленения: изъятие разрывает связность сети.",1,False,4,3,272155.8,64500.0,4,4,0.237,207655.8,0.00033716,9.689e-05,1.262e-05,0.00471214,7,1,1,3,0.0,1.0,1.0,11.0,0,0,0,True,False,336655.8
100000006232815100,peripheral,0.6,29,0.129,"Вход: 1 плательщика (160 тыс ₸), выход: 5 получателей (296 тыс ₸) — ни один порог роли не пройден. Деньги возвращаются отправителю: 1 встречный счёт.",0,True,1,5,160000.0,296500.0,2,5,1.8531,0.0,0.00055665,2.77e-06,0.0,0.0,0,0,0,1,0.0,1.0,2.0,5.0,1,2,1,True,False,456500.0
100000001427082100,peripheral,0.6,21,0.1289,"Вход: 1 плательщика (5 тыс ₸), выход: 5 получателей (125 тыс ₸) — ни один порог роли не пройден. Точка сочленения: изъятие разрывает связность сети.",3,False,1,5,5000.0,124900.0,1,6,24.98,0.0,0.00043925,7.847e-05,0.0,0.0,7,0,3,2,0.0,1.0,1.0,5.0,0,0,0,True,False,129900.0
100000002901457100,peripheral,0.6,0,0.1289,"Вход: 1 плательщика (340 тыс ₸), выход: 3 получателей (119 тыс ₸) — ни один порог роли не пройден. Точка сочленения: изъятие разрывает связность сети.",3,False,1,3,340000.0,119000.0,1,3,0.35,221000.0,0.00037427,7.569e-05,2.708e-05,0.00113791,7,0,3,2,0.0,1.0,1.0,16.0,0,0,0,True,False,459000.0
100000004368189100,terminal,0.807,12,0.1289,"Принял 385 тыс ₸ от 1 плательщика и удержал 356 тыс ₸; обход на колене 3 не обрывался, значит отсутствие исходящих — поведение, а не артефакт. Точка сочленения: изъятие разрывает связность сети.",3,False,1,2,384600.0,28200.0,1,2,0.0733,356400.0,0.00030389,2.77e-06,0.0,3.8e-07,2,0,3,1,0.7695,1.0,1.0,1.0,0,0,0,True,False,412800.0
100000008531133100,peripheral,0.6,5,0.1289,"Вход: 1 плательщика (25 тыс ₸), выход: 3 получателей (158 тыс ₸) — ни один порог роли не пройден. Точка сочленения: изъятие разрывает связность сети.",2,False,1,3,25000.0,158271.68,1,3,6.3309,0.0,0.00053275,2.335e-05,0.00090512,0.0,7,0,2,2,0.2007,1.0,1.0,0.0,0,0,0,True,False,183271.68
100000007864477100,peripheral,0.6,0,0.1285,"Вход: 2 плательщиков (76 тыс ₸), выход: 6 получателей (204 тыс ₸) — ни один порог роли не пройден. Точка сочленения: изъятие разрывает связность сети.",3,False,2,6,76000.0,203500.0,2,10,2.6776,0.0,0.00030477,7.542e-05,0.00111085,0.00137125,7,0,3,4,0.371,1.0,2.0,10.0,0,0,0,True,False,279500.0
100000005815602100,peripheral,0.6,5,0.1284,"Вход: 1 плательщика (20 тыс ₸), выход: 1 получателя (165 тыс ₸) — ни один порог роли не пройден. Точка сочленения: изъятие разрывает связность сети.",3,False,1,1,20000.0,165000.0,1,1,8.25,0.0,0.00055217,1.942e-05,0.0,0.0,7,0,3,1,0.0,1.0,1.0,19.0,0,0,0,True,False,185000.0
100000005357705100,peripheral,0.6,3,0.1281,"Вход: 1 плательщика (53 тыс ₸), выход: 4 получателей (387 тыс ₸) — ни один порог роли не пройден. Точка сочленения: изъятие разрывает связность сети.",3,False,1,4,52595.0,387080.0,1,5,7.3596,0.0,0.00029627,7.688e-05,0.0,0.00160441,7,0,3,1,0.2725,1.0,1.0,0.0,0,0,0,True,False,439675.0
100000008739887100,peripheral,0.6,3,0.1281,"Вход: 2 плательщиков (214 тыс ₸), выход: 2 получателей (307 тыс ₸) — ни один порог роли не пройден. Точка сочленения: изъятие разрывает связность сети.",3,False,2,2,214000.0,307000.0,3,2,1.4346,0.0,0.0003333,3.844e-05,0.0,0.00274232,7,0,3,2,0.0,1.0,1.0,7.0,0,0,0,True,False,521000.0
100000004500444100,peripheral,0.6,14,0.1279,"Вход: 2 плательщиков (180 тыс ₸), выход: 1 получателя (74 тыс ₸) — ни один порог роли не пройден. Точка сочленения: изъятие разрывает связность сети.",3,False,2,1,180000.0,74000.0,7,5,0.4111,106000.0,0.00046439,1.942e-05,0.0,2.461e-05,7,0,3,1,0.0,1.0,1.0,22.0,0,0,0,True,False,254000.0
100000004971871100,peripheral,0.6,57,0.1279,"Вход: 1 плательщика (25 тыс ₸), выход: 1 получателя (6 тыс ₸) — ни один порог роли не пройден. Деньги возвращаются отправителю: 1 встречный счёт.",0,True,1,1,25400.0,5650.0,3,1,0.2224,19750.0,0.00074303,0.0,0.0,0.0,0,0,0,1,0.0,1.0,1.0,3.0,1,2,1,False,False,31050.0
100000000583220100,peripheral,0.6,71,0.1278,"Вход: 1 плательщика (5 тыс ₸), выход: 1 получателя (761 тыс ₸) — ни один порог роли не пройден. Точка сочленения: изъятие разрывает связность сети.",3,False,1,1,5000.0,761255.0,1,4,152.251,0.0,0.00029811,1.962e-05,0.0,4e-08,7,0,3,2,0.0525,1.0,1.0,2.0,0,0,0,True,False,766255.0
100000003321895100,peripheral,0.6,66,0.1278,"Вход: 1 плательщика (24 тыс ₸), выход: 2 получателей (554 тыс ₸) — ни один порог роли не пройден. Точка сочленения: изъятие разрывает связность сети.",3,False,1,2,24000.0,553830.0,1,3,23.0763,0.0,0.00031126,3.963e-05,0.0,1.012e-05,7,0,3,2,0.0,1.0,1.0,14.0,0,0,0,True,False,577830.0
100000004450649100,peripheral,0.6,4,0.1278,"Вход: 2 плательщиков (193 тыс ₸), выход: 2 получателей (47 тыс ₸) — ни один порог роли не пройден. Точка сочленения: изъятие разрывает связность сети.",3,False,2,2,192528.0,46527.0,2,2,0.2417,146001.0,0.00029896,0.00013875,0.00058078,0.00302465,7,0,3,3,0.0,1.0,1.0,4.0,0,0,0,True,False,239055.0
100000003823811100,peripheral,0.6,20,0.1276,"Вход: 1 плательщика (30 тыс ₸), выход: 3 получателей (66 тыс ₸) — ни один порог роли не пройден. Точка сочленения: изъятие разрывает связность сети.",2,False,1,3,30000.0,66130.0,1,3,2.2043,0.0,0.00035698,0.00012452,1.549e-05,1.88e-06,7,0,2,2,0.0,1.0,1.0,-9.0,0,0,0,True,False,96130.0
100000001066017100,peripheral,0.6,0,0.1275,"Вход: 2 плательщиков (136 тыс ₸), выход: 4 получателей (82 тыс ₸) — ни один порог роли не пройден. Точка сочленения: изъятие разрывает связность сети.",3,False,2,4,136123.0,82500.0,3,4,0.6061,53623.0,0.00030124,7.688e-05,0.0,0.00404369,7,0,3,1,0.0,1.0,1.0,23.0,0,0,0,True,False,218623.0
100000002481974100,peripheral,0.6,3,0.1275,"Вход: 2 плательщиков (89 тыс ₸), выход: 2 получателей (318 тыс ₸) — ни один порог роли не пройден. Точка сочленения: изъятие разрывает связность сети.",3,False,2,2,89447.0,318000.0,2,4,3.5552,0.0,0.00033167,3.884e-05,0.0,0.00015098,7,0,3,2,0.0,1.0,2.0,16.0,0,0,0,True,False,407447.0
100000008343874100,peripheral,0.6,3,0.1275,"Вход: 2 плательщиков (284 тыс ₸), выход: 2 получателей (176 тыс ₸) — ни один порог роли не пройден. Точка сочленения: изъятие разрывает связность сети.",3,False,2,2,283535.0,176400.0,2,5,0.6221,107135.0,0.00030765,3.884e-05,0.0,0.0012113,7,0,3,2,0.5669,1.0,1.0,19.0,0,0,0,True,False,459935.0
100000002513028100,peripheral,0.6,59,0.1272,"Вход: 1 плательщика (10 тыс ₸), выход: 3 получателей (333 тыс ₸) — ни один порог роли не пройден. Точка сочленения: изъятие разрывает связность сети.",3,False,1,3,9500.0,332709.0,1,24,35.022,0.0,0.0003056,6.063e-05,0.0,2.389e-05,7,0,3,2,0.0,1.0,2.0,-2.0,0,0,0,True,False,342209.0
100000003159641100,peripheral,0.6,60,0.1271,"Вход: 4 плательщиков (64 тыс ₸), выход: 1 получателя (198 тыс ₸) — ни один порог роли не пройден. Точка сочленения: изъятие разрывает связность сети.",2,False,4,1,64000.0,197800.0,7,1,3.0906,0.0,0.00030522,5.885e-05,0.0,0.00142543,7,0,2,5,0.0,1.0,1.0,10.0,0,0,0,True,False,261800.0
100000006994985100,peripheral,0.6,6,0.1271,"Вход: 1 плательщика (48 тыс ₸), выход: 1 получателя (10 тыс ₸) — ни один порог роли не пройден. Точка сочленения: изъятие разрывает связность сети.",2,False,1,1,48500.0,10200.0,2,2,0.2103,38300.0,0.00050133,1.962e-05,0.0,2.4e-07,7,0,2,1,0.5098,1.0,1.0,4.0,0,0,0,True,False,58700.0
100000008647905100,peripheral,0.6,17,0.1271,"Вход: 1 плательщика (50 тыс ₸), выход: 2 получателей (344 тыс ₸) — ни один порог роли не пройден. Точка сочленения: изъятие разрывает связность сети.",2,False,1,2,50000.0,344222.0,1,2,6.8844,0.0,0.00032871,3.844e-05,0.0,0.0,7,0,2,1,0.6705,1.0,1.0,6.0,0,0,0,True,False,394222.0
100000003105929100,peripheral,0.6,4,0.127,"Вход: 1 плательщика (430 тыс ₸), выход: 1 получателя (156 тыс ₸) — ни один порог роли не пройден. Точка сочленения: изъятие разрывает связность сети.",3,False,1,1,429567.0,156354.0,2,1,0.364,273213.0,0.00029949,1.922e-05,0.0,0.00294017,7,0,3,1,0.0,1.0,1.0,-4.0,0,0,0,True,False,585921.0
100000005264990100,peripheral,0.6,20,0.1269,"Вход: 1 плательщика (17 тыс ₸), выход: 2 получателей (122 тыс ₸) — ни один порог роли не пройден. Точка сочленения: изъятие разрывает связность сети.",0,True,1,2,17070.0,122000.0,1,2,7.147,0.0,0.000364,7.765e-05,4.6e-07,2.9e-07,7,0,0,1,0.0,1.0,1.0,4.0,0,0,0,True,False,139070.0
100000002185328100,peripheral,0.6,21,0.1268,"Вход: 1 плательщика (15 тыс ₸), выход: 4 получателей (55 тыс ₸) — ни один порог роли не пройден. Точка сочленения: изъятие разрывает связность сети.",3,False,1,4,15000.0,55000.0,1,4,3.6667,0.0,0.00035185,6.162e-05,0.0,0.0,7,0,3,1,0.0,1.0,1.0,24.0,0,0,0,True,False,70000.0
100000000288317100,peripheral,0.6,3,0.1267,"Вход: 2 плательщиков (100 тыс ₸), выход: 3 получателей (54 тыс ₸) — ни один порог роли не пройден. Точка сочленения: изъятие разрывает связность сети.",3,False,2,3,100000.0,53500.0,2,3,0.535,46500.0,0.00031283,5.826e-05,0.0,0.00176547,7,0,3,2,0.3084,1.0,1.0,5.0,0,0,0,True,False,153500.0
100000008655779100,peripheral,0.6,28,0.1267,"Вход: 1 плательщика (47 тыс ₸), выход: 2 получателей (25 тыс ₸) — ни один порог роли не пройден. Точка сочленения: изъятие разрывает связность сети.",3,False,1,2,47000.0,24704.0,1,2,0.5256,22296.0,0.00039705,5.921e-05,0.0,0.0,7,0,3,1,0.0,1.0,1.0,24.0,0,0,0,True,False,71704.0
100000008620570100,peripheral,0.6,3,0.1265,"Вход: 2 плательщиков (145 тыс ₸), выход: 2 получателей (32 тыс ₸) — ни один порог роли не пройден. Точка сочленения: изъятие разрывает связность сети.",3,False,2,2,145000.0,31800.0,2,2,0.2193,113200.0,0.00034854,3.308e-05,3.4e-06,0.00038106,7,0,3,3,0.3145,1.0,1.0,0.0,0,0,0,True,False,176800.0
100000001363952100,peripheral,0.6,3,0.126,"Вход: 2 плательщиков (197 тыс ₸), выход: 1 получателя (91 тыс ₸) — ни один порог роли не пройден. Точка сочленения: изъятие разрывает связность сети.",1,False,2,1,196655.0,91000.0,2,2,0.4627,105655.0,0.0003071,1.922e-05,0.0,0.00226534,7,1,1,2,0.1099,1.0,1.0,0.0,0,0,0,True,False,287655.0
100000004580202100,peripheral,0.6,22,0.126,"Вход: 1 плательщика (9 тыс ₸), выход: 3 получателей (45 тыс ₸) — ни один порог роли не пройден. Точка сочленения: изъятие разрывает связность сети.",2,False,1,3,9000.0,45000.0,1,4,5.0,0.0,0.00032162,5.944e-05,0.0,5e-08,7,0,2,1,0.1111,1.0,2.0,5.0,0,0,0,True,False,54000.0
100000003215448100,peripheral,0.6,3,0.1259,"Вход: 1 плательщика (91 тыс ₸), выход: 2 получателей (124 тыс ₸) — ни один порог роли не пройден. Точка сочленения: изъятие разрывает связность сети.",3,False,1,2,91309.0,124000.0,1,4,1.358,0.0,0.00030415,3.844e-05,0.0,0.00160441,7,0,3,1,0.0645,1.0,2.0,1.0,0,0,0,True,False,215309.0
100000004071444100,peripheral,0.6,0,0.1259,"Вход: 1 плательщика (247 тыс ₸), выход: 1 получателя (100 тыс ₸) — ни один порог роли не пройден. Точка сочленения: изъятие разрывает связность сети.",3,False,1,1,247350.0,100000.0,1,1,0.4043,147350.0,0.0003075,1.922e-05,0.0,0.00113194,7,0,3,1,0.0,1.0,1.0,-1.0,0,0,0,True,False,347350.0
100000004877085100,peripheral,0.6,13,0.1259,"Вход: 1 плательщика (25 тыс ₸), выход: 3 получателей (96 тыс ₸) — ни один порог роли не пройден. Точка сочленения: изъятие разрывает связность сети.",3,False,1,3,25000.0,95600.0,1,9,3.824,0.0,0.00029482,5.766e-05,0.0,0.00025946,7,0,3,1,0.7071,1.0,3.0,20.0,0,0,0,True,False,120600.0
100000005375968100,peripheral,0.6,0,0.1259,"Вход: 1 плательщика (170 тыс ₸), выход: 2 получателей (86 тыс ₸) — ни один порог роли не пройден. Точка сочленения: изъятие разрывает связность сети.",3,False,1,2,170082.0,86000.0,1,4,0.5056,84082.0,0.00029515,3.844e-05,0.0,0.00290578,7,0,3,1,0.3488,1.0,1.0,2.0,0,0,0,True,False,256082.0
100000008583360100,peripheral,0.6,8,0.1259,"Вход: 1 плательщика (113 тыс ₸), выход: 1 получателя (170 тыс ₸) — ни один порог роли не пройден. Точка сочленения: изъятие разрывает связность сети.",3,False,1,1,112843.0,170000.0,1,1,1.5065,0.0,0.00032761,1.922e-05,0.0,6.4e-07,7,0,3,1,0.0,1.0,1.0,5.0,0,0,0,True,False,282843.0
100000001063678100,peripheral,0.6,22,0.1258,"Вход: 1 плательщика (35 тыс ₸), выход: 2 получателей (90 тыс ₸) — ни один порог роли не пройден. Точка сочленения: изъятие разрывает связность сети.",3,False,1,2,35000.0,90000.0,1,2,2.5714,0.0,0.00032775,3.963e-05,0.0,3.17e-06,7,0,3,1,0.2222,1.0,1.0,12.0,0,0,0,True,False,125000.0
100000001637376100,peripheral,0.6,4,0.1257,"Вход: 1 плательщика (117 тыс ₸), выход: 1 получателя (234 тыс ₸) — ни один порог роли не пройден. Точка сочленения: изъятие разрывает связность сети.",3,False,1,1,116700.0,234250.0,1,2,2.0073,0.0,0.00028935,1.922e-05,0.0,0.00294017,7,0,3,1,0.4952,1.0,1.0,0.0,0,0,0,True,False,350950.0
100000003068941100,peripheral,0.6,0,0.1257,"Вход: 3 плательщиков (94 тыс ₸), выход: 1 получателя (25 тыс ₸) — ни один порог роли не пройден. Точка сочленения: изъятие разрывает связность сети.",2,False,3,1,94000.0,25000.0,3,2,0.266,69000.0,0.00032017,1.981e-05,0.0,0.00304145,7,0,2,3,0.0,1.0,1.0,6.0,0,0,0,True,False,119000.0
100000004921657100,peripheral,0.6,2,0.1256,"Вход: 1 плательщика (8 тыс ₸), выход: 1 получателя (22 тыс ₸) — ни один порог роли не пройден.",3,False,1,1,8300.0,22190.0,1,1,2.6735,0.0,0.0003613,0.0,0.0,0.0,10,0,3,1,1.0,1.0,1.0,0.0,0,0,0,False,False,30490.0
100000005481280100,peripheral,0.6,16,0.1255,"Вход: 1 плательщика (33 тыс ₸), выход: 3 получателей (50 тыс ₸) — ни один порог роли не пройден. Точка сочленения: изъятие разрывает связность сети.",2,False,1,3,32700.0,50000.0,1,3,1.5291,0.0,0.00029597,4.366e-05,0.0,3.568e-05,7,0,2,2,0.34,1.0,1.0,1.0,0,0,0,True,False,82700.0
100000000507799100,peripheral,0.6,40,0.1254,"Вход: 1 плательщика (5 тыс ₸), выход: 1 получателя (8 тыс ₸) — ни один порог роли не пройден. Точка сочленения: изъятие разрывает связность сети.",1,False,1,1,5132.0,8000.0,1,1,1.5588,0.0,0.00028612,0.00011532,0.0,0.00029524,7,1,1,2,0.0,1.0,1.0,3.0,0,0,0,True,False,13132.0
100000005198906100,peripheral,0.6,4,0.1254,"Вход: 1 плательщика (228 тыс ₸), выход: 1 получателя (60 тыс ₸) — ни один порог роли не пройден. Точка сочленения: изъятие разрывает связность сети.",3,False,1,1,227970.0,60000.0,1,1,0.2632,167970.0,0.00029296,1.922e-05,0.0,0.00294017,7,0,3,1,0.0,1.0,1.0,-14.0,0,0,0,True,False,287970.0
100000005308954100,peripheral,0.6,5,0.1254,"Вход: 1 плательщика (69 тыс ₸), выход: 1 получателя (30 тыс ₸) — ни один порог роли не пройден. Точка сочленения: изъятие разрывает связность сети.",3,False,1,1,69020.0,30000.0,1,1,0.4347,39020.0,0.00035945,1.981e-05,0.0,1.012e-05,7,0,3,1,0.0,1.0,1.0,5.0,0,0,0,True,False,99020.0
100000002214301100,peripheral,0.6,0,0.1253,"Вход: 1 плательщика (21 тыс ₸), выход: 1 получателя (8 тыс ₸) — ни один порог роли не пройден. Точка сочленения: изъятие разрывает связность сети.",1,False,1,1,21438.0,8000.0,1,1,0.3732,13438.0,0.00028959,9.61e-05,0.0,0.00215168,7,1,1,2,0.0,1.0,1.0,19.0,0,0,0,True,False,29438.0
100000003221510100,peripheral,0.6,0,0.1253,"Вход: 1 плательщика (24 тыс ₸), выход: 2 получателей (120 тыс ₸) — ни один порог роли не пройден. Точка сочленения: изъятие разрывает связность сети.",3,False,1,2,24000.0,120000.0,1,3,5.0,0.0,0.00028692,3.844e-05,0.0,0.00290578,7,0,3,1,0.0,1.0,1.0,-1.0,0,0,0,True,False,144000.0
100000004285800100,peripheral,0.6,0,0.1253,"Вход: 1 плательщика (5 тыс ₸), выход: 1 получателя (15 тыс ₸) — ни один порог роли не пройден.",2,False,1,1,5000.0,15000.0,1,1,3.0,0.0,0.00034422,0.0,0.0,0.0,10,0,2,1,0.0,1.0,1.0,-13.0,0,0,0,False,False,20000.0
100000001954534100,peripheral,0.6,0,0.1252,"Вход: 1 плательщика (13 тыс ₸), выход: 1 получателя (40 тыс ₸) — ни один порог роли не пройден. Точка сочленения: изъятие разрывает связность сети.",3,False,1,1,13000.0,40000.0,1,1,3.0769,0.0,0.00036595,1.962e-05,0.0,8.275e-05,7,0,3,1,0.0,1.0,1.0,21.0,0,0,0,True,False,53000.0
100000002970466100,peripheral,0.6,0,0.1252,"Вход: 1 плательщика (23 тыс ₸), выход: 2 получателей (93 тыс ₸) — ни один порог роли не пройден. Точка сочленения: изъятие разрывает связность сети.",3,False,1,2,23317.0,93000.0,1,3,3.9885,0.0,0.00028688,3.844e-05,0.0,0.00290578,7,0,3,1,0.4301,1.0,1.0,7.0,0,0,0,True,False,116317.0
100000003843844100,peripheral,0.6,13,0.1252,"Вход: 1 плательщика (17 тыс ₸), выход: 1 получателя (238 тыс ₸) — ни один порог роли не пройден. Точка сочленения: изъятие разрывает связность сети.",3,False,1,1,16680.0,238000.0,1,1,14.2686,0.0,0.00029174,1.922e-05,0.0,0.00025946,7,0,3,1,0.0,1.0,1.0,9.0,0,0,0,True,False,254680.0
100000005958064100,peripheral,0.6,14,0.1252,"Вход: 1 плательщика (6 тыс ₸), выход: 2 получателей (164 тыс ₸) — ни один порог роли не пройден. Точка сочленения: изъятие разрывает связность сети.",1,False,1,2,5746.0,163986.84,1,3,28.5393,0.0,0.00028619,2.513e-05,3e-08,0.00029524,7,1,1,2,0.0,1.0,2.0,26.0,0,0,0,True,False,169732.84
100000000254336100,peripheral,0.6,0,0.1251,"Вход: 2 плательщиков (97 тыс ₸), выход: 1 получателя (60 тыс ₸) — ни один порог роли не пройден. Точка сочленения: изъятие разрывает связность сети.",3,False,2,1,97177.0,60000.0,2,1,0.6174,37177.0,0.00029194,1.922e-05,0.0,0.00403772,7,0,3,1,1.0,1.0,1.0,1.0,0,0,0,True,False,157177.0
100000005053653100,peripheral,0.6,13,0.1251,"Вход: 2 плательщиков (63 тыс ₸), выход: 1 получателя (25 тыс ₸) — ни один порог роли не пройден. Точка сочленения: изъятие разрывает связность сети.",2,False,2,1,63073.0,25000.0,2,1,0.3964,38073.0,0.0003136,1.922e-05,0.0,0.00041894,7,0,2,2,0.0,1.0,1.0,-2.0,0,0,0,True,False,88073.0
100000003001564100,peripheral,0.6,5,0.125,"Вход: 1 плательщика (24 тыс ₸), выход: 1 получателя (180 тыс ₸) — ни один порог роли не пройден. Точка сочленения: изъятие разрывает связность сети.",1,False,1,1,23520.0,180000.0,1,1,7.6531,0.0,0.0002881,1.922e-05,0.0,0.00029524,7,1,1,1,0.0,1.0,1.0,5.0,0,0,0,True,False,203520.0
100000005572303100,peripheral,0.6,5,0.125,"Вход: 1 плательщика (75 тыс ₸), выход: 1 получателя (20 тыс ₸) — ни один порог роли не пройден. Точка сочленения: изъятие разрывает связность сети.",2,False,1,1,75000.0,20000.0,1,1,0.2667,55000.0,0.00031328,3.844e-05,0.0,2.6e-06,7,0,2,1,0.0,1.0,1.0,-5.0,0,0,0,True,False,95000.0
100000005367284100,peripheral,0.6,0,0.1249,"Вход: 1 плательщика (14 тыс ₸), выход: 2 получателей (48 тыс ₸) — ни один порог роли не пройден. Точка сочленения: изъятие разрывает связность сети.",3,False,1,2,13700.0,48300.0,1,5,3.5255,0.0,0.00028914,3.844e-05,0.0,0.00113791,7,0,3,1,0.2836,1.0,1.0,8.0,0,0,0,True,False,62000.0
100000004975919100,peripheral,0.6,3,0.1248,"Вход: 1 плательщика (22 тыс ₸), выход: 2 получателей (15 тыс ₸) — ни один порог роли не пройден. Точка сочленения: изъятие разрывает связность сети.",3,False,1,2,22351.0,15000.0,1,2,0.6711,7351.0,0.00029012,3.844e-05,0.0,0.00160441,7,0,3,1,0.0,1.0,1.0,-12.0,0,0,0,True,False,37351.0
100000008106997100,peripheral,0.6,0,0.1248,"Вход: 2 плательщиков (36 тыс ₸), выход: 1 получателя (21 тыс ₸) — ни один порог роли не пройден. Точка сочленения: изъятие разрывает связность сети.",2,False,2,1,35600.0,20600.0,2,1,0.5787,15000.0,0.00030537,1.922e-05,0.0,0.00021258,7,0,2,2,1.0,1.0,1.0,0.0,0,0,0,True,False,56200.0
100000008665380100,peripheral,0.6,0,0.1248,"Вход: 2 плательщиков (69 тыс ₸), выход: 1 получателя (18 тыс ₸) — ни один порог роли не пройден. Точка сочленения: изъятие разрывает связность сети.",1,False,2,1,69100.0,18200.0,2,1,0.2634,50900.0,0.00029077,1.922e-05,0.0,0.00505746,7,1,1,1,1.0,1.0,1.0,1.0,0,0,0,True,False,87300.0
100000001703168100,peripheral,0.6,2,0.1247,"Вход: 1 плательщика (45 тыс ₸), выход: 1 получателя (90 тыс ₸) — ни один порог роли не пройден. Точка сочленения: изъятие разрывает связность сети.",2,False,1,1,45000.0,90000.0,1,1,2.0,0.0,0.00029266,1.922e-05,0.0,0.00014217,7,0,2,1,1.0,1.0,1.0,2.0,0,0,0,True,False,135000.0
100000008720856100,peripheral,0.6,4,0.1247,"Вход: 1 плательщика (18 тыс ₸), выход: 1 получателя (46 тыс ₸) — ни один порог роли не пройден. Точка сочленения: изъятие разрывает связность сети.",3,False,1,1,18105.0,46000.0,1,2,2.5407,0.0,0.00031933,1.962e-05,0.0,0.00010694,7,0,3,1,0.0,1.0,1.0,-3.0,0,0,0,True,False,64105.0
100000008193258100,peripheral,0.6,15,0.1246,"Вход: 1 плательщика (75 тыс ₸), выход: 1 получателя (30 тыс ₸) — ни один порог роли не пройден. Точка сочленения: изъятие разрывает связность сети.",3,False,1,1,75000.0,30000.0,2,1,0.4,45000.0,0.00029737,1.922e-05,0.0,0.00023334,7,0,3,1,0.0,1.0,1.0,13.0,0,0,0,True,False,105000.0
100000000860514100,peripheral,0.6,26,0.1245,"Вход: 1 плательщика (12 тыс ₸), выход: 1 получателя (50 тыс ₸) — ни один порог роли не пройден. Точка сочленения: изъятие разрывает связность сети.",3,False,1,1,12000.0,50000.0,1,1,4.1667,0.0,0.00030629,2.001e-05,0.0,2.5e-06,7,0,3,1,0.0,1.0,1.0,11.0,0,0,0,True,False,62000.0
100000002611334100,peripheral,0.6,0,0.1245,"Вход: 1 плательщика (48 тыс ₸), выход: 1 получателя (16 тыс ₸) — ни один порог роли не пройден. Точка сочленения: изъятие разрывает связность сети.",3,False,1,1,48288.0,15500.0,1,1,0.321,32788.0,0.00030534,1.922e-05,0.0,0.00064282,7,0,3,1,0.0,1.0,1.0,27.0,0,0,0,True,False,63788.0
100000008579978100,peripheral,0.6,4,0.1245,"Вход: 1 плательщика (34 тыс ₸), выход: 1 получателя (77 тыс ₸) — ни один порог роли не пройден. Точка сочленения: изъятие разрывает связность сети.",3,False,1,1,34000.0,77000.0,1,6,2.2647,0.0,0.00028667,1.922e-05,0.0,0.00294017,7,0,3,1,0.3506,1.0,1.0,1.0,0,0,0,True,False,111000.0
100000002831727100,peripheral,0.6,17,0.1244,"Вход: 1 плательщика (6 тыс ₸), выход: 1 получателя (77 тыс ₸) — ни один порог роли не пройден. Точка сочленения: изъятие разрывает связность сети.",2,False,1,1,6000.0,77000.0,1,3,12.8333,0.0,0.00029075,1.922e-05,0.0,0.0,7,0,2,1,0.1299,1.0,1.0,21.0,0,0,0,True,False,83000.0
100000008757369100,peripheral,0.6,0,0.1244,"Вход: 1 плательщика (26 тыс ₸), выход: 1 получателя (58 тыс ₸) — ни один порог роли не пройден. Точка сочленения: изъятие разрывает связность сети.",3,False,1,1,25961.0,58398.0,1,3,2.2495,0.0,0.00028787,1.922e-05,0.0,0.00113194,7,0,3,1,0.899,1.0,1.0,1.0,0,0,0,True,False,84359.0
100000002373144100,peripheral,0.6,0,0.1243,"Вход: 1 плательщика (46 тыс ₸), выход: 1 получателя (11 тыс ₸) — ни один порог роли не пройден. Точка сочленения: изъятие разрывает связность сети.",3,False,1,1,46468.0,10764.0,1,1,0.2316,35704.0,0.00028969,1.922e-05,0.0,0.00113194,7,0,3,1,0.0,1.0,1.0,5.0,0,0,0,True,False,57232.0
100000002606567100,peripheral,0.6,0,0.1243,"Вход: 1 плательщика (14 тыс ₸), выход: 1 получателя (53 тыс ₸) — ни один порог роли не пройден. Точка сочленения: изъятие разрывает связность сети.",1,False,1,1,14095.0,53000.0,1,1,3.7602,0.0,0.00028821,1.922e-05,0.0,0.00215168,7,1,1,1,0.0,1.0,1.0,-1.0,0,0,0,True,False,67095.0
100000002736033100,peripheral,0.6,15,0.1243,"Вход: 1 плательщика (35 тыс ₸), выход: 1 получателя (11 тыс ₸) — ни один порог роли не пройден. Точка сочленения: изъятие разрывает связность сети.",3,False,1,1,34530.0,11000.0,1,1,0.3186,23530.0,0.00029518,1.922e-05,0.0,1.869e-05,7,0,3,1,0.0,1.0,1.0,20.0,0,0,0,True,False,45530.0
100000004340038100,peripheral,0.6,13,0.1243,"Вход: 1 плательщика (10 тыс ₸), выход: 1 получателя (49 тыс ₸) — ни один порог роли не пройден. Точка сочленения: изъятие разрывает связность сети.",3,False,1,1,9978.0,49000.0,1,1,4.9108,0.0,0.00028926,1.922e-05,0.0,0.00025946,7,0,3,1,0.0,1.0,1.0,9.0,0,0,0,True,False,58978.0
100000004931931100,peripheral,0.6,0,0.1243,"Вход: 1 плательщика (24 тыс ₸), выход: 1 получателя (45 тыс ₸) — ни один порог роли не пройден. Точка сочленения: изъятие разрывает связность сети.",3,False,1,1,23938.0,45000.0,1,1,1.8799,0.0,0.00029181,1.922e-05,0.0,0.00113791,7,0,3,1,0.0,1.0,1.0,3.0,0,0,0,True,False,68938.0
100000006967370100,peripheral,0.6,15,0.1243,"Вход: 1 плательщика (33 тыс ₸), выход: 1 получателя (14 тыс ₸) — ни один порог роли не пройден. Точка сочленения: изъятие разрывает связность сети.",3,False,1,1,33225.0,13526.27,1,1,0.4071,19698.73,0.00029359,1.922e-05,0.0,0.0004659,7,0,3,1,1.0,1.0,1.0,0.0,0,0,0,True,False,46751.27
100000008254576100,peripheral,0.6,35,0.1243,"Вход: 1 плательщика (8 тыс ₸), выход: 1 получателя (60 тыс ₸) — ни один порог роли не пройден. Точка сочленения: изъятие разрывает связность сети.",3,False,1,1,8000.0,60000.0,1,1,7.5,0.0,0.00029167,1.962e-05,0.0,0.0,7,0,3,1,0.0,1.0,1.0,-28.0,0,0,0,True,False,68000.0
100000003736419100,peripheral,0.6,0,0.1242,"Вход: 1 плательщика (23 тыс ₸), выход: 1 получателя (10 тыс ₸) — ни один порог роли не пройден. Точка сочленения: изъятие разрывает связность сети.",3,False,1,1,23300.0,10000.0,1,1,0.4292,13300.0,0.00029165,1.922e-05,0.0,0.00113791,7,0,3,1,1.0,1.0,1.0,0.0,0,0,0,True,False,33300.0
100000004779204100,peripheral,0.6,0,0.1242,"Вход: 1 плательщика (30 тыс ₸), выход: 1 получателя (20 тыс ₸) — ни один порог роли не пройден. Точка сочленения: изъятие разрывает связность сети.",3,False,1,1,30450.0,20000.0,1,2,0.6568,10450.0,0.00028728,1.922e-05,0.0,0.00290578,7,0,3,1,0.5,1.0,1.0,0.0,0,0,0,True,False,50450.0
100000008486520100,peripheral,0.6,5,0.1242,"Вход: 1 плательщика (36 тыс ₸), выход: 1 получателя (14 тыс ₸) — ни один порог роли не пройден. Точка сочленения: изъятие разрывает связность сети.",1,False,1,1,35720.0,14000.0,2,1,0.3919,21720.0,0.00028941,1.922e-05,0.0,0.00029524,7,1,1,1,0.0,1.0,1.0,-2.0,0,0,0,True,False,49720.0
100000008633099100,peripheral,0.6,6,0.1242,"Вход: 1 плательщика (19 тыс ₸), выход: 1 получателя (14 тыс ₸) — ни один порог роли не пройден. Точка сочленения: изъятие разрывает связность сети.",3,False,1,1,19468.0,13500.0,1,1,0.6934,5968.0,0.00029196,1.922e-05,0.0,0.00010831,7,0,3,1,0.0,1.0,1.0,8.0,0,0,0,True,False,32968.0
100000000749118100,peripheral,0.6,0,0.1241,"Вход: 1 плательщика (10 тыс ₸), выход: 1 получателя (16 тыс ₸) — ни один порог роли не пройден. Точка сочленения: изъятие разрывает связность сети.",3,False,1,1,10330.0,16500.0,1,1,1.5973,0.0,0.00028615,1.922e-05,0.0,0.00290578,7,0,3,1,0.0,1.0,1.0,19.0,0,0,0,True,False,26830.0
100000002597003100,peripheral,0.6,0,0.1241,"Вход: 1 плательщика (18 тыс ₸), выход: 1 получателя (11 тыс ₸) — ни один порог роли не пройден. Точка сочленения: изъятие разрывает связность сети.",1,False,1,1,17700.0,11000.0,1,1,0.6215,6700.0,0.00028889,1.922e-05,0.0,0.00215168,7,1,1,1,0.0,1.0,1.0,-9.0,0,0,0,True,False,28700.0
100000003069463100,peripheral,0.6,27,0.1241,"Вход: 1 плательщика (12 тыс ₸), выход: 1 получателя (18 тыс ₸) — ни один порог роли не пройден. Точка сочленения: изъятие разрывает связность сети.",3,False,1,1,11500.0,17920.0,1,1,1.5583,0.0,0.00028845,1.962e-05,0.0,0.0,7,0,3,1,0.0,1.0,1.0,9.0,0,0,0,True,False,29420.0
100000003896956100,peripheral,0.6,5,0.1241,"Вход: 1 плательщика (10 тыс ₸), выход: 1 получателя (27 тыс ₸) — ни один порог роли не пройден. Точка сочленения: изъятие разрывает связность сети.",3,False,1,1,10000.0,27000.0,1,2,2.7,0.0,0.00028856,1.922e-05,0.0,5.257e-05,7,0,3,1,0.6667,1.0,1.0,3.0,0,0,0,True,False,37000.0
100000004278574100,peripheral,0.6,4,0.1241,"Вход: 1 плательщика (25 тыс ₸), выход: 1 получателя (12 тыс ₸) — ни один порог роли не пройден. Точка сочленения: изъятие разрывает связность сети.",3,False,1,1,25000.0,12500.0,1,1,0.5,12500.0,0.00028638,1.922e-05,0.0,0.00294017,7,0,3,1,0.0,1.0,1.0,11.0,0,0,0,True,False,37500.0
100000001677389100,peripheral,0.6,15,0.124,"Вход: 1 плательщика (11 тыс ₸), выход: 1 получателя (5 тыс ₸) — ни один порог роли не пройден. Точка сочленения: изъятие разрывает связность сети.",3,False,1,1,11000.0,5400.0,1,1,0.4909,5600.0,0.00028863,1.922e-05,0.0,1.869e-05,7,0,3,1,0.0,1.0,1.0,-16.0,0,0,0,True,False,16400.0
100000003561031100,peripheral,0.6,3,0.124,"Вход: 1 плательщика (13 тыс ₸), выход: 1 получателя (5 тыс ₸) — ни один порог роли не пройден. Точка сочленения: изъятие разрывает связность сети.",3,False,1,1,13300.0,5000.0,1,1,0.3759,8300.0,0.00028828,1.922e-05,0.0,0.00160441,7,0,3,1,0.0,1.0,1.0,-22.0,0,0,0,True,False,18300.0
100000006714366100,peripheral,0.6,13,0.124,"Вход: 1 плательщика (10 тыс ₸), выход: 1 получателя (5 тыс ₸) — ни один порог роли не пройден. Точка сочленения: изъятие разрывает связность сети.",3,False,1,1,10500.0,5000.0,1,1,0.4762,5500.0,0.00028946,1.922e-05,0.0,0.00025946,7,0,3,1,1.0,1.0,1.0,0.0,0,0,0,True,False,15500.0
100000005222360100,peripheral,0.6,14,0.1238,"Вход: 1 плательщика (5 тыс ₸), выход: 1 получателя (27 тыс ₸) — ни один порог роли не пройден.",3,False,1,1,5000.0,27000.0,1,1,5.4,0.0,0.00060086,0.00190871,1.49e-06,0.0,7,0,3,2,0.0,1.0,1.0,4.0,0,0,0,False,False,32000.0
100000004321983100,peripheral,0.6,25,0.1231,"Вход: 1 плательщика (11 тыс ₸), выход: 2 получателей (36 тыс ₸) — ни один порог роли не пройден. Входит в замкнутую цепочку из 3 узлов. Точка сочленения: изъятие разрывает связность сети.",3,False,1,2,10840.0,36200.0,1,3,3.3395,0.0,0.00032378,1.39e-06,0.0,0.0,1,0,3,1,0.0,1.0,1.0,4.0,1,3,0,True,False,47040.0
100000002459093100,terminal,0.819,25,0.1188,"Принял 500 тыс ₸ от 1 плательщика и удержал 445 тыс ₸; обход на колене 2 не обрывался, значит отсутствие исходящих — поведение, а не артефакт. Точка сочленения: изъятие разрывает связность сети.",2,False,1,1,500000.0,55000.0,2,3,0.11,445000.0,0.00038925,1.19e-06,0.0,4.3e-07,1,0,2,1,0.0,1.0,1.0,-9.0,0,0,0,True,False,555000.0
100000008759857100,peripheral,0.6,18,0.1186,"Вход: 1 плательщика (5 тыс ₸), выход: 2 получателей (994 тыс ₸) — ни один порог роли не пройден.",3,False,1,2,5000.0,994000.0,1,3,198.8,0.0,0.00028633,7.3e-06,2.24e-06,3.6e-07,9,0,3,1,0.0,1.0,1.0,4.0,0,0,0,False,False,999000.0
100000005519347100,peripheral,0.6,5,0.1181,"Вход: 2 плательщиков (73 тыс ₸), выход: 1 получателя (99 тыс ₸) — ни один порог роли не пройден.",0,True,2,1,73100.0,99000.0,2,1,1.3543,0.0,0.00055672,1.52e-06,1e-08,0.0,9,1,0,1,0.0,1.0,1.0,10.0,0,0,0,False,False,172100.0
100000000375150100,terminal_unverified,0.38,13,0.1179,"Принял 300 тыс ₸ от 1 плательщика, исходящих нет, но узел на 4-м колене, где обход остановлен: отличить конечного получателя от необследованного нельзя без выгрузки на 5-е колено.",4,False,1,0,300000.0,0.0,1,0,0.0,300000.0,0.00074638,0.0,0.0,0.0,10,0,4,1,0.0,1.0,0.0,0.0,0,0,0,False,True,300000.0
100000008514970100,terminal,0.807,3,0.1163,"Принял 380 тыс ₸ от 1 плательщика и удержал 349 тыс ₸; обход на колене 3 не обрывался, значит отсутствие исходящих — поведение, а не артефакт. Точка сочленения: изъятие разрывает связность сети.",3,False,1,1,379966.0,31000.0,1,1,0.0816,348966.0,0.00031263,7.9e-07,0.0,7.936e-05,1,0,3,1,1.0,1.0,1.0,0.0,0,0,0,True,False,410966.0
100000002700161100,peripheral,0.33,52,0.1154,"Вход: 1 плательщика (39 тыс ₸), выход: 0 получателей (0 тыс ₸) — ни один порог роли не пройден. Обход оборван на 4-м колене — исходящие могли не попасть в выгрузку.",4,False,1,0,39000.0,0.0,1,0,0.0,39000.0,0.00090266,0.0,0.0,0.0,10,0,4,1,0.0,1.0,0.0,0.0,0,0,0,False,True,39000.0
100000002508637100,terminal,0.799,3,0.1153,"Принял 306 тыс ₸ от 1 плательщика и удержал 298 тыс ₸; обход на колене 3 не обрывался, значит отсутствие исходящих — поведение, а не артефакт. Точка сочленения: изъятие разрывает связность сети.",3,False,1,1,306410.0,8000.0,1,1,0.0261,298410.0,0.00030739,7.9e-07,0.0,7.936e-05,1,0,3,1,0.0,1.0,1.0,12.0,0,0,0,True,False,314410.0
100000008760098100,peripheral,0.6,18,0.1153,"Вход: 1 плательщика (7 тыс ₸), выход: 1 получателя (390 тыс ₸) — ни один порог роли не пройден.",3,False,1,1,7000.0,390000.0,1,1,55.7143,0.0,0.00028664,7.3e-06,5.7e-07,3.6e-07,9,0,3,1,0.0,1.0,1.0,4.0,0,0,0,False,False,397000.0
100000004094958100,transit,0.468,45,0.112,"Пропустил 103% полученного дальше: принял 39 тыс ₸ от 1 плательщика, отдал 40 тыс ₸ на 1 получателя, 100% ушло в первые 2 дня. Признаки транзита.",1,False,1,1,39000.0,40000.0,1,1,1.0256,0.0,0.00039146,2e-07,0.0,0.0,1,1,1,1,1.0,1.0,1.0,0.0,0,0,0,False,False,79000.0
100000002622822100,terminal_unverified,0.38,18,0.1118,"Принял 750 тыс ₸ от 1 плательщика, исходящих нет, но узел на 4-м колене, где обход остановлен: отличить конечного получателя от необследованного нельзя без выгрузки на 5-е колено.",4,False,1,0,750000.0,0.0,1,0,0.0,750000.0,0.00090769,0.0,0.0,0.0,9,0,4,1,0.0,1.0,0.0,0.0,0,0,0,False,True,750000.0
100000008461217100,peripheral,0.33,52,0.1112,"Вход: 1 плательщика (18 тыс ₸), выход: 0 получателей (0 тыс ₸) — ни один порог роли не пройден. Обход оборван на 4-м колене — исходящие могли не попасть в выгрузку.",4,False,1,0,18000.0,0.0,1,0,0.0,18000.0,0.00054559,0.0,0.0,0.0,10,0,4,1,0.0,1.0,0.0,0.0,0,0,0,False,True,18000.0
100000005363908100,transit,0.461,45,0.1108,"Пропустил 100% полученного дальше: принял 20 тыс ₸ от 1 плательщика, отдал 20 тыс ₸ на 1 получателя, 100% ушло в первые 2 дня. Признаки транзита.",1,False,1,1,19500.0,19500.0,1,1,1.0,0.0,0.00033852,0.0,0.0,0.0,1,1,1,1,1.0,1.0,1.0,0.0,0,0,0,False,False,39000.0
100000002126791100,terminal_unverified,0.38,7,0.1102,"Принял 1.3 млн ₸ от 1 плательщика, исходящих нет, но узел на 4-м колене, где обход остановлен: отличить конечного получателя от необследованного нельзя без выгрузки на 5-е колено.",4,False,1,0,1313000.0,0.0,3,0,0.0,1313000.0,0.00057168,0.0,0.0,0.0,9,0,4,1,0.0,1.0,0.0,0.0,0,0,0,False,True,1313000.0
100000002836736100,terminal,0.859,6,0.1099,"Принял 509 тыс ₸ от 2 плательщиков и удержал 509 тыс ₸; обход на колене 1 не обрывался, значит отсутствие исходящих — поведение, а не артефакт.",1,False,2,0,509000.0,0.0,2,0,0.0,509000.0,0.00045179,0.0,0.0,5.45e-06,3,1,1,1,0.0,2.0,0.0,0.0,0,0,0,False,False,509000.0
100000006638021100,terminal_unverified,0.41,46,0.1079,"Принял 388 тыс ₸ от 2 плательщиков, исходящих нет, но узел на 4-м колене, где обход остановлен: отличить конечного получателя от необследованного нельзя без выгрузки на 5-е колено.",4,False,2,0,388500.0,0.0,2,0,0.0,388500.0,0.00054449,0.0,0.0,0.0,9,0,4,1,0.0,2.0,0.0,0.0,0,0,0,False,True,388500.0
100000004979498100,peripheral,0.6,50,0.1073,"Вход: 1 плательщика (700 тыс ₸), выход: 1 получателя (200 тыс ₸) — ни один порог роли не пройден. Входит в замкнутую цепочку из 3 узлов.",2,False,1,1,700000.0,200000.0,2,1,0.2857,500000.0,0.00131898,0.0,0.0,0.0,1,0,2,1,1.0,1.0,1.0,0.0,1,3,0,False,False,900000.0
100000002670860100,terminal,0.854,12,0.1072,"Принял 450 тыс ₸ от 2 плательщиков и удержал 450 тыс ₸; обход на колене 1 не обрывался, значит отсутствие исходящих — поведение, а не артефакт.",1,False,2,0,450000.0,0.0,2,0,0.0,450000.0,0.00030895,0.0,0.0,4.72e-06,3,1,1,2,0.0,1.0,0.0,0.0,0,0,0,False,False,450000.0
100000007745062100,terminal_unverified,0.38,11,0.1056,"Принял 100 тыс ₸ от 1 плательщика, исходящих нет, но узел на 4-м колене, где обход остановлен: отличить конечного получателя от необследованного нельзя без выгрузки на 5-е колено.",4,False,1,0,100000.0,0.0,1,0,0.0,100000.0,0.00062528,0.0,0.0,0.0,9,0,4,1,0.0,1.0,0.0,0.0,0,0,0,False,True,100000.0
100000004200745100,terminal_unverified,0.38,11,0.1054,"Принял 130 тыс ₸ от 1 плательщика, исходящих нет, но узел на 4-м колене, где обход остановлен: отличить конечного получателя от необследованного нельзя без выгрузки на 5-е колено.",4,False,1,0,130000.0,0.0,4,0,0.0,130000.0,0.00060101,0.0,0.0,0.0,9,0,4,1,0.0,1.0,0.0,0.0,0,0,0,False,True,130000.0
100000001724740100,terminal_unverified,0.38,7,0.1049,"Принял 185 тыс ₸ от 1 плательщика, исходящих нет, но узел на 4-м колене, где обход остановлен: отличить конечного получателя от необследованного нельзя без выгрузки на 5-е колено.",4,False,1,0,185000.0,0.0,4,0,0.0,185000.0,0.00053648,0.0,0.0,0.0,9,0,4,1,0.0,1.0,0.0,0.0,0,0,0,False,True,185000.0
100000001246806100,terminal_unverified,0.38,7,0.1046,"Принял 130 тыс ₸ от 1 плательщика, исходящих нет, но узел на 4-м колене, где обход остановлен: отличить конечного получателя от необследованного нельзя без выгрузки на 5-е колено.",4,False,1,0,130000.0,0.0,1,0,0.0,130000.0,0.00053298,0.0,0.0,0.0,9,0,4,1,0.0,1.0,0.0,0.0,0,0,0,False,True,130000.0
100000008333492100,terminal_unverified,0.38,46,0.1038,"Принял 216 тыс ₸ от 1 плательщика, исходящих нет, но узел на 4-м колене, где обход остановлен: отличить конечного получателя от необследованного нельзя без выгрузки на 5-е колено.",4,False,1,0,216400.0,0.0,1,0,0.0,216400.0,0.00043801,0.0,0.0,0.0,9,0,4,1,0.0,1.0,0.0,0.0,0,0,0,False,True,216400.0
100000001597505100,peripheral,0.6,33,0.1028,"Вход: 1 плательщика (26 тыс ₸), выход: 1 получателя (13 тыс ₸) — ни один порог роли не пройден.",2,False,1,1,26460.0,12920.0,1,1,0.4883,13540.0,0.00031476,9.79e-06,2.152e-05,0.0,8,0,2,2,0.0,1.0,1.0,-24.0,0,0,0,False,False,39380.0
100000002794374100,terminal_unverified,0.38,46,0.1025,"Принял 111 тыс ₸ от 1 плательщика, исходящих нет, но узел на 4-м колене, где обход остановлен: отличить конечного получателя от необследованного нельзя без выгрузки на 5-е колено.",4,False,1,0,111000.0,0.0,1,0,0.0,111000.0,0.00036376,0.0,0.0,0.0,9,0,4,1,0.0,1.0,0.0,0.0,0,0,0,False,True,111000.0
100000002592567100,peripheral,0.6,5,0.1023,"Вход: 1 плательщика (5 тыс ₸), выход: 2 получателей (49 тыс ₸) — ни один порог роли не пройден.",1,False,1,2,5297.0,48600.0,1,2,9.175,0.0,0.00028614,0.00072025,1.41e-06,0.00029524,7,1,1,2,0.0,1.0,1.0,11.0,0,0,0,False,False,53897.0
100000002540033100,peripheral,0.33,18,0.102,"Вход: 1 плательщика (10 тыс ₸), выход: 0 получателей (0 тыс ₸) — ни один порог роли не пройден. Обход оборван на 4-м колене — исходящие могли не попасть в выгрузку.",4,False,1,0,10000.0,0.0,1,0,0.0,10000.0,0.00059609,0.0,0.0,0.0,9,0,4,1,0.0,1.0,0.0,0.0,0,0,0,False,True,10000.0
100000004386286100,peripheral,0.33,11,0.102,"Вход: 1 плательщика (12 тыс ₸), выход: 0 получателей (0 тыс ₸) — ни один порог роли не пройден. Обход оборван на 4-м колене — исходящие могли не попасть в выгрузку.",4,False,1,0,12500.0,0.0,1,0,0.0,12500.0,0.00059729,0.0,0.0,0.0,9,0,4,1,0.0,1.0,0.0,0.0,0,0,0,False,True,12500.0
100000004655046100,peripheral,0.33,8,0.1016,"Вход: 1 плательщика (24 тыс ₸), выход: 0 получателей (0 тыс ₸) — ни один порог роли не пройден. Обход оборван на 4-м колене — исходящие могли не попасть в выгрузку.",4,False,1,0,24000.0,0.0,1,0,0.0,24000.0,0.00055751,0.0,0.0,0.0,9,0,4,1,0.0,1.0,0.0,0.0,0,0,0,False,True,24000.0
100000001202637100,peripheral,0.33,8,0.1015,"Вход: 1 плательщика (10 тыс ₸), выход: 0 получателей (0 тыс ₸) — ни один порог роли не пройден. Обход оборван на 4-м колене — исходящие могли не попасть в выгрузку.",4,False,1,0,10000.0,0.0,1,0,0.0,10000.0,0.00054877,0.0,0.0,0.0,9,0,4,1,0.0,1.0,0.0,0.0,0,0,0,False,True,10000.0
100000008638859100,peripheral,0.33,17,0.1015,"Вход: 1 плательщика (34 тыс ₸), выход: 0 получателей (0 тыс ₸) — ни один порог роли не пройден. Обход оборван на 4-м колене — исходящие могли не попасть в выгрузку.",4,False,1,0,34000.0,0.0,1,0,0.0,34000.0,0.00053965,0.0,0.0,3.554e-05,9,0,4,1,0.0,1.0,0.0,0.0,0,0,0,False,True,34000.0
100000001411870100,terminal,0.871,6,0.1003,"Принял 900 тыс ₸ от 2 плательщиков и удержал 900 тыс ₸; обход на колене 1 не обрывался, значит отсутствие исходящих — поведение, а не артефакт.",1,False,2,0,900000.0,0.0,4,0,0.0,900000.0,0.00047804,0.0,0.0,4.201e-05,2,1,1,1,0.0,1.0,0.0,0.0,0,0,0,False,False,900000.0
100000005226217100,peripheral,0.33,7,0.0996,"Вход: 1 плательщика (18 тыс ₸), выход: 0 получателей (0 тыс ₸) — ни один порог роли не пройден. Обход оборван на 4-м колене — исходящие могли не попасть в выгрузку.",4,False,1,0,17500.0,0.0,1,0,0.0,17500.0,0.00038302,0.0,0.0,0.0,9,0,4,1,0.0,1.0,0.0,0.0,0,0,0,False,True,17500.0
100000002884708100,terminal_unverified,0.38,10,0.0995,"Принял 1.2 млн ₸ от 1 плательщика, исходящих нет, но узел на 4-м колене, где обход остановлен: отличить конечного получателя от необследованного нельзя без выгрузки на 5-е колено.",4,False,1,0,1171644.0,0.0,2,0,0.0,1171644.0,0.00056258,0.0,0.0,0.0,8,0,4,1,0.0,1.0,0.0,0.0,0,0,0,False,True,1171644.0
100000005782886100,peripheral,0.33,7,0.0994,"Вход: 1 плательщика (14 тыс ₸), выход: 0 получателей (0 тыс ₸) — ни один порог роли не пройден. Обход оборван на 4-м колене — исходящие могли не попасть в выгрузку.",4,False,1,0,14000.0,0.0,1,0,0.0,14000.0,0.00036353,0.0,0.0,0.0,9,0,4,1,0.0,1.0,0.0,0.0,0,0,0,False,True,14000.0
100000007997939100,peripheral,0.33,7,0.0993,"Вход: 1 плательщика (13 тыс ₸), выход: 0 получателей (0 тыс ₸) — ни один порог роли не пройден. Обход оборван на 4-м колене — исходящие могли не попасть в выгрузку.",4,False,1,0,13000.0,0.0,1,0,0.0,13000.0,0.00035796,0.0,0.0,0.0,9,0,4,1,0.0,1.0,0.0,0.0,0,0,0,False,True,13000.0
100000003904497100,peripheral,0.33,7,0.0991,"Вход: 1 плательщика (10 тыс ₸), выход: 0 получателей (0 тыс ₸) — ни один порог роли не пройден. Обход оборван на 4-м колене — исходящие могли не попасть в выгрузку.",4,False,1,0,10000.0,0.0,1,0,0.0,10000.0,0.00034126,0.0,0.0,0.0,9,0,4,1,0.0,1.0,0.0,0.0,0,0,0,False,True,10000.0
100000008770483100,peripheral,0.33,46,0.0985,"Вход: 1 плательщика (5 тыс ₸), выход: 0 получателей (0 тыс ₸) — ни один порог роли не пройден. Обход оборван на 4-м колене — исходящие могли не попасть в выгрузку.",4,False,1,0,5000.0,0.0,1,0,0.0,5000.0,0.00028889,0.0,0.0,0.0,9,0,4,1,0.0,1.0,0.0,0.0,0,0,0,False,True,5000.0
100000003037476100,terminal_unverified,0.44,7,0.098,"Принял 555 тыс ₸ от 3 плательщиков, исходящих нет, но узел на 4-м колене, где обход остановлен: отличить конечного получателя от необследованного нельзя без выгрузки на 5-е колено.",4,False,3,0,555000.0,0.0,3,0,0.0,555000.0,0.00035935,0.0,0.0,1.82e-06,8,0,4,2,0.0,2.0,0.0,0.0,0,0,0,False,True,555000.0
100000005075949100,terminal_unverified,0.38,48,0.0965,"Принял 2.2 млн ₸ от 1 плательщика, исходящих нет, но узел на 4-м колене, где обход остановлен: отличить конечного получателя от необследованного нельзя без выгрузки на 5-е колено.",4,False,1,0,2226000.0,0.0,7,0,0.0,2226000.0,0.00076791,0.0,0.0,0.0,7,0,4,1,0.0,1.0,0.0,0.0,0,0,0,False,True,2226000.0
100000001471706100,terminal_unverified,0.38,20,0.0957,"Принял 377 тыс ₸ от 1 плательщика, исходящих нет, но узел на 4-м колене, где обход остановлен: отличить конечного получателя от необследованного нельзя без выгрузки на 5-е колено.",4,False,1,0,377000.0,0.0,8,0,0.0,377000.0,0.00054013,0.0,0.0,0.0,8,0,4,1,0.0,1.0,0.0,0.0,0,0,0,False,True,377000.0
100000004006327100,terminal_unverified,0.38,10,0.0956,"Принял 300 тыс ₸ от 1 плательщика, исходящих нет, но узел на 4-м колене, где обход остановлен: отличить конечного получателя от необследованного нельзя без выгрузки на 5-е колено.",4,False,1,0,300000.0,0.0,3,0,0.0,300000.0,0.00055497,0.0,0.0,0.0,8,0,4,1,0.0,1.0,0.0,0.0,0,0,0,False,True,300000.0
100000002722108100,terminal,0.829,12,0.0954,"Принял 800 тыс ₸ от 1 плательщика и удержал 800 тыс ₸; обход на колене 3 не обрывался, значит отсутствие исходящих — поведение, а не артефакт.",3,False,1,0,800000.0,0.0,2,0,0.0,800000.0,0.00032367,0.0,0.0,3.8e-07,2,0,3,1,0.0,1.0,0.0,0.0,0,0,0,False,False,800000.0
100000002753146100,terminal,0.83,12,0.0954,"Принял 804 тыс ₸ от 1 плательщика и удержал 804 тыс ₸; обход на колене 3 не обрывался, значит отсутствие исходящих — поведение, а не артефакт.",3,False,1,0,803540.0,0.0,3,0,0.0,803540.0,0.00032384,0.0,0.0,3.8e-07,2,0,3,1,0.0,1.0,0.0,0.0,0,0,0,False,False,803540.0
100000002748761100,terminal,0.829,12,0.0953,"Принял 797 тыс ₸ от 1 плательщика и удержал 797 тыс ₸; обход на колене 3 не обрывался, значит отсутствие исходящих — поведение, а не артефакт.",3,False,1,0,796800.0,0.0,3,0,0.0,796800.0,0.00032352,0.0,0.0,3.8e-07,2,0,3,1,0.0,1.0,0.0,0.0,0,0,0,False,False,796800.0
100000005767403100,terminal_unverified,0.38,34,0.0953,"Принял 1.1 млн ₸ от 1 плательщика, исходящих нет, но узел на 4-м колене, где обход остановлен: отличить конечного получателя от необследованного нельзя без выгрузки на 5-е колено.",4,False,1,0,1100000.0,0.0,2,0,0.0,1100000.0,0.00108186,0.0,0.0,1.5e-07,7,0,4,1,0.0,1.0,0.0,0.0,0,0,0,False,True,1100000.0
100000002609774100,peripheral,0.6,8,0.0952,"Вход: 1 плательщика (8 тыс ₸), выход: 1 получателя (28 тыс ₸) — ни один порог роли не пройден.",1,False,1,1,7700.0,27500.0,1,1,3.5714,0.0,0.0002864,0.0002797,1.206e-05,0.00029524,7,1,1,2,0.0,1.0,1.0,-12.0,0,0,0,False,False,35200.0
100000004601193100,terminal_unverified,0.38,9,0.0952,"Принял 84 тыс ₸ от 1 плательщика, исходящих нет, но узел на 4-м колене, где обход остановлен: отличить конечного получателя от необследованного нельзя без выгрузки на 5-е колено.",4,False,1,0,84000.0,0.0,3,0,0.0,84000.0,0.00060342,0.0,0.0,0.0,8,0,4,1,0.0,1.0,0.0,0.0,0,0,0,False,True,84000.0
100000004331458100,terminal,0.83,45,0.0951,"Принял 250 тыс ₸ от 2 плательщиков и удержал 250 тыс ₸; обход на колене 2 не обрывался, значит отсутствие исходящих — поведение, а не артефакт.",2,False,2,0,250000.0,0.0,2,0,0.0,250000.0,0.00132344,0.0,0.0,0.0,1,0,2,1,0.0,1.0,0.0,0.0,0,0,0,False,False,250000.0
100000005386383100,peripheral,0.6,20,0.0951,"Вход: 2 плательщиков (38 тыс ₸), выход: 1 получателя (29 тыс ₸) — ни один порог роли не пройден.",0,True,2,1,37500.0,29000.0,2,1,0.7733,8500.0,0.00052433,2.852e-05,4.6e-07,0.0,7,0,0,3,0.0,2.0,1.0,-6.0,0,0,0,False,False,66500.0
100000008730238100,terminal_unverified,0.38,10,0.0948,"Принял 113 тыс ₸ от 1 плательщика, исходящих нет, но узел на 4-м колене, где обход остановлен: отличить конечного получателя от необследованного нельзя без выгрузки на 5-е колено.",4,False,1,0,113000.0,0.0,1,0,0.0,113000.0,0.00056324,0.0,0.0,0.0,8,0,4,1,0.0,1.0,0.0,0.0,0,0,0,False,True,113000.0
100000003125997100,terminal_unverified,0.38,10,0.0946,"Принял 88 тыс ₸ от 1 плательщика, исходящих нет, но узел на 4-м колене, где обход остановлен: отличить конечного получателя от необследованного нельзя без выгрузки на 5-е колено.",4,False,1,0,87750.0,0.0,1,0,0.0,87750.0,0.00054837,0.0,0.0,0.0,8,0,4,1,0.0,1.0,0.0,0.0,0,0,0,False,True,87750.0
100000008183752100,terminal_unverified,0.38,18,0.0946,"Принял 140 тыс ₸ от 1 плательщика, исходящих нет, но узел на 4-м колене, где обход остановлен: отличить конечного получателя от необследованного нельзя без выгрузки на 5-е колено.",4,False,1,0,140000.0,0.0,1,0,0.0,140000.0,0.00053019,0.0,0.0,0.0,8,0,4,1,0.0,1.0,0.0,0.0,0,0,0,False,True,140000.0
100000005783452100,terminal_unverified,0.41,12,0.0945,"Принял 286 тыс ₸ от 2 плательщиков, исходящих нет, но узел на 4-м колене, где обход остановлен: отличить конечного получателя от необследованного нельзя без выгрузки на 5-е колено.",4,False,2,0,286500.0,0.0,2,0,0.0,286500.0,0.00031442,0.0,0.0,1.49e-06,8,0,4,2,0.0,2.0,0.0,0.0,0,0,0,False,True,286500.0
100000001929088100,terminal,0.849,6,0.0943,"Принял 396 тыс ₸ от 2 плательщиков и удержал 396 тыс ₸; обход на колене 1 не обрывался, значит отсутствие исходящих — поведение, а не артефакт.",1,False,2,0,396010.0,0.0,2,0,0.0,396010.0,0.00031759,0.0,0.0,2.709e-05,2,2,1,2,0.0,1.0,0.0,0.0,0,0,0,False,False,396010.0
100000007034089100,terminal_unverified,0.41,7,0.0941,"Принял 198 тыс ₸ от 2 плательщиков, исходящих нет, но узел на 4-м колене, где обход остановлен: отличить конечного получателя от необследованного нельзя без выгрузки на 5-е колено.",4,False,2,0,198000.0,0.0,2,0,0.0,198000.0,0.00032112,0.0,0.0,1.61e-06,8,0,4,1,0.0,2.0,0.0,0.0,0,0,0,False,True,198000.0
100000003072205100,terminal_unverified,0.41,7,0.094,"Принял 163 тыс ₸ от 2 плательщиков, исходящих нет, но узел на 4-м колене, где обход остановлен: отличить конечного получателя от необследованного нельзя без выгрузки на 5-е колено.",4,False,2,0,163000.0,0.0,2,0,0.0,163000.0,0.00031897,0.0,0.0,3.6e-07,8,0,4,1,0.0,2.0,0.0,0.0,0,0,0,False,True,163000.0
100000007357489100,terminal_unverified,0.41,7,0.0939,"Принял 164 тыс ₸ от 2 плательщиков, исходящих нет, но узел на 4-м колене, где обход остановлен: отличить конечного получателя от необследованного нельзя без выгрузки на 5-е колено.",4,False,2,0,164500.0,0.0,2,0,0.0,164500.0,0.00031296,0.0,0.0,1.61e-06,8,0,4,1,0.0,2.0,0.0,0.0,0,0,0,False,True,164500.0
100000004418967100,terminal_unverified,0.38,10,0.0935,"Принял 100 тыс ₸ от 1 плательщика, исходящих нет, но узел на 4-м колене, где обход остановлен: отличить конечного получателя от необследованного нельзя без выгрузки на 5-е колено.",4,False,1,0,100000.0,0.0,1,0,0.0,100000.0,0.00045347,0.0,0.0,0.0,8,0,4,1,0.0,1.0,0.0,0.0,0,0,0,False,True,100000.0
100000003128638100,terminal_unverified,0.38,7,0.0932,"Принял 300 тыс ₸ от 1 плательщика, исходящих нет, но узел на 4-м колене, где обход остановлен: отличить конечного получателя от необследованного нельзя без выгрузки на 5-е колено.",4,False,1,0,300000.0,0.0,1,0,0.0,300000.0,0.00035819,0.0,0.0,3e-08,8,0,4,1,0.0,1.0,0.0,0.0,0,0,0,False,True,300000.0
100000007749747100,terminal_unverified,0.38,10,0.0932,"Принял 50 тыс ₸ от 1 плательщика, исходящих нет, но узел на 4-м колене, где обход остановлен: отличить конечного получателя от необследованного нельзя без выгрузки на 5-е колено.",4,False,1,0,50000.0,0.0,1,0,0.0,50000.0,0.00044362,0.0,0.0,0.0,8,0,4,1,0.0,1.0,0.0,0.0,0,0,0,False,True,50000.0
100000002109656100,terminal,0.819,12,0.0931,"Принял 500 тыс ₸ от 1 плательщика и удержал 500 тыс ₸; обход на колене 3 не обрывался, значит отсутствие исходящих — поведение, а не артефакт.",3,False,1,0,500000.0,0.0,1,0,0.0,500000.0,0.00030939,0.0,0.0,3.8e-07,2,0,3,1,0.0,1.0,0.0,0.0,0,0,0,False,False,500000.0
100000002644285100,terminal,0.819,12,0.0931,"Принял 500 тыс ₸ от 1 плательщика и удержал 500 тыс ₸; обход на колене 3 не обрывался, значит отсутствие исходящих — поведение, а не артефакт.",3,False,1,0,500000.0,0.0,1,0,0.0,500000.0,0.00030939,0.0,0.0,3.8e-07,2,0,3,1,0.0,1.0,0.0,0.0,0,0,0,False,False,500000.0
100000002681449100,peripheral,0.6,10,0.0931,"Вход: 2 плательщиков (95 тыс ₸), выход: 2 получателей (133 тыс ₸) — ни один порог роли не пройден.",1,False,2,2,94638.0,133000.0,2,2,1.4054,0.0,0.00029514,1.765e-05,0.00014076,0.00328362,7,1,1,2,0.0977,1.0,1.0,11.0,0,0,0,False,False,227638.0
100000008388049100,terminal,0.818,12,0.0931,"Принял 496 тыс ₸ от 1 плательщика и удержал 496 тыс ₸; обход на колене 3 не обрывался, значит отсутствие исходящих — поведение, а не артефакт.",3,False,1,0,496400.0,0.0,1,0,0.0,496400.0,0.00030921,0.0,0.0,3.8e-07,2,0,3,1,0.0,1.0,0.0,0.0,0,0,0,False,False,496400.0
100000008721637100,peripheral,0.6,6,0.0931,"Вход: 1 плательщика (24 тыс ₸), выход: 2 получателей (127 тыс ₸) — ни один порог роли не пройден.",3,False,1,2,24041.0,127000.0,1,2,5.2826,0.0,0.00029046,7.331e-05,2.173e-05,0.00160441,7,0,3,2,0.0945,1.0,1.0,0.0,0,0,0,False,False,151041.0
100000001831496100,peripheral,0.6,9,0.0929,"Вход: 1 плательщика (25 тыс ₸), выход: 1 получателя (373 тыс ₸) — ни один порог роли не пройден.",3,False,1,1,25000.0,373000.0,1,1,14.92,0.0,0.00029264,1.85e-06,5.268e-05,2.441e-05,7,0,3,2,0.0,1.0,1.0,18.0,0,0,0,False,False,398000.0
100000002670960100,terminal,0.816,12,0.0929,"Принял 480 тыс ₸ от 1 плательщика и удержал 480 тыс ₸; обход на колене 3 не обрывался, значит отсутствие исходящих — поведение, а не артефакт.",3,False,1,0,480310.0,0.0,1,0,0.0,480310.0,0.00030845,0.0,0.0,3.8e-07,2,0,3,1,0.0,1.0,0.0,0.0,0,0,0,False,False,480310.0
100000003646145100,peripheral,0.33,33,0.0929,"Вход: 1 плательщика (5 тыс ₸), выход: 0 получателей (0 тыс ₸) — ни один порог роли не пройден. Обход оборван на 4-м колене — исходящие могли не попасть в выгрузку.",4,False,1,0,5000.0,0.0,1,0,0.0,5000.0,0.00065368,0.0,0.0,0.0,8,0,4,1,0.0,1.0,0.0,0.0,0,0,0,False,True,5000.0
100000008200810100,terminal,0.815,12,0.0928,"Принял 475 тыс ₸ от 1 плательщика и удержал 475 тыс ₸; обход на колене 3 не обрывался, значит отсутствие исходящих — поведение, а не артефакт.",3,False,1,0,475000.0,0.0,1,0,0.0,475000.0,0.00030819,0.0,0.0,3.8e-07,2,0,3,1,0.0,1.0,0.0,0.0,0,0,0,False,False,475000.0
100000008740295100,terminal_unverified,0.38,7,0.0928,"Принял 300 тыс ₸ от 1 плательщика, исходящих нет, но узел на 4-м колене, где обход остановлен: отличить конечного получателя от необследованного нельзя без выгрузки на 5-е колено.",4,False,1,0,300000.0,0.0,1,0,0.0,300000.0,0.00032504,0.0,0.0,1.28e-06,8,0,4,1,0.0,1.0,0.0,0.0,0,0,0,False,True,300000.0
100000003975102100,peripheral,0.6,5,0.0927,"Вход: 1 плательщика (26 тыс ₸), выход: 2 получателей (88 тыс ₸) — ни один порог роли не пройден.",0,True,1,2,25650.0,88500.0,1,2,3.4503,0.0,0.00034547,5.91e-06,4.6e-07,0.0,7,0,0,2,0.3616,1.0,1.0,1.0,0,0,0,False,False,114150.0
100000006165886100,peripheral,0.6,0,0.0927,"Вход: 2 плательщиков (184 тыс ₸), выход: 1 получателя (75 тыс ₸) — ни один порог роли не пройден.",3,False,2,1,184481.0,75000.0,2,1,0.4065,109481.0,0.00029856,6.9e-07,0.00097383,0.00403772,7,0,3,1,0.0,1.0,1.0,11.0,0,0,0,False,False,259481.0
100000008599354100,peripheral,0.6,0,0.0926,"Вход: 1 плательщика (177 тыс ₸), выход: 1 получателя (38 тыс ₸) — ни один порог роли не пройден.",3,False,1,1,177000.0,38200.0,1,2,0.2158,138800.0,0.00033174,4.36e-06,0.00068834,0.00113791,7,0,3,2,0.0,1.0,1.0,11.0,0,0,0,False,False,215200.0
100000001987030100,peripheral,0.6,16,0.0924,"Вход: 2 плательщиков (31 тыс ₸), выход: 1 получателя (19 тыс ₸) — ни один порог роли не пройден.",1,False,2,1,30864.0,19000.0,2,1,0.6156,11864.0,0.00029387,5.707e-05,1.9e-06,0.00033092,7,1,1,3,0.0,1.0,1.0,13.0,0,0,0,False,False,49864.0
100000004144536100,terminal,0.887,23,0.0924,"Принял 168 тыс ₸ от 4 плательщиков и удержал 168 тыс ₸; обход на колене 1 не обрывался, значит отсутствие исходящих — поведение, а не артефакт.",1,False,4,0,168000.0,0.0,6,0,0.0,168000.0,0.0009686,0.0,0.0,0.0,1,1,1,1,0.0,2.0,0.0,0.0,0,0,0,False,False,168000.0
100000008699083100,terminal_unverified,0.38,12,0.0924,"Принял 238 тыс ₸ от 1 плательщика, исходящих нет, но узел на 4-м колене, где обход остановлен: отличить конечного получателя от необследованного нельзя без выгрузки на 5-е колено.",4,False,1,0,238500.0,0.0,1,0,0.0,238500.0,0.0003064,0.0,0.0,2.1e-07,8,0,4,1,0.0,1.0,0.0,0.0,0,0,0,False,True,238500.0
100000002529877100,terminal_unverified,0.38,12,0.0923,"Принял 232 тыс ₸ от 1 плательщика, исходящих нет, но узел на 4-м колене, где обход остановлен: отличить конечного получателя от необследованного нельзя без выгрузки на 5-е колено.",4,False,1,0,232000.0,0.0,1,0,0.0,232000.0,0.00030583,0.0,0.0,2.1e-07,8,0,4,1,0.0,1.0,0.0,0.0,0,0,0,False,True,232000.0
100000005910895100,peripheral,0.33,32,0.0923,"Вход: 1 плательщика (5 тыс ₸), выход: 0 получателей (0 тыс ₸) — ни один порог роли не пройден. Обход оборван на 4-м колене — исходящие могли не попасть в выгрузку.",4,False,1,0,5100.0,0.0,1,0,0.0,5100.0,0.0005976,0.0,0.0,0.0,8,0,4,1,0.0,1.0,0.0,0.0,0,0,0,False,True,5100.0
100000008336318100,terminal_unverified,0.38,7,0.0923,"Принял 170 тыс ₸ от 1 плательщика, исходящих нет, но узел на 4-м колене, где обход остановлен: отличить конечного получателя от необследованного нельзя без выгрузки на 5-е колено.",4,False,1,0,170000.0,0.0,1,0,0.0,170000.0,0.00032672,0.0,0.0,3e-08,8,0,4,1,0.0,1.0,0.0,0.0,0,0,0,False,True,170000.0
100000005888829100,terminal_unverified,0.38,7,0.0922,"Принял 197 тыс ₸ от 1 плательщика, исходящих нет, но узел на 4-м колене, где обход остановлен: отличить конечного получателя от необследованного нельзя без выгрузки на 5-е колено.",4,False,1,0,197000.0,0.0,1,0,0.0,197000.0,0.00031149,0.0,0.0,1.28e-06,8,0,4,1,0.0,1.0,0.0,0.0,0,0,0,False,True,197000.0
100000006381453100,peripheral,0.33,7,0.0922,"Вход: 1 плательщика (45 тыс ₸), выход: 0 получателей (0 тыс ₸) — ни один порог роли не пройден. Обход оборван на 4-м колене — исходящие могли не попасть в выгрузку.",4,False,1,0,45000.0,0.0,1,0,0.0,45000.0,0.00057617,0.0,0.0,0.0,8,0,4,1,0.0,1.0,0.0,0.0,0,0,0,False,True,45000.0
100000002659265100,terminal_unverified,0.38,7,0.0921,"Принял 141 тыс ₸ от 1 плательщика, исходящих нет, но узел на 4-м колене, где обход остановлен: отличить конечного получателя от необследованного нельзя без выгрузки на 5-е колено.",4,False,1,0,141000.0,0.0,1,0,0.0,141000.0,0.0003197,0.0,0.0,3e-08,8,0,4,1,0.0,1.0,0.0,0.0,0,0,0,False,True,141000.0
100000004403641100,terminal_unverified,0.38,12,0.092,"Принял 172 тыс ₸ от 1 плательщика, исходящих нет, но узел на 4-м колене, где обход остановлен: отличить конечного получателя от необследованного нельзя без выгрузки на 5-е колено.",4,False,1,0,171500.0,0.0,1,0,0.0,171500.0,0.00030055,0.0,0.0,2.1e-07,8,0,4,1,0.0,1.0,0.0,0.0,0,0,0,False,True,171500.0
100000001537524100,terminal_unverified,0.38,12,0.0919,"Принял 150 тыс ₸ от 1 плательщика, исходящих нет, но узел на 4-м колене, где обход остановлен: отличить конечного получателя от необследованного нельзя без выгрузки на 5-е колено.",4,False,1,0,150000.0,0.0,1,0,0.0,150000.0,0.00029867,0.0,0.0,2.1e-07,8,0,4,1,0.0,1.0,0.0,0.0,0,0,0,False,True,150000.0
100000002734815100,terminal_unverified,0.38,7,0.0919,"Принял 110 тыс ₸ от 1 плательщика, исходящих нет, но узел на 4-м колене, где обход остановлен: отличить конечного получателя от необследованного нельзя без выгрузки на 5-е колено.",4,False,1,0,110000.0,0.0,1,0,0.0,110000.0,0.0003122,0.0,0.0,3e-08,8,0,4,1,0.0,1.0,0.0,0.0,0,0,0,False,True,110000.0
100000005539201100,peripheral,0.6,5,0.0919,"Вход: 1 плательщика (46 тыс ₸), выход: 1 получателя (25 тыс ₸) — ни один порог роли не пройден.",1,False,1,1,45504.0,25000.0,1,1,0.5494,20504.0,0.00029046,4.197e-05,0.0,0.00029524,7,1,1,1,0.0,1.0,1.0,-4.0,0,0,0,False,False,70504.0
100000001822650100,terminal_unverified,0.38,7,0.0918,"Принял 112 тыс ₸ от 1 плательщика, исходящих нет, но узел на 4-м колене, где обход остановлен: отличить конечного получателя от необследованного нельзя без выгрузки на 5-е колено.",4,False,1,0,112000.0,0.0,1,0,0.0,112000.0,0.0003059,0.0,0.0,3.3e-07,8,0,4,1,0.0,1.0,0.0,0.0,0,0,0,False,True,112000.0
100000002723439100,peripheral,0.33,32,0.0918,"Вход: 1 плательщика (18 тыс ₸), выход: 0 получателей (0 тыс ₸) — ни один порог роли не пройден. Обход оборван на 4-м колене — исходящие могли не попасть в выгрузку.",4,False,1,0,18000.0,0.0,2,0,0.0,18000.0,0.00055262,0.0,0.0,0.0,8,0,4,1,0.0,1.0,0.0,0.0,0,0,0,False,True,18000.0
100000001053894100,terminal_unverified,0.38,41,0.0917,"Принял 2.0 млн ₸ от 1 плательщика, исходящих нет, но узел на 4-м колене, где обход остановлен: отличить конечного получателя от необследованного нельзя без выгрузки на 5-е колено.",4,False,1,0,2000000.0,0.0,7,0,0.0,2000000.0,0.00044855,0.0,0.0,0.0,7,0,4,1,0.0,1.0,0.0,0.0,0,0,0,False,True,2000000.0
100000001299323100,terminal_unverified,0.38,7,0.0917,"Принял 109 тыс ₸ от 1 плательщика, исходящих нет, но узел на 4-м колене, где обход остановлен: отличить конечного получателя от необследованного нельзя без выгрузки на 5-е колено.",4,False,1,0,109000.0,0.0,1,0,0.0,109000.0,0.00029991,0.0,0.0,1.28e-06,8,0,4,1,0.0,1.0,0.0,0.0,0,0,0,False,True,109000.0
100000003074515100,terminal_unverified,0.38,7,0.0917,"Принял 105 тыс ₸ от 1 плательщика, исходящих нет, но узел на 4-м колене, где обход остановлен: отличить конечного получателя от необследованного нельзя без выгрузки на 5-е колено.",4,False,1,0,105000.0,0.0,1,0,0.0,105000.0,0.00029938,0.0,0.0,1.28e-06,8,0,4,1,0.0,1.0,0.0,0.0,0,0,0,False,True,105000.0
100000003134550100,terminal_unverified,0.38,10,0.0917,"Принял 100 тыс ₸ от 1 плательщика, исходящих нет, но узел на 4-м колене, где обход остановлен: отличить конечного получателя от необследованного нельзя без выгрузки на 5-е колено.",4,False,1,0,100000.0,0.0,1,0,0.0,100000.0,0.00029885,0.0,0.0,4.9e-07,8,0,4,1,0.0,1.0,0.0,0.0,0,0,0,False,True,100000.0
100000003180820100,terminal_unverified,0.38,7,0.0917,"Принял 101 тыс ₸ от 1 плательщика, исходящих нет, но узел на 4-м колене, где обход остановлен: отличить конечного получателя от необследованного нельзя без выгрузки на 5-е колено.",4,False,1,0,101000.0,0.0,1,0,0.0,101000.0,0.00029886,0.0,0.0,1.28e-06,8,0,4,1,0.0,1.0,0.0,0.0,0,0,0,False,True,101000.0
100000003230329100,terminal_unverified,0.38,7,0.0917,"Принял 110 тыс ₸ от 1 плательщика, исходящих нет, но узел на 4-м колене, где обход остановлен: отличить конечного получателя от необследованного нельзя без выгрузки на 5-е колено.",4,False,1,0,110000.0,0.0,1,0,0.0,110000.0,0.00030004,0.0,0.0,1.28e-06,8,0,4,1,0.0,1.0,0.0,0.0,0,0,0,False,True,110000.0
100000003252446100,terminal_unverified,0.38,10,0.0917,"Принял 109 тыс ₸ от 1 плательщика, исходящих нет, но узел на 4-м колене, где обход остановлен: отличить конечного получателя от необследованного нельзя без выгрузки на 5-е колено.",4,False,1,0,108600.0,0.0,1,0,0.0,108600.0,0.00029999,0.0,0.0,4.9e-07,8,0,4,1,0.0,1.0,0.0,0.0,0,0,0,False,True,108600.0
100000007591246100,peripheral,0.6,13,0.0917,"Вход: 1 плательщика (12 тыс ₸), выход: 1 получателя (120 тыс ₸) — ни один порог роли не пройден.",3,False,1,1,12190.0,120000.0,1,1,9.8441,0.0,0.00029789,1.02e-06,7.3e-07,2.448e-05,7,0,3,2,0.0,1.0,1.0,-6.0,0,0,0,False,False,132190.0
100000002258492100,peripheral,0.33,20,0.0916,"Вход: 1 плательщика (9 тыс ₸), выход: 0 получателей (0 тыс ₸) — ни один порог роли не пройден. Обход оборван на 4-м колене — исходящие могли не попасть в выгрузку.",4,False,1,0,9000.0,0.0,1,0,0.0,9000.0,0.00054013,0.0,0.0,0.0,8,0,4,1,0.0,1.0,0.0,0.0,0,0,0,False,True,9000.0
100000000955529100,peripheral,0.6,2,0.0915,"Вход: 1 плательщика (27 тыс ₸), выход: 1 получателя (64 тыс ₸) — ни один порог роли не пройден.",3,False,1,1,27000.0,63500.0,1,1,2.3519,0.0,0.00029563,3.37e-06,0.00019785,6.4e-07,7,0,3,2,0.0,1.0,1.0,7.0,0,0,0,False,False,90500.0
100000007267915100,peripheral,0.6,15,0.0915,"Вход: 2 плательщиков (21 тыс ₸), выход: 1 получателя (10 тыс ₸) — ни один порог роли не пройден.",3,False,2,1,21000.0,10000.0,3,1,0.4762,11000.0,0.00029139,1.67e-06,0.00012844,0.00087616,7,0,3,2,1.0,1.0,1.0,2.0,0,0,0,False,False,31000.0
100000008619857100,peripheral,0.6,0,0.0915,"Вход: 1 плательщика (29 тыс ₸), выход: 2 получателей (13 тыс ₸) — ни один порог роли не пройден.",3,False,1,2,29000.0,13000.0,1,2,0.4483,16000.0,0.0002872,1.76e-06,0.00040405,0.00290578,7,0,3,2,0.6154,1.0,1.0,0.0,0,0,0,False,False,42000.0
100000008703533100,terminal_unverified,0.38,10,0.0915,"Принял 75 тыс ₸ от 1 плательщика, исходящих нет, но узел на 4-м колене, где обход остановлен: отличить конечного получателя от необследованного нельзя без выгрузки на 5-е колено.",4,False,1,0,75000.0,0.0,1,0,0.0,75000.0,0.00029553,0.0,0.0,4.9e-07,8,0,4,1,0.0,1.0,0.0,0.0,0,0,0,False,True,75000.0
100000002835874100,terminal_unverified,0.38,7,0.0914,"Принял 59 тыс ₸ от 1 плательщика, исходящих нет, но узел на 4-м колене, где обход остановлен: отличить конечного получателя от необследованного нельзя без выгрузки на 5-е колено.",4,False,1,0,58700.0,0.0,1,0,0.0,58700.0,0.00029329,0.0,0.0,1.28e-06,8,0,4,1,0.0,1.0,0.0,0.0,0,0,0,False,True,58700.0
100000003951827100,peripheral,0.6,0,0.0914,"Вход: 1 плательщика (9 тыс ₸), выход: 2 получателей (17 тыс ₸) — ни один порог роли не пройден.",3,False,1,2,9000.0,17000.0,1,2,1.8889,0.0,0.00028608,1.33e-06,0.00016424,0.00290578,7,0,3,2,0.0,1.0,1.0,24.0,0,0,0,False,False,26000.0
100000005834479100,peripheral,0.6,3,0.0914,"Вход: 1 плательщика (8 тыс ₸), выход: 2 получателей (14 тыс ₸) — ни один порог роли не пройден.",2,False,1,2,7500.0,14470.0,1,2,1.9293,0.0,0.00028675,1.98e-06,0.00271414,0.00014217,7,0,2,2,0.0,1.0,1.0,-2.0,0,0,0,False,False,21970.0
100000008175078100,terminal_unverified,0.38,37,0.0913,"Принял 1.8 млн ₸ от 1 плательщика, исходящих нет, но узел на 4-м колене, где обход остановлен: отличить конечного получателя от необследованного нельзя без выгрузки на 5-е колено.",4,False,1,0,1846711.0,0.0,15,0,0.0,1846711.0,0.00046907,0.0,0.0,0.0,7,0,4,1,0.0,1.0,0.0,0.0,0,0,0,False,True,1846711.0
100000002938501100,peripheral,0.6,5,0.0912,"Вход: 1 плательщика (8 тыс ₸), выход: 1 получателя (5 тыс ₸) — ни один порог роли не пройден.",1,False,1,1,8395.0,5000.0,1,1,0.5956,3395.0,0.00028647,1.794e-05,1.2e-06,0.00029524,7,1,1,1,0.0,1.0,1.0,-2.0,0,0,0,False,False,13395.0
100000002958345100,terminal,0.8,12,0.0912,"Принял 307 тыс ₸ от 1 плательщика и удержал 307 тыс ₸; обход на колене 3 не обрывался, значит отсутствие исходящих — поведение, а не артефакт.",3,False,1,0,307000.0,0.0,1,0,0.0,307000.0,0.00030019,0.0,0.0,3.8e-07,2,0,3,1,0.0,1.0,0.0,0.0,0,0,0,False,False,307000.0
100000004674412100,peripheral,0.33,9,0.0912,"Вход: 1 плательщика (46 тыс ₸), выход: 0 получателей (0 тыс ₸) — ни один порог роли не пройден. Обход оборван на 4-м колене — исходящие могли не попасть в выгрузку.",4,False,1,0,46000.0,0.0,1,0,0.0,46000.0,0.00048937,0.0,0.0,0.0,8,0,4,1,0.0,1.0,0.0,0.0,0,0,0,False,True,46000.0
100000002509598100,terminal,0.799,12,0.0911,"Принял 306 тыс ₸ от 1 плательщика и удержал 306 тыс ₸; обход на колене 3 не обрывался, значит отсутствие исходящих — поведение, а не артефакт.",3,False,1,0,305550.0,0.0,1,0,0.0,305550.0,0.00030012,0.0,0.0,3.8e-07,2,0,3,1,0.0,1.0,0.0,0.0,0,0,0,False,False,305550.0
100000001131403100,terminal_unverified,0.38,58,0.0909,"Принял 1.6 млн ₸ от 1 плательщика, исходящих нет, но узел на 4-м колене, где обход остановлен: отличить конечного получателя от необследованного нельзя без выгрузки на 5-е колено.",4,False,1,0,1570000.0,0.0,3,0,0.0,1570000.0,0.00053804,0.0,0.0,0.0,7,0,4,1,0.0,1.0,0.0,0.0,0,0,0,False,True,1570000.0
100000002653187100,peripheral,0.33,11,0.0909,"Вход: 1 плательщика (15 тыс ₸), выход: 0 получателей (0 тыс ₸) — ни один порог роли не пройден. Обход оборван на 4-м колене — исходящие могли не попасть в выгрузку.",4,False,1,0,15000.0,0.0,1,0,0.0,15000.0,0.00047328,0.0,0.0,0.0,8,0,4,1,0.0,1.0,0.0,0.0,0,0,0,False,True,15000.0
100000002821425100,terminal,0.793,12,0.0907,"Принял 275 тыс ₸ от 1 плательщика и удержал 275 тыс ₸; обход на колене 3 не обрывался, значит отсутствие исходящих — поведение, а не артефакт.",3,False,1,0,275000.0,0.0,1,0,0.0,275000.0,0.00029867,0.0,0.0,3.8e-07,2,0,3,1,0.0,1.0,0.0,0.0,0,0,0,False,False,275000.0
100000001960517100,terminal,0.779,6,0.0906,"Принял 200 тыс ₸ от 1 плательщика и удержал 200 тыс ₸; обход на колене 1 не обрывался, значит отсутствие исходящих — поведение, а не артефакт.",1,False,1,0,200000.0,0.0,1,0,0.0,200000.0,0.00035922,0.0,0.0,9.2e-07,2,1,1,1,0.0,1.0,0.0,0.0,0,0,0,False,False,200000.0
100000008517061100,terminal_unverified,0.38,14,0.0906,"Принял 1.8 млн ₸ от 1 плательщика, исходящих нет, но узел на 4-м колене, где обход остановлен: отличить конечного получателя от необследованного нельзя без выгрузки на 5-е колено.",4,False,1,0,1844000.0,0.0,4,0,0.0,1844000.0,0.00041306,0.0,0.0,6e-08,7,0,4,1,0.0,1.0,0.0,0.0,0,0,0,False,True,1844000.0
100000001056414100,terminal,0.79,12,0.0904,"Принял 250 тыс ₸ от 1 плательщика и удержал 250 тыс ₸; обход на колене 3 не обрывался, значит отсутствие исходящих — поведение, а не артефакт.",3,False,1,0,250000.0,0.0,1,0,0.0,250000.0,0.00029748,0.0,0.0,3.8e-07,2,0,3,1,0.0,1.0,0.0,0.0,0,0,0,False,False,250000.0
100000002872399100,terminal,0.833,6,0.0903,"Принял 1.1 млн ₸ от 1 плательщика и удержал 1.1 млн ₸; обход на колене 3 не обрывался, значит отсутствие исходящих — поведение, а не артефакт.",3,False,1,0,1090000.0,0.0,9,0,0.0,1090000.0,0.00070577,0.0,0.0,3e-08,1,0,3,1,0.0,1.0,0.0,0.0,0,0,0,False,False,1090000.0
100000004979264100,peripheral,0.33,10,0.0903,"Вход: 1 плательщика (40 тыс ₸), выход: 0 получателей (0 тыс ₸) — ни один порог роли не пройден. Обход оборван на 4-м колене — исходящие могли не попасть в выгрузку.",4,False,1,0,39800.0,0.0,1,0,0.0,39800.0,0.00041138,0.0,0.0,0.0,8,0,4,1,0.0,1.0,0.0,0.0,0,0,0,False,True,39800.0
100000003220685100,terminal_unverified,0.38,4,0.0898,"Принял 1.3 млн ₸ от 1 плательщика, исходящих нет, но узел на 4-м колене, где обход остановлен: отличить конечного получателя от необследованного нельзя без выгрузки на 5-е колено.",4,False,1,0,1306000.0,0.0,2,0,0.0,1306000.0,0.0005376,0.0,0.0,0.0,7,0,4,1,0.0,1.0,0.0,0.0,0,0,0,False,True,1306000.0
100000002671326100,terminal_unverified,0.38,10,0.0897,"Принял 1.1 млн ₸ от 1 плательщика, исходящих нет, но узел на 4-м колене, где обход остановлен: отличить конечного получателя от необследованного нельзя без выгрузки на 5-е колено.",4,False,1,0,1050000.0,0.0,2,0,0.0,1050000.0,0.00062945,0.0,0.0,0.0,7,0,4,1,0.0,1.0,0.0,0.0,0,0,0,False,True,1050000.0
100000004571634100,peripheral,0.33,9,0.0897,"Вход: 1 плательщика (20 тыс ₸), выход: 0 получателей (0 тыс ₸) — ни один порог роли не пройден. Обход оборван на 4-м колене — исходящие могли не попасть в выгрузку.",4,False,1,0,20000.0,0.0,1,0,0.0,20000.0,0.00037418,0.0,0.0,0.0,8,0,4,1,0.0,1.0,0.0,0.0,0,0,0,False,True,20000.0
100000004674389100,peripheral,0.33,9,0.0895,"Вход: 1 плательщика (15 тыс ₸), выход: 0 получателей (0 тыс ₸) — ни один порог роли не пройден. Обход оборван на 4-м колене — исходящие могли не попасть в выгрузку.",4,False,1,0,15000.0,0.0,1,0,0.0,15000.0,0.00035203,0.0,0.0,0.0,8,0,4,1,0.0,1.0,0.0,0.0,0,0,0,False,True,15000.0
100000005723580100,peripheral,0.33,10,0.0895,"Вход: 1 плательщика (35 тыс ₸), выход: 0 получателей (0 тыс ₸) — ни один порог роли не пройден. Обход оборван на 4-м колене — исходящие могли не попасть в выгрузку.",4,False,1,0,35000.0,0.0,1,0,0.0,35000.0,0.00034434,0.0,0.0,0.0,8,0,4,1,0.0,1.0,0.0,0.0,0,0,0,False,True,35000.0
100000002824176100,terminal,0.758,6,0.0892,"Принял 144 тыс ₸ от 1 плательщика и удержал 144 тыс ₸; обход на колене 1 не обрывался, значит отсутствие исходящих — поведение, а не артефакт.",1,False,1,0,144000.0,0.0,1,0,0.0,144000.0,0.0003386,0.0,0.0,9.2e-07,2,1,1,1,0.0,1.0,0.0,0.0,0,0,0,False,False,144000.0
100000004908173100,peripheral,0.33,10,0.0891,"Вход: 1 плательщика (21 тыс ₸), выход: 0 получателей (0 тыс ₸) — ни один порог роли не пройден. Обход оборван на 4-м колене — исходящие могли не попасть в выгрузку.",4,False,1,0,21000.0,0.0,1,0,0.0,21000.0,0.00032083,0.0,0.0,0.0,8,0,4,1,0.0,1.0,0.0,0.0,0,0,0,False,True,21000.0
100000008730021100,terminal,0.719,16,0.0891,"Принял 76 тыс ₸ от 1 плательщика и удержал 76 тыс ₸; обход на колене 1 не обрывался, значит отсутствие исходящих — поведение, а не артефакт.",1,False,1,0,75555.0,0.0,3,0,0.0,75555.0,0.00046814,0.0,0.0,2.39e-06,2,1,1,1,0.0,1.0,0.0,0.0,0,0,0,False,False,75555.0
100000004526651100,peripheral,0.33,7,0.0888,"Вход: 1 плательщика (33 тыс ₸), выход: 0 получателей (0 тыс ₸) — ни один порог роли не пройден. Обход оборван на 4-м колене — исходящие могли не попасть в выгрузку.",4,False,1,0,33000.0,0.0,1,0,0.0,33000.0,0.00028991,0.0,0.0,1.28e-06,8,0,4,1,0.0,1.0,0.0,0.0,0,0,0,False,True,33000.0
100000008710913100,peripheral,0.33,7,0.0887,"Вход: 1 плательщика (14 тыс ₸), выход: 0 получателей (0 тыс ₸) — ни один порог роли не пройден. Обход оборван на 4-м колене — исходящие могли не попасть в выгрузку.",4,False,1,0,14000.0,0.0,1,0,0.0,14000.0,0.00028811,0.0,0.0,3.3e-07,8,0,4,1,0.0,1.0,0.0,0.0,0,0,0,False,True,14000.0
100000008758106100,peripheral,0.33,7,0.0887,"Вход: 1 плательщика (10 тыс ₸), выход: 0 получателей (0 тыс ₸) — ни один порог роли не пройден. Обход оборван на 4-м колене — исходящие могли не попасть в выгрузку.",4,False,1,0,10000.0,0.0,1,0,0.0,10000.0,0.00028688,0.0,0.0,1.28e-06,8,0,4,1,0.0,1.0,0.0,0.0,0,0,0,False,True,10000.0
100000008758607100,peripheral,0.33,7,0.0887,"Вход: 1 плательщика (5 тыс ₸), выход: 0 получателей (0 тыс ₸) — ни один порог роли не пройден. Обход оборван на 4-м колене — исходящие могли не попасть в выгрузку.",4,False,1,0,5000.0,0.0,1,0,0.0,5000.0,0.00028623,0.0,0.0,1.28e-06,8,0,4,1,0.0,1.0,0.0,0.0,0,0,0,False,True,5000.0
100000008761132100,peripheral,0.33,7,0.0887,"Вход: 1 плательщика (10 тыс ₸), выход: 0 получателей (0 тыс ₸) — ни один порог роли не пройден. Обход оборван на 4-м колене — исходящие могли не попасть в выгрузку.",4,False,1,0,10000.0,0.0,1,0,0.0,10000.0,0.00028688,0.0,0.0,1.28e-06,8,0,4,1,0.0,1.0,0.0,0.0,0,0,0,False,True,10000.0
100000008761220100,peripheral,0.33,7,0.0887,"Вход: 1 плательщика (10 тыс ₸), выход: 0 получателей (0 тыс ₸) — ни один порог роли не пройден. Обход оборван на 4-м колене — исходящие могли не попасть в выгрузку.",4,False,1,0,10000.0,0.0,1,0,0.0,10000.0,0.00028688,0.0,0.0,1.28e-06,8,0,4,1,0.0,1.0,0.0,0.0,0,0,0,False,True,10000.0
100000008762005100,peripheral,0.33,7,0.0887,"Вход: 1 плательщика (5 тыс ₸), выход: 0 получателей (0 тыс ₸) — ни один порог роли не пройден. Обход оборван на 4-м колене — исходящие могли не попасть в выгрузку.",4,False,1,0,5000.0,0.0,1,0,0.0,5000.0,0.00028678,0.0,0.0,3e-08,8,0,4,1,0.0,1.0,0.0,0.0,0,0,0,False,True,5000.0
100000008762843100,peripheral,0.33,7,0.0887,"Вход: 1 плательщика (7 тыс ₸), выход: 0 получателей (0 тыс ₸) — ни один порог роли не пройден. Обход оборван на 4-м колене — исходящие могли не попасть в выгрузку.",4,False,1,0,7000.0,0.0,1,0,0.0,7000.0,0.00028726,0.0,0.0,3e-08,8,0,4,1,0.0,1.0,0.0,0.0,0,0,0,False,True,7000.0
100000008762885100,peripheral,0.33,7,0.0887,"Вход: 1 плательщика (7 тыс ₸), выход: 0 получателей (0 тыс ₸) — ни один порог роли не пройден. Обход оборван на 4-м колене — исходящие могли не попасть в выгрузку.",4,False,1,0,7000.0,0.0,1,0,0.0,7000.0,0.00028726,0.0,0.0,3e-08,8,0,4,1,0.0,1.0,0.0,0.0,0,0,0,False,True,7000.0
100000008766031100,peripheral,0.33,7,0.0887,"Вход: 1 плательщика (5 тыс ₸), выход: 0 получателей (0 тыс ₸) — ни один порог роли не пройден. Обход оборван на 4-м колене — исходящие могли не попасть в выгрузку.",4,False,1,0,5000.0,0.0,1,0,0.0,5000.0,0.00028648,0.0,0.0,3.3e-07,8,0,4,1,0.0,1.0,0.0,0.0,0,0,0,False,True,5000.0
100000008766764100,peripheral,0.33,7,0.0887,"Вход: 1 плательщика (5 тыс ₸), выход: 0 получателей (0 тыс ₸) — ни один порог роли не пройден. Обход оборван на 4-м колене — исходящие могли не попасть в выгрузку.",4,False,1,0,5000.0,0.0,1,0,0.0,5000.0,0.00028623,0.0,0.0,1.28e-06,8,0,4,1,0.0,1.0,0.0,0.0,0,0,0,False,True,5000.0
100000008775747100,peripheral,0.33,7,0.0887,"Вход: 1 плательщика (5 тыс ₸), выход: 0 получателей (0 тыс ₸) — ни один порог роли не пройден. Обход оборван на 4-м колене — исходящие могли не попасть в выгрузку.",4,False,1,0,5000.0,0.0,1,0,0.0,5000.0,0.00028623,0.0,0.0,1.28e-06,8,0,4,1,0.0,1.0,0.0,0.0,0,0,0,False,True,5000.0
100000008471634100,peripheral,0.33,26,0.0886,"Вход: 1 плательщика (20 тыс ₸), выход: 0 получателей (0 тыс ₸) — ни один порог роли не пройден. Обход оборван на 4-м колене — исходящие могли не попасть в выгрузку.",4,False,1,0,20000.0,0.0,1,0,0.0,20000.0,0.00112461,0.0,0.0,0.0,7,0,4,1,0.0,1.0,0.0,0.0,0,0,0,False,True,20000.0
100000003718715100,terminal_unverified,0.38,13,0.0885,"Принял 915 тыс ₸ от 1 плательщика, исходящих нет, но узел на 4-м колене, где обход остановлен: отличить конечного получателя от необследованного нельзя без выгрузки на 5-е колено.",4,False,1,0,915000.0,0.0,3,0,0.0,915000.0,0.00057558,0.0,0.0,0.0,7,0,4,1,0.0,1.0,0.0,0.0,0,0,0,False,True,915000.0
100000008306857100,terminal,0.75,12,0.0881,"Принял 125 тыс ₸ от 1 плательщика и удержал 125 тыс ₸; обход на колене 3 не обрывался, значит отсутствие исходящих — поведение, а не артефакт.",3,False,1,0,125000.0,0.0,1,0,0.0,125000.0,0.00029152,0.0,0.0,3.8e-07,2,0,3,1,0.0,1.0,0.0,0.0,0,0,0,False,False,125000.0
100000004035925100,terminal_unverified,0.38,65,0.088,"Принял 1.1 млн ₸ от 1 плательщика, исходящих нет, но узел на 4-м колене, где обход остановлен: отличить конечного получателя от необследованного нельзя без выгрузки на 5-е колено.",4,False,1,0,1111588.0,0.0,2,0,0.0,1111588.0,0.00046241,0.0,0.0,0.0,7,0,4,1,0.0,1.0,0.0,0.0,0,0,0,False,True,1111588.0
100000003247600100,terminal_unverified,0.38,2,0.0879,"Принял 58 тыс ₸ от 1 плательщика, исходящих нет, но узел на 4-м колене, где обход остановлен: отличить конечного получателя от необследованного нельзя без выгрузки на 5-е колено.",4,False,1,0,58000.0,0.0,1,0,0.0,58000.0,0.00084121,0.0,0.0,0.0,7,0,4,1,0.0,1.0,0.0,0.0,0,0,0,False,True,58000.0
100000003112578100,terminal,0.74,12,0.0876,"Принял 101 тыс ₸ от 1 плательщика и удержал 101 тыс ₸; обход на колене 3 не обрывался, значит отсутствие исходящих — поведение, а не артефакт.",3,False,1,0,101080.0,0.0,1,0,0.0,101080.0,0.00029038,0.0,0.0,3.8e-07,2,0,3,1,0.0,1.0,0.0,0.0,0,0,0,False,False,101080.0
100000004586598100,terminal_unverified,0.38,71,0.0874,"Принял 761 тыс ₸ от 1 плательщика, исходящих нет, но узел на 4-м колене, где обход остановлен: отличить конечного получателя от необследованного нельзя без выгрузки на 5-е колено.",4,False,1,0,761255.0,0.0,4,0,0.0,761255.0,0.00053927,0.0,0.0,0.0,7,0,4,1,0.0,1.0,0.0,0.0,0,0,0,False,True,761255.0
100000005042822100,terminal_unverified,0.38,31,0.0874,"Принял 1.0 млн ₸ от 1 плательщика, исходящих нет, но узел на 4-м колене, где обход остановлен: отличить конечного получателя от необследованного нельзя без выгрузки на 5-е колено.",4,False,1,0,1000000.0,0.0,1,0,0.0,1000000.0,0.00045261,0.0,0.0,0.0,7,0,4,1,0.0,1.0,0.0,0.0,0,0,0,False,True,1000000.0
100000002686226100,terminal_unverified,0.38,15,0.0873,"Принял 430 тыс ₸ от 1 плательщика, исходящих нет, но узел на 4-м колене, где обход остановлен: отличить конечного получателя от необследованного нельзя без выгрузки на 5-е колено.",4,False,1,0,430000.0,0.0,2,0,0.0,430000.0,0.00065462,0.0,0.0,0.0,7,0,4,1,0.0,1.0,0.0,0.0,0,0,0,False,True,430000.0
100000005272139100,terminal_unverified,0.38,5,0.0873,"Принял 165 тыс ₸ от 1 плательщика, исходящих нет, но узел на 4-м колене, где обход остановлен: отличить конечного получателя от необследованного нельзя без выгрузки на 5-е колено.",4,False,1,0,165000.0,0.0,1,0,0.0,165000.0,0.00075553,0.0,0.0,0.0,7,0,4,1,0.0,1.0,0.0,0.0,0,0,0,False,True,165000.0
100000008655035100,terminal,0.656,6,0.0873,"Принял 30 тыс ₸ от 1 плательщика и удержал 30 тыс ₸; обход на колене 2 не обрывался, значит отсутствие исходящих — поведение, а не артефакт.",2,False,1,0,30000.0,0.0,1,0,0.0,30000.0,0.00054014,0.0,0.0,0.0,2,0,2,1,0.0,1.0,0.0,0.0,0,0,0,False,False,30000.0
100000008701944100,terminal,0.697,16,0.0873,"Принял 52 тыс ₸ от 1 плательщика и удержал 52 тыс ₸; обход на колене 1 не обрывался, значит отсутствие исходящих — поведение, а не артефакт.",1,False,1,0,52124.0,0.0,1,0,0.0,52124.0,0.00041152,0.0,0.0,2.39e-06,2,1,1,1,0.0,1.0,0.0,0.0,0,0,0,False,False,52124.0
100000003696422100,terminal_unverified,0.38,31,0.0866,"Принял 118 тыс ₸ от 1 плательщика, исходящих нет, но узел на 4-м колене, где обход остановлен: отличить конечного получателя от необследованного нельзя без выгрузки на 5-е колено.",4,False,1,0,118000.0,0.0,2,0,0.0,118000.0,0.00070852,0.0,0.0,0.0,7,0,4,1,0.0,1.0,0.0,0.0,0,0,0,False,True,118000.0
100000004399686100,terminal,0.83,24,0.0866,"Принял 806 тыс ₸ от 1 плательщика и удержал 806 тыс ₸; обход на колене 3 не обрывался, значит отсутствие исходящих — поведение, а не артефакт.",3,False,1,0,806000.0,0.0,2,0,0.0,806000.0,0.00057081,0.0,0.0,0.0,1,0,3,1,0.0,1.0,0.0,0.0,0,0,0,False,False,806000.0
100000007330432100,terminal_unverified,0.38,70,0.0866,"Принял 585 тыс ₸ от 1 плательщика, исходящих нет, но узел на 4-м колене, где обход остановлен: отличить конечного получателя от необследованного нельзя без выгрузки на 5-е колено.",4,False,1,0,584900.0,0.0,1,0,0.0,584900.0,0.00053818,0.0,0.0,2e-08,7,0,4,1,0.0,1.0,0.0,0.0,0,0,0,False,True,584900.0
100000002594214100,terminal_unverified,0.38,41,0.0864,"Принял 1.0 млн ₸ от 1 плательщика, исходящих нет, но узел на 4-м колене, где обход остановлен: отличить конечного получателя от необследованного нельзя без выгрузки на 5-е колено.",4,False,1,0,1000000.0,0.0,1,0,0.0,1000000.0,0.00036706,0.0,0.0,0.0,7,0,4,1,0.0,1.0,0.0,0.0,0,0,0,False,True,1000000.0
100000005183943100,terminal,0.826,42,0.0864,"Принял 681 тыс ₸ от 1 плательщика и удержал 681 тыс ₸; обход на колене 1 не обрывался, значит отсутствие исходящих — поведение, а не артефакт.",1,False,1,0,680900.0,0.0,9,0,0.0,680900.0,0.00061084,0.0,0.0,0.0,1,1,1,1,0.0,1.0,0.0,0.0,0,0,0,False,False,680900.0
100000003692843100,terminal_unverified,0.38,66,0.0862,"Принял 510 тыс ₸ от 1 плательщика, исходящих нет, но узел на 4-м колене, где обход остановлен: отличить конечного получателя от необследованного нельзя без выгрузки на 5-е колено.",4,False,1,0,510000.0,0.0,2,0,0.0,510000.0,0.0005295,0.0,0.0,0.0,7,0,4,1,0.0,1.0,0.0,0.0,0,0,0,False,True,510000.0
100000001222245100,terminal_unverified,0.38,4,0.086,"Принял 420 тыс ₸ от 1 плательщика, исходящих нет, но узел на 4-м колене, где обход остановлен: отличить конечного получателя от необследованного нельзя без выгрузки на 5-е колено.",4,False,1,0,420000.0,0.0,5,0,0.0,420000.0,0.00054916,0.0,0.0,0.0,7,0,4,1,0.0,1.0,0.0,0.0,0,0,0,False,True,420000.0
100000003470579100,terminal_unverified,0.38,27,0.086,"Принял 357 тыс ₸ от 1 плательщика, исходящих нет, но узел на 4-м колене, где обход остановлен: отличить конечного получателя от необследованного нельзя без выгрузки на 5-е колено.",4,False,1,0,357000.0,0.0,2,0,0.0,357000.0,0.00056853,0.0,0.0,0.0,7,0,4,1,0.0,1.0,0.0,0.0,0,0,0,False,True,357000.0
100000004350094100,peripheral,0.33,17,0.086,"Вход: 1 плательщика (20 тыс ₸), выход: 0 получателей (0 тыс ₸) — ни один порог роли не пройден. Обход оборван на 4-м колене — исходящие могли не попасть в выгрузку.",4,False,1,0,20000.0,0.0,1,0,0.0,20000.0,0.00089395,0.0,0.0,1.66e-06,7,0,4,1,0.0,1.0,0.0,0.0,0,0,0,False,True,20000.0
100000004500781100,terminal_unverified,0.38,14,0.086,"Принял 74 тыс ₸ от 1 плательщика, исходящих нет, но узел на 4-м колене, где обход остановлен: отличить конечного получателя от необследованного нельзя без выгрузки на 5-е колено.",4,False,1,0,74000.0,0.0,5,0,0.0,74000.0,0.00068075,0.0,0.0,0.0,7,0,4,1,0.0,1.0,0.0,0.0,0,0,0,False,True,74000.0
100000004691350100,peripheral,0.33,51,0.0859,"Вход: 1 плательщика (13 тыс ₸), выход: 0 получателей (0 тыс ₸) — ни один порог роли не пройден. Обход оборван на 4-м колене — исходящие могли не попасть в выгрузку.",4,False,1,0,13300.0,0.0,1,0,0.0,13300.0,0.00088706,0.0,0.0,0.0,7,0,4,1,0.0,1.0,0.0,0.0,0,0,0,False,True,13300.0
100000000733940100,terminal_unverified,0.38,31,0.0858,"Принял 752 тыс ₸ от 1 плательщика, исходящих нет, но узел на 4-м колене, где обход остановлен: отличить конечного получателя от необследованного нельзя без выгрузки на 5-е колено.",4,False,1,0,752000.0,0.0,2,0,0.0,752000.0,0.00041119,0.0,0.0,0.0,7,0,4,1,0.0,1.0,0.0,0.0,0,0,0,False,True,752000.0
100000002860934100,terminal_unverified,0.38,28,0.0858,"Принял 280 тыс ₸ от 1 плательщика, исходящих нет, но узел на 4-м колене, где обход остановлен: отличить конечного получателя от необследованного нельзя без выгрузки на 5-е колено.",4,False,1,0,279500.0,0.0,4,0,0.0,279500.0,0.00058144,0.0,0.0,0.0,7,0,4,1,0.0,1.0,0.0,0.0,0,0,0,False,True,279500.0
100000001065234100,terminal_unverified,0.38,60,0.0857,"Принял 360 тыс ₸ от 1 плательщика, исходящих нет, но узел на 4-м колене, где обход остановлен: отличить конечного получателя от необследованного нельзя без выгрузки на 5-е колено.",4,False,1,0,360000.0,0.0,1,0,0.0,360000.0,0.00054869,0.0,0.0,0.0,7,0,4,1,0.0,1.0,0.0,0.0,0,0,0,False,True,360000.0
100000003164661100,terminal,0.824,29,0.0857,"Принял 596 тыс ₸ от 1 плательщика и удержал 596 тыс ₸; обход на колене 3 не обрывался, значит отсутствие исходящих — поведение, а не артефакт.",3,False,1,0,596200.0,0.0,3,0,0.0,596200.0,0.00060074,0.0,0.0,0.0,1,0,3,1,0.0,1.0,0.0,0.0,0,0,0,False,False,596200.0
100000008469048100,terminal_unverified,0.38,0,0.0857,"Принял 265 тыс ₸ от 1 плательщика, исходящих нет, но узел на 4-м колене, где обход остановлен: отличить конечного получателя от необследованного нельзя без выгрузки на 5-е колено.",4,False,1,0,265200.0,0.0,7,0,0.0,265200.0,0.00057881,0.0,0.0,0.0,7,0,4,1,0.0,1.0,0.0,0.0,0,0,0,False,True,265200.0
100000001074553100,terminal,0.689,7,0.0856,"Принял 29 тыс ₸ от 2 плательщиков и удержал 29 тыс ₸; обход на колене 1 не обрывался, значит отсутствие исходящих — поведение, а не артефакт.",1,False,2,0,28971.0,0.0,2,0,0.0,28971.0,0.0002895,0.0,0.0,3.285e-05,2,2,1,2,0.0,1.0,0.0,0.0,0,0,0,False,False,28971.0
100000003025903100,terminal_unverified,0.38,4,0.0856,"Принял 386 тыс ₸ от 1 плательщика, исходящих нет, но узел на 4-м колене, где обход остановлен: отличить конечного получателя от необследованного нельзя без выгрузки на 5-е колено.",4,False,1,0,386300.0,0.0,6,0,0.0,386300.0,0.00052645,0.0,0.0,0.0,7,0,4,1,0.0,1.0,0.0,0.0,0,0,0,False,True,386300.0
100000007841978100,terminal_unverified,0.38,4,0.0856,"Принял 449 тыс ₸ от 1 плательщика, исходящих нет, но узел на 4-м колене, где обход остановлен: отличить конечного получателя от необследованного нельзя без выгрузки на 5-е колено.",4,False,1,0,449000.0,0.0,1,0,0.0,449000.0,0.00050632,0.0,0.0,0.0,7,0,4,1,0.0,1.0,0.0,0.0,0,0,0,False,True,449000.0
100000004652395100,terminal_unverified,0.44,0,0.0854,"Принял 102 тыс ₸ от 3 плательщиков, исходящих нет, но узел на 4-м колене, где обход остановлен: отличить конечного получателя от необследованного нельзя без выгрузки на 5-е колено.",4,False,3,0,101528.0,0.0,5,0,0.0,101528.0,0.00033571,0.0,0.0,0.00017022,7,0,4,2,0.0,3.0,0.0,0.0,0,0,0,False,True,101528.0
100000008695157100,terminal_unverified,0.38,3,0.0854,"Принял 426 тыс ₸ от 1 плательщика, исходящих нет, но узел на 4-м колене, где обход остановлен: отличить конечного получателя от необследованного нельзя без выгрузки на 5-е колено.",4,False,1,0,425546.0,0.0,3,0,0.0,425546.0,0.00049752,0.0,0.0,0.0,7,0,4,1,0.0,1.0,0.0,0.0,0,0,0,False,True,425546.0
100000003985389100,terminal_unverified,0.38,3,0.0853,"Принял 423 тыс ₸ от 1 плательщика, исходящих нет, но узел на 4-м колене, где обход остановлен: отличить конечного получателя от необследованного нельзя без выгрузки на 5-е колено.",4,False,1,0,422698.0,0.0,16,0,0.0,422698.0,0.00049036,0.0,0.0,0.0,7,0,4,1,0.0,1.0,0.0,0.0,0,0,0,False,True,422698.0
100000004260869100,peripheral,0.33,5,0.0853,"Вход: 1 плательщика (10 тыс ₸), выход: 0 получателей (0 тыс ₸) — ни один порог роли не пройден. Обход оборван на 4-м колене — исходящие могли не попасть в выгрузку.",4,False,1,0,10000.0,0.0,1,0,0.0,10000.0,0.00084221,0.0,0.0,0.0,7,0,4,1,0.0,1.0,0.0,0.0,0,0,0,False,True,10000.0
100000003230328100,terminal_unverified,0.44,0,0.0852,"Принял 27 тыс ₸ от 3 плательщиков, исходящих нет, но узел на 4-м колене, где обход остановлен: отличить конечного получателя от необследованного нельзя без выгрузки на 5-е колено.",4,False,3,0,26572.0,0.0,3,0,0.0,26572.0,0.00035168,0.0,0.0,6.359e-05,7,0,4,3,0.0,1.0,0.0,0.0,0,0,0,False,True,26572.0
100000002922000100,terminal_unverified,0.38,47,0.0851,"Принял 448 тыс ₸ от 1 плательщика, исходящих нет, но узел на 4-м колене, где обход остановлен: отличить конечного получателя от необследованного нельзя без выгрузки на 5-е колено.",4,False,1,0,448000.0,0.0,1,0,0.0,448000.0,0.00045972,0.0,0.0,7.7e-07,7,0,4,1,0.0,1.0,0.0,0.0,0,0,0,False,True,448000.0
100000005616568100,terminal_unverified,0.38,4,0.0851,"Принял 530 тыс ₸ от 1 плательщика, исходящих нет, но узел на 4-м колене, где обход остановлен: отличить конечного получателя от необследованного нельзя без выгрузки на 5-е колено.",4,False,1,0,530000.0,0.0,1,0,0.0,530000.0,0.00043196,0.0,0.0,0.0,7,0,4,1,0.0,1.0,0.0,0.0,0,0,0,False,True,530000.0
100000008136608100,terminal_unverified,0.38,8,0.0851,"Принял 170 тыс ₸ от 1 плательщика, исходящих нет, но узел на 4-м колене, где обход остановлен: отличить конечного получателя от необследованного нельзя без выгрузки на 5-е колено.",4,False,1,0,170000.0,0.0,1,0,0.0,170000.0,0.00056438,0.0,0.0,0.0,7,0,4,1,0.0,1.0,0.0,0.0,0,0,0,False,True,170000.0
100000001378288100,terminal_unverified,0.38,3,0.085,"Принял 268 тыс ₸ от 1 плательщика, исходящих нет, но узел на 4-м колене, где обход остановлен: отличить конечного получателя от необследованного нельзя без выгрузки на 5-е колено.",4,False,1,0,268000.0,0.0,3,0,0.0,268000.0,0.00052345,0.0,0.0,0.0,7,0,4,1,0.0,1.0,0.0,0.0,0,0,0,False,True,268000.0
100000004722630100,terminal_unverified,0.38,51,0.085,"Принял 340 тыс ₸ от 1 плательщика, исходящих нет, но узел на 4-м колене, где обход остановлен: отличить конечного получателя от необследованного нельзя без выгрузки на 5-е колено.",4,False,1,0,340000.0,0.0,2,0,0.0,340000.0,0.00049219,0.0,0.0,0.0,7,0,4,1,0.0,1.0,0.0,0.0,0,0,0,False,True,340000.0
100000005711521100,terminal_unverified,0.38,13,0.085,"Принял 238 тыс ₸ от 1 плательщика, исходящих нет, но узел на 4-м колене, где обход остановлен: отличить конечного получателя от необследованного нельзя без выгрузки на 5-е колено.",4,False,1,0,238000.0,0.0,1,0,0.0,238000.0,0.00053384,0.0,0.0,0.0,7,0,4,1,0.0,1.0,0.0,0.0,0,0,0,False,True,238000.0
100000008376785100,terminal_unverified,0.38,4,0.085,"Принял 234 тыс ₸ от 1 плательщика, исходящих нет, но узел на 4-м колене, где обход остановлен: отличить конечного получателя от необследованного нельзя без выгрузки на 5-е колено.",4,False,1,0,234250.0,0.0,2,0,0.0,234250.0,0.00053181,0.0,0.0,0.0,7,0,4,1,0.0,1.0,0.0,0.0,0,0,0,False,True,234250.0
100000000926078100,terminal_unverified,0.38,3,0.0849,"Принял 250 тыс ₸ от 1 плательщика, исходящих нет, но узел на 4-м колене, где обход остановлен: отличить конечного получателя от необследованного нельзя без выгрузки на 5-е колено.",4,False,1,0,250000.0,0.0,1,0,0.0,250000.0,0.00051656,0.0,0.0,0.0,7,0,4,1,0.0,1.0,0.0,0.0,0,0,0,False,True,250000.0
100000007511780100,terminal_unverified,0.38,0,0.0849,"Принял 155 тыс ₸ от 1 плательщика, исходящих нет, но узел на 4-м колене, где обход остановлен: отличить конечного получателя от необследованного нельзя без выгрузки на 5-е колено.",4,False,1,0,155000.0,0.0,2,0,0.0,155000.0,0.00055777,0.0,0.0,1.92e-06,7,0,4,1,0.0,1.0,0.0,0.0,0,0,0,False,True,155000.0
100000000803368100,terminal_unverified,0.38,14,0.0848,"Принял 140 тыс ₸ от 1 плательщика, исходящих нет, но узел на 4-м колене, где обход остановлен: отличить конечного получателя от необследованного нельзя без выгрузки на 5-е колено.",4,False,1,0,139503.0,0.0,1,0,0.0,139503.0,0.00054811,0.0,0.0,2e-07,7,0,4,1,0.0,1.0,0.0,0.0,0,0,0,False,True,139503.0
100000002257794100,terminal,0.762,23,0.0848,"Принял 154 тыс ₸ от 1 плательщика и удержал 154 тыс ₸; обход на колене 3 не обрывался, значит отсутствие исходящих — поведение, а не артефакт.",3,False,1,0,154000.0,0.0,1,0,0.0,154000.0,0.00086063,0.0,0.0,0.0,1,0,3,1,0.0,1.0,0.0,0.0,0,0,0,False,False,154000.0
100000006308406100,terminal_unverified,0.38,21,0.0848,"Принял 183 тыс ₸ от 1 плательщика, исходящих нет, но узел на 4-м колене, где обход остановлен: отличить конечного получателя от необследованного нельзя без выгрузки на 5-е колено.",4,False,1,0,183000.0,0.0,2,0,0.0,183000.0,0.00053936,0.0,0.0,0.0,7,0,4,1,0.0,1.0,0.0,0.0,0,0,0,False,True,183000.0
100000008168850100,terminal_unverified,0.38,4,0.0848,"Принял 188 тыс ₸ от 1 плательщика, исходящих нет, но узел на 4-м колене, где обход остановлен: отличить конечного получателя от необследованного нельзя без выгрузки на 5-е колено.",4,False,1,0,187910.0,0.0,2,0,0.0,187910.0,0.00053308,0.0,0.0,0.0,7,0,4,1,0.0,1.0,0.0,0.0,0,0,0,False,True,187910.0
100000006232642100,terminal_unverified,0.38,38,0.0847,"Принял 456 тыс ₸ от 1 плательщика, исходящих нет, но узел на 4-м колене, где обход остановлен: отличить конечного получателя от необследованного нельзя без выгрузки на 5-е колено.",4,False,1,0,456000.0,0.0,4,0,0.0,456000.0,0.00042786,0.0,0.0,1.21e-06,7,0,4,1,0.0,1.0,0.0,0.0,0,0,0,False,True,456000.0
100000008221765100,terminal_unverified,0.38,4,0.0847,"Принял 156 тыс ₸ от 1 плательщика, исходящих нет, но узел на 4-м колене, где обход остановлен: отличить конечного получателя от необследованного нельзя без выгрузки на 5-е колено.",4,False,1,0,156354.0,0.0,1,0,0.0,156354.0,0.00054044,0.0,0.0,0.0,7,0,4,1,0.0,1.0,0.0,0.0,0,0,0,False,True,156354.0
100000000769919100,terminal,0.79,62,0.0846,"Принял 250 тыс ₸ от 1 плательщика и удержал 250 тыс ₸; обход на колене 2 не обрывался, значит отсутствие исходящих — поведение, а не артефакт.",2,False,1,0,250000.0,0.0,1,0,0.0,250000.0,0.00073545,0.0,0.0,0.0,1,0,2,1,0.0,1.0,0.0,0.0,0,0,0,False,False,250000.0
100000001299828100,terminal_unverified,0.38,0,0.0846,"Принял 100 тыс ₸ от 1 плательщика, исходящих нет, но узел на 4-м колене, где обход остановлен: отличить конечного получателя от необследованного нельзя без выгрузки на 5-е колено.",4,False,1,0,100000.0,0.0,1,0,0.0,100000.0,0.00054726,0.0,0.0,0.0,7,0,4,1,0.0,1.0,0.0,0.0,0,0,0,False,True,100000.0
100000002194320100,terminal_unverified,0.38,60,0.0846,"Принял 275 тыс ₸ от 1 плательщика, исходящих нет, но узел на 4-м колене, где обход остановлен: отличить конечного получателя от необследованного нельзя без выгрузки на 5-е колено.",4,False,1,0,275000.0,0.0,1,0,0.0,275000.0,0.00048657,0.0,0.0,0.0,7,0,4,1,0.0,1.0,0.0,0.0,0,0,0,False,True,275000.0
100000005367180100,peripheral,0.33,3,0.0846,"Вход: 1 плательщика (8 тыс ₸), выход: 0 получателей (0 тыс ₸) — ни один порог роли не пройден. Обход оборван на 4-м колене — исходящие могли не попасть в выгрузку.",4,False,1,0,7700.0,0.0,1,0,0.0,7700.0,0.0007828,0.0,0.0,0.0,7,0,4,1,0.0,1.0,0.0,0.0,0,0,0,False,True,7700.0
100000007865484100,terminal_unverified,0.38,39,0.0846,"Принял 585 тыс ₸ от 1 плательщика, исходящих нет, но узел на 4-м колене, где обход остановлен: отличить конечного получателя от необследованного нельзя без выгрузки на 5-е колено.",4,False,1,0,584600.0,0.0,2,0,0.0,584600.0,0.00036619,0.0,0.0,0.0,7,0,4,1,0.0,1.0,0.0,0.0,0,0,0,False,True,584600.0
100000003180305100,terminal_unverified,0.38,0,0.0845,"Принял 144 тыс ₸ от 1 плательщика, исходящих нет, но узел на 4-м колене, где обход остановлен: отличить конечного получателя от необследованного нельзя без выгрузки на 5-е колено.",4,False,1,0,144000.0,0.0,1,0,0.0,144000.0,0.00052806,0.0,0.0,0.0,7,0,4,1,0.0,1.0,0.0,0.0,0,0,0,False,True,144000.0
100000004840086100,terminal_unverified,0.38,0,0.0845,"Принял 100 тыс ₸ от 1 плательщика, исходящих нет, но узел на 4-м колене, где обход остановлен: отличить конечного получателя от необследованного нельзя без выгрузки на 5-е колено.",4,False,1,0,100000.0,0.0,2,0,0.0,100000.0,0.00053916,0.0,0.0,0.0,7,0,4,1,0.0,1.0,0.0,0.0,0,0,0,False,True,100000.0
100000002242455100,terminal_unverified,0.38,4,0.0844,"Принял 110 тыс ₸ от 1 плательщика, исходящих нет, но узел на 4-м колене, где обход остановлен: отличить конечного получателя от необследованного нельзя без выгрузки на 5-е колено.",4,False,1,0,110000.0,0.0,1,0,0.0,110000.0,0.00053217,0.0,0.0,0.0,7,0,4,1,0.0,1.0,0.0,0.0,0,0,0,False,True,110000.0
100000002832753100,peripheral,0.33,16,0.0844,"Вход: 1 плательщика (12 тыс ₸), выход: 0 получателей (0 тыс ₸) — ни один порог роли не пройден. Обход оборван на 4-м колене — исходящие могли не попасть в выгрузку.",4,False,1,0,12500.0,0.0,1,0,0.0,12500.0,0.00075553,0.0,0.0,0.0,7,0,4,1,0.0,1.0,0.0,0.0,0,0,0,False,True,12500.0
100000007507343100,terminal,0.806,50,0.0844,"Принял 370 тыс ₸ от 1 плательщика и удержал 370 тыс ₸; обход на колене 1 не обрывался, значит отсутствие исходящих — поведение, а не артефакт.",1,False,1,0,370000.0,0.0,1,0,0.0,370000.0,0.00064162,0.0,0.0,0.0,1,1,1,1,0.0,1.0,0.0,0.0,0,0,0,False,False,370000.0
100000002119762100,terminal_unverified,0.38,4,0.0843,"Принял 77 тыс ₸ от 1 плательщика, исходящих нет, но узел на 4-м колене, где обход остановлен: отличить конечного получателя от необследованного нельзя без выгрузки на 5-е колено.",4,False,1,0,77000.0,0.0,6,0,0.0,77000.0,0.00052952,0.0,0.0,0.0,7,0,4,1,0.0,1.0,0.0,0.0,0,0,0,False,True,77000.0
100000004019056100,terminal_unverified,0.38,13,0.0843,"Принял 50 тыс ₸ от 1 плательщика, исходящих нет, но узел на 4-м колене, где обход остановлен: отличить конечного получателя от необследованного нельзя без выгрузки на 5-е колено.",4,False,1,0,50000.0,0.0,1,0,0.0,50000.0,0.00054092,0.0,0.0,0.0,7,0,4,1,0.0,1.0,0.0,0.0,0,0,0,False,True,50000.0
100000004326224100,terminal_unverified,0.38,4,0.0843,"Принял 60 тыс ₸ от 1 плательщика, исходящих нет, но узел на 4-м колене, где обход остановлен: отличить конечного получателя от необследованного нельзя без выгрузки на 5-е колено.",4,False,1,0,60000.0,0.0,1,0,0.0,60000.0,0.00053488,0.0,0.0,0.0,7,0,4,1,0.0,1.0,0.0,0.0,0,0,0,False,True,60000.0
100000004610802100,terminal_unverified,0.38,59,0.0843,"Принял 241 тыс ₸ от 1 плательщика, исходящих нет, но узел на 4-м колене, где обход остановлен: отличить конечного получателя от необследованного нельзя без выгрузки на 5-е колено.",4,False,1,0,241000.0,0.0,18,0,0.0,241000.0,0.00047395,0.0,0.0,0.0,7,0,4,1,0.0,1.0,0.0,0.0,0,0,0,False,True,241000.0
100000007811950100,terminal_unverified,0.38,26,0.0843,"Принял 50 тыс ₸ от 1 плательщика, исходящих нет, но узел на 4-м колене, где обход остановлен: отличить конечного получателя от необследованного нельзя без выгрузки на 5-е колено.",4,False,1,0,50000.0,0.0,1,0,0.0,50000.0,0.00054623,0.0,0.0,0.0,7,0,4,1,0.0,1.0,0.0,0.0,0,0,0,False,True,50000.0
100000002242066100,terminal_unverified,0.38,35,0.0842,"Принял 60 тыс ₸ от 1 плательщика, исходящих нет, но узел на 4-м колене, где обход остановлен: отличить конечного получателя от необследованного нельзя без выгрузки на 5-е колено.",4,False,1,0,60000.0,0.0,1,0,0.0,60000.0,0.00053378,0.0,0.0,0.0,7,0,4,1,0.0,1.0,0.0,0.0,0,0,0,False,True,60000.0
100000003186579100,terminal_unverified,0.38,3,0.0842,"Принял 110 тыс ₸ от 1 плательщика, исходящих нет, но узел на 4-м колене, где обход остановлен: отличить конечного получателя от необследованного нельзя без выгрузки на 5-е колено.",4,False,1,0,110000.0,0.0,2,0,0.0,110000.0,0.00051518,0.0,0.0,0.0,7,0,4,1,0.0,1.0,0.0,0.0,0,0,0,False,True,110000.0
100000007042175100,terminal_unverified,0.38,0,0.0842,"Принял 60 тыс ₸ от 1 плательщика, исходящих нет, но узел на 4-м колене, где обход остановлен: отличить конечного получателя от необследованного нельзя без выгрузки на 5-е колено.",4,False,1,0,60000.0,0.0,1,0,0.0,60000.0,0.00053401,0.0,0.0,0.0,7,0,4,1,0.0,1.0,0.0,0.0,0,0,0,False,True,60000.0
100000008757301100,terminal_unverified,0.38,0,0.0842,"Принял 58 тыс ₸ от 1 плательщика, исходящих нет, но узел на 4-м колене, где обход остановлен: отличить конечного получателя от необследованного нельзя без выгрузки на 5-е колено.",4,False,1,0,58398.0,0.0,3,0,0.0,58398.0,0.00053055,0.0,0.0,0.0,7,0,4,1,0.0,1.0,0.0,0.0,0,0,0,False,True,58398.0
100000008735802100,terminal_unverified,0.38,0,0.0841,"Принял 85 тыс ₸ от 1 плательщика, исходящих нет, но узел на 4-м колене, где обход остановлен: отличить конечного получателя от необследованного нельзя без выгрузки на 5-е колено.",4,False,1,0,85000.0,0.0,2,0,0.0,85000.0,0.0005087,0.0,0.0,0.0,7,0,4,1,0.0,1.0,0.0,0.0,0,0,0,False,True,85000.0
100000002229615100,peripheral,0.33,21,0.084,"Вход: 1 плательщика (25 тыс ₸), выход: 0 получателей (0 тыс ₸) — ни один порог роли не пройден. Обход оборван на 4-м колене — исходящие могли не попасть в выгрузку.",4,False,1,0,25000.0,0.0,1,0,0.0,25000.0,0.0007185,0.0,0.0,0.0,7,0,4,1,0.0,1.0,0.0,0.0,0,0,0,False,True,25000.0
100000000561160100,terminal_unverified,0.38,2,0.0839,"Принял 240 тыс ₸ от 1 плательщика, исходящих нет, но узел на 4-м колене, где обход остановлен: отличить конечного получателя от необследованного нельзя без выгрузки на 5-е колено.",4,False,1,0,240000.0,0.0,1,0,0.0,240000.0,0.00043625,0.0,0.0,1.199e-05,7,0,4,1,0.0,1.0,0.0,0.0,0,0,0,False,True,240000.0
100000003345947100,terminal_unverified,0.38,3,0.0839,"Принял 80 тыс ₸ от 1 плательщика, исходящих нет, но узел на 4-м колене, где обход остановлен: отличить конечного получателя от необследованного нельзя без выгрузки на 5-е колено.",4,False,1,0,79500.0,0.0,6,0,0.0,79500.0,0.00049477,0.0,0.0,0.0,7,0,4,1,0.0,1.0,0.0,0.0,0,0,0,False,True,79500.0
100000004673335100,terminal_unverified,0.38,30,0.0839,"Принял 80 тыс ₸ от 1 плательщика, исходящих нет, но узел на 4-м колене, где обход остановлен: отличить конечного получателя от необследованного нельзя без выгрузки на 5-е колено.",4,False,1,0,80000.0,0.0,1,0,0.0,80000.0,0.00049409,0.0,0.0,4.501e-05,7,0,4,1,0.0,1.0,0.0,0.0,0,0,0,False,True,80000.0
100000008027922100,terminal_unverified,0.38,22,0.0839,"Принял 70 тыс ₸ от 1 плательщика, исходящих нет, но узел на 4-м колене, где обход остановлен: отличить конечного получателя от необследованного нельзя без выгрузки на 5-е колено.",4,False,1,0,70000.0,0.0,1,0,0.0,70000.0,0.00050237,0.0,0.0,0.0,7,0,4,1,0.0,1.0,0.0,0.0,0,0,0,False,True,70000.0
100000003664994100,terminal_unverified,0.38,38,0.0838,"Принял 338 тыс ₸ от 1 плательщика, исходящих нет, но узел на 4-м колене, где обход остановлен: отличить конечного получателя от необследованного нельзя без выгрузки на 5-е колено.",4,False,1,0,338271.0,0.0,2,0,0.0,338271.0,0.00039112,0.0,0.0,1.21e-06,7,0,4,1,0.0,1.0,0.0,0.0,0,0,0,False,True,338271.0
100000007071852100,terminal_unverified,0.38,3,0.0838,"Принял 195 тыс ₸ от 1 плательщика, исходящих нет, но узел на 4-м колене, где обход остановлен: отличить конечного получателя от необследованного нельзя без выгрузки на 5-е колено.",4,False,1,0,195000.0,0.0,1,0,0.0,195000.0,0.00044351,0.0,0.0,2.717e-05,7,0,4,1,0.0,1.0,0.0,0.0,0,0,0,False,True,195000.0
100000008619159100,terminal_unverified,0.38,65,0.0838,"Принял 446 тыс ₸ от 1 плательщика, исходящих нет, но узел на 4-м колене, где обход остановлен: отличить конечного получателя от необследованного нельзя без выгрузки на 5-е колено.",4,False,1,0,446400.0,0.0,2,0,0.0,446400.0,0.00035659,0.0,0.0,0.0,7,0,4,1,0.0,1.0,0.0,0.0,0,0,0,False,True,446400.0
100000002599729100,terminal_unverified,0.38,0,0.0837,"Принял 65 тыс ₸ от 1 плательщика, исходящих нет, но узел на 4-м колене, где обход остановлен: отличить конечного получателя от необследованного нельзя без выгрузки на 5-е колено.",4,False,1,0,65000.0,0.0,2,0,0.0,65000.0,0.00048579,0.0,0.0,0.0,7,0,4,1,0.0,1.0,0.0,0.0,0,0,0,False,True,65000.0
100000001957974100,terminal_unverified,0.38,14,0.0836,"Принял 500 тыс ₸ от 1 плательщика, исходящих нет, но узел на 4-м колене, где обход остановлен: отличить конечного получателя от необследованного нельзя без выгрузки на 5-е колено.",4,False,1,0,500000.0,0.0,1,0,0.0,500000.0,0.00032014,0.0,0.0,6e-08,7,0,4,1,0.0,1.0,0.0,0.0,0,0,0,False,True,500000.0
100000001202787100,terminal_unverified,0.41,0,0.0835,"Принял 15 тыс ₸ от 2 плательщиков, исходящих нет, но узел на 4-м колене, где обход остановлен: отличить конечного получателя от необследованного нельзя без выгрузки на 5-е колено.",4,False,2,0,14850.0,0.0,2,0,0.0,14850.0,0.00035114,0.0,0.0,1.266e-05,7,0,4,2,0.0,1.0,0.0,0.0,0,0,0,False,True,14850.0
100000008190411100,terminal_unverified,0.38,53,0.0835,"Принял 198 тыс ₸ от 1 плательщика, исходящих нет, но узел на 4-м колене, где обход остановлен: отличить конечного получателя от необследованного нельзя без выгрузки на 5-е колено.",4,False,1,0,198450.0,0.0,12,0,0.0,198450.0,0.00042413,0.0,0.0,1e-08,7,0,4,1,0.0,1.0,0.0,0.0,0,0,0,False,True,198450.0
100000008551752100,terminal_unverified,0.38,39,0.0835,"Принял 406 тыс ₸ от 1 плательщика, исходящих нет, но узел на 4-м колене, где обход остановлен: отличить конечного получателя от необследованного нельзя без выгрузки на 5-е колено.",4,False,1,0,406000.0,0.0,2,0,0.0,406000.0,0.00034156,0.0,0.0,0.0,7,0,4,1,0.0,1.0,0.0,0.0,0,0,0,False,True,406000.0
100000002217806100,terminal_unverified,0.38,40,0.0834,"Принял 55 тыс ₸ от 1 плательщика, исходящих нет, но узел на 4-м колене, где обход остановлен: отличить конечного получателя от необследованного нельзя без выгрузки на 5-е колено.",4,False,1,0,55000.0,0.0,2,0,0.0,55000.0,0.00046376,0.0,0.0,0.0,7,0,4,1,0.0,1.0,0.0,0.0,0,0,0,False,True,55000.0
100000004777215100,terminal_unverified,0.38,21,0.0834,"Принял 60 тыс ₸ от 1 плательщика, исходящих нет, но узел на 4-м колене, где обход остановлен: отличить конечного получателя от необследованного нельзя без выгрузки на 5-е колено.",4,False,1,0,60000.0,0.0,1,0,0.0,60000.0,0.00046515,0.0,0.0,0.0,7,0,4,1,0.0,1.0,0.0,0.0,0,0,0,False,True,60000.0
100000005360814100,terminal_unverified,0.38,3,0.0834,"Принял 144 тыс ₸ от 1 плательщика, исходящих нет, но узел на 4-м колене, где обход остановлен: отличить конечного получателя от необследованного нельзя без выгрузки на 5-е колено.",4,False,1,0,144000.0,0.0,3,0,0.0,144000.0,0.00043369,0.0,0.0,1.72e-06,7,0,4,1,0.0,1.0,0.0,0.0,0,0,0,False,True,144000.0
100000008583971100,terminal_unverified,0.41,0,0.0834,"Принял 51 тыс ₸ от 2 плательщиков, исходящих нет, но узел на 4-м колене, где обход остановлен: отличить конечного получателя от необследованного нельзя без выгрузки на 5-е колено.",4,False,2,0,51000.0,0.0,2,0,0.0,51000.0,0.00032972,0.0,0.0,3.832e-05,7,0,4,1,0.0,1.0,0.0,0.0,0,0,0,False,True,51000.0
100000008722541100,terminal_unverified,0.38,4,0.0834,"Принял 280 тыс ₸ от 1 плательщика, исходящих нет, но узел на 4-м колене, где обход остановлен: отличить конечного получателя от необследованного нельзя без выгрузки на 5-е колено.",4,False,1,0,280000.0,0.0,4,0,0.0,280000.0,0.00038364,0.0,0.0,0.0,7,0,4,1,0.0,1.0,0.0,0.0,0,0,0,False,True,280000.0
100000003199390100,terminal_unverified,0.38,4,0.0833,"Принял 260 тыс ₸ от 1 плательщика, исходящих нет, но узел на 4-м колене, где обход остановлен: отличить конечного получателя от необследованного нельзя без выгрузки на 5-е колено.",4,False,1,0,260000.0,0.0,1,0,0.0,260000.0,0.00037663,0.0,0.0,0.0,7,0,4,1,0.0,1.0,0.0,0.0,0,0,0,False,True,260000.0
100000003835149100,peripheral,0.6,24,0.0833,"Вход: 1 плательщика (248 тыс ₸), выход: 2 получателей (4.6 млн ₸) — ни один порог роли не пройден. Отдаёт в 19× больше видимых входящих: источник вне выгрузки.",1,False,1,2,248500.0,4600440.0,1,13,18.5128,0.0,0.0004889,1.78e-06,0.0,0.0,1,1,1,1,0.0,1.0,2.0,26.0,0,0,0,True,False,4848940.0
100000008343415100,terminal_unverified,0.38,3,0.0832,"Принял 100 тыс ₸ от 1 плательщика, исходящих нет, но узел на 4-м колене, где обход остановлен: отличить конечного получателя от необследованного нельзя без выгрузки на 5-е колено.",4,False,1,0,100000.0,0.0,3,0,0.0,100000.0,0.00043399,0.0,0.0,0.0,7,0,4,1,0.0,1.0,0.0,0.0,0,0,0,False,True,100000.0
100000003370425100,peripheral,0.33,13,0.0831,"Вход: 1 плательщика (20 тыс ₸), выход: 0 получателей (0 тыс ₸) — ни один порог роли не пройден. Обход оборван на 4-м колене — исходящие могли не попасть в выгрузку.",4,False,1,0,20000.0,0.0,1,0,0.0,20000.0,0.00064795,0.0,0.0,0.0,7,0,4,1,0.0,1.0,0.0,0.0,0,0,0,False,True,20000.0
100000006689603100,terminal_unverified,0.38,3,0.0831,"Принял 400 тыс ₸ от 1 плательщика, исходящих нет, но узел на 4-м колене, где обход остановлен: отличить конечного получателя от необследованного нельзя без выгрузки на 5-е колено.",4,False,1,0,400000.0,0.0,2,0,0.0,400000.0,0.00031239,0.0,0.0,0.00011366,7,0,4,1,0.0,1.0,0.0,0.0,0,0,0,False,True,400000.0
100000008172721100,terminal_unverified,0.38,3,0.0831,"Принял 168 тыс ₸ от 1 плательщика, исходящих нет, но узел на 4-м колене, где обход остановлен: отличить конечного получателя от необследованного нельзя без выгрузки на 5-е колено.",4,False,1,0,168335.0,0.0,1,0,0.0,168335.0,0.00039522,0.0,0.0,0.0,7,0,4,1,0.0,1.0,0.0,0.0,0,0,0,False,True,168335.0
100000008308418100,terminal_unverified,0.38,0,0.083,"Принял 50 тыс ₸ от 1 плательщика, исходящих нет, но узел на 4-м колене, где обход остановлен: отличить конечного получателя от необследованного нельзя без выгрузки на 5-е колено.",4,False,1,0,50000.0,0.0,1,0,0.0,50000.0,0.0004316,0.0,0.0,0.0,7,0,4,1,0.0,1.0,0.0,0.0,0,0,0,False,True,50000.0
100000003207060100,terminal_unverified,0.38,0,0.0829,"Принял 53 тыс ₸ от 1 плательщика, исходящих нет, но узел на 4-м колене, где обход остановлен: отличить конечного получателя от необследованного нельзя без выгрузки на 5-е колено.",4,False,1,0,53000.0,0.0,1,0,0.0,53000.0,0.00042744,0.0,0.0,5e-07,7,0,4,1,0.0,1.0,0.0,0.0,0,0,0,False,True,53000.0
100000008675322100,terminal_unverified,0.38,37,0.0829,"Принял 340 тыс ₸ от 1 плательщика, исходящих нет, но узел на 4-м колене, где обход остановлен: отличить конечного получателя от необследованного нельзя без выгрузки на 5-е колено.",4,False,1,0,340000.0,0.0,4,0,0.0,340000.0,0.00031935,0.0,0.0,0.0,7,0,4,1,0.0,1.0,0.0,0.0,0,0,0,False,True,340000.0
100000004096559100,terminal,0.682,6,0.0828,"Принял 46 тыс ₸ от 1 плательщика и удержал 46 тыс ₸; обход на колене 3 не обрывался, значит отсутствие исходящих — поведение, а не артефакт.",3,False,1,0,46200.0,0.0,1,0,0.0,46200.0,0.00097659,0.0,0.0,0.0,1,0,3,1,0.0,1.0,0.0,0.0,0,0,0,False,False,46200.0
100000004798515100,terminal_unverified,0.38,11,0.0828,"Принял 200 тыс ₸ от 1 плательщика, исходящих нет, но узел на 4-м колене, где обход остановлен: отличить конечного получателя от необследованного нельзя без выгрузки на 5-е колено.",4,False,1,0,200000.0,0.0,2,0,0.0,200000.0,0.00036384,0.0,0.0,2.37e-06,7,0,4,1,0.0,1.0,0.0,0.0,0,0,0,False,True,200000.0
100000001733216100,terminal_unverified,0.38,0,0.0827,"Принял 60 тыс ₸ от 1 плательщика, исходящих нет, но узел на 4-м колене, где обход остановлен: отличить конечного получателя от необследованного нельзя без выгрузки на 5-е колено.",4,False,1,0,60000.0,0.0,2,0,0.0,60000.0,0.00040765,0.0,0.0,0.0,7,0,4,1,0.0,1.0,0.0,0.0,0,0,0,False,True,60000.0
100000002505277100,terminal_unverified,0.38,0,0.0827,"Принял 60 тыс ₸ от 1 плательщика, исходящих нет, но узел на 4-м колене, где обход остановлен: отличить конечного получателя от необследованного нельзя без выгрузки на 5-е колено.",4,False,1,0,60000.0,0.0,1,0,0.0,60000.0,0.00040765,0.0,0.0,0.0,7,0,4,1,0.0,1.0,0.0,0.0,0,0,0,False,True,60000.0
100000005010159100,peripheral,0.33,3,0.0827,"Вход: 1 плательщика (7 тыс ₸), выход: 0 получателей (0 тыс ₸) — ни один порог роли не пройден. Обход оборван на 4-м колене — исходящие могли не попасть в выгрузку.",4,False,1,0,7092.0,0.0,1,0,0.0,7092.0,0.00061437,0.0,0.0,0.0,7,0,4,1,0.0,1.0,0.0,0.0,0,0,0,False,True,7092.0
100000005878334100,terminal_unverified,0.38,3,0.0827,"Принял 76 тыс ₸ от 1 плательщика, исходящих нет, но узел на 4-м колене, где обход остановлен: отличить конечного получателя от необследованного нельзя без выгрузки на 5-е колено.",4,False,1,0,76400.0,0.0,2,0,0.0,76400.0,0.00039896,0.0,0.0,0.0,7,0,4,1,0.0,1.0,0.0,0.0,0,0,0,False,True,76400.0
100000003289281100,peripheral,0.33,0,0.0826,"Вход: 1 плательщика (40 тыс ₸), выход: 0 получателей (0 тыс ₸) — ни один порог роли не пройден. Обход оборван на 4-м колене — исходящие могли не попасть в выгрузку.",4,False,1,0,40000.0,0.0,1,0,0.0,40000.0,0.00059672,0.0,0.0,0.0,7,0,4,1,0.0,1.0,0.0,0.0,0,0,0,False,True,40000.0
100000003447411100,terminal_unverified,0.38,3,0.0826,"Принял 302 тыс ₸ от 1 плательщика, исходящих нет, но узел на 4-м колене, где обход остановлен: отличить конечного получателя от необследованного нельзя без выгрузки на 5-е колено.",4,False,1,0,302000.0,0.0,3,0,0.0,302000.0,0.00030582,0.0,0.0,0.00011366,7,0,4,1,0.0,1.0,0.0,0.0,0,0,0,False,True,302000.0
100000003631015100,terminal_unverified,0.38,39,0.0826,"Принял 266 тыс ₸ от 1 плательщика, исходящих нет, но узел на 4-м колене, где обход остановлен: отличить конечного получателя от необследованного нельзя без выгрузки на 5-е колено.",4,False,1,0,266000.0,0.0,1,0,0.0,266000.0,0.00032225,0.0,0.0,0.0,7,0,4,1,0.0,1.0,0.0,0.0,0,0,0,False,True,266000.0
100000004235471100,terminal_unverified,0.38,4,0.0826,"Принял 180 тыс ₸ от 1 плательщика, исходящих нет, но узел на 4-м колене, где обход остановлен: отличить конечного получателя от необследованного нельзя без выгрузки на 5-е колено.",4,False,1,0,180000.0,0.0,1,0,0.0,180000.0,0.00034861,0.0,0.0,0.0,7,0,4,1,0.0,1.0,0.0,0.0,0,0,0,False,True,180000.0
100000004800452100,peripheral,0.33,4,0.0826,"Вход: 1 плательщика (7 тыс ₸), выход: 0 получателей (0 тыс ₸) — ни один порог роли не пройден. Обход оборван на 4-м колене — исходящие могли не попасть в выгрузку.",4,False,1,0,6544.53,0.0,1,0,0.0,6544.53,0.00060798,0.0,0.0,0.0,7,0,4,1,0.0,1.0,0.0,0.0,0,0,0,False,True,6544.53
100000000470237100,peripheral,0.33,28,0.0825,"Вход: 1 плательщика (32 тыс ₸), выход: 0 получателей (0 тыс ₸) — ни один порог роли не пройден. Обход оборван на 4-м колене — исходящие могли не попасть в выгрузку.",4,False,1,0,32500.0,0.0,1,0,0.0,32500.0,0.00058463,0.0,0.0,0.0,7,0,4,1,0.0,1.0,0.0,0.0,0,0,0,False,True,32500.0
100000001845505100,peripheral,0.33,3,0.0825,"Вход: 1 плательщика (20 тыс ₸), выход: 0 получателей (0 тыс ₸) — ни один порог роли не пройден. Обход оборван на 4-м колене — исходящие могли не попасть в выгрузку.",4,False,1,0,20000.0,0.0,1,0,0.0,20000.0,0.00059238,0.0,0.0,0.0,7,0,4,1,0.0,1.0,0.0,0.0,0,0,0,False,True,20000.0
100000002596039100,terminal_unverified,0.38,3,0.0825,"Принял 280 тыс ₸ от 1 плательщика, исходящих нет, но узел на 4-м колене, где обход остановлен: отличить конечного получателя от необследованного нельзя без выгрузки на 5-е колено.",4,False,1,0,280000.0,0.0,1,0,0.0,280000.0,0.00030434,0.0,0.0,0.00011366,7,0,4,1,0.0,1.0,0.0,0.0,0,0,0,False,True,280000.0
100000002659103100,terminal_unverified,0.38,47,0.0825,"Принял 165 тыс ₸ от 1 плательщика, исходящих нет, но узел на 4-м колене, где обход остановлен: отличить конечного получателя от необследованного нельзя без выгрузки на 5-е колено.",4,False,1,0,165000.0,0.0,1,0,0.0,165000.0,0.00034971,0.0,0.0,7.7e-07,7,0,4,1,0.0,1.0,0.0,0.0,0,0,0,False,True,165000.0
100000004596284100,peripheral,0.33,5,0.0825,"Вход: 1 плательщика (30 тыс ₸), выход: 0 получателей (0 тыс ₸) — ни один порог роли не пройден. Обход оборван на 4-м колене — исходящие могли не попасть в выгрузку.",4,False,1,0,30000.0,0.0,1,0,0.0,30000.0,0.00059149,0.0,0.0,0.0,7,0,4,1,0.0,1.0,0.0,0.0,0,0,0,False,True,30000.0
100000004976946100,terminal_unverified,0.38,39,0.0825,"Принял 246 тыс ₸ от 1 плательщика, исходящих нет, но узел на 4-м колене, где обход остановлен: отличить конечного получателя от необследованного нельзя без выгрузки на 5-е колено.",4,False,1,0,246000.0,0.0,1,0,0.0,246000.0,0.00031949,0.0,0.0,0.0,7,0,4,1,0.0,1.0,0.0,0.0,0,0,0,False,True,246000.0
100000006257675100,terminal_unverified,0.38,21,0.0825,"Принял 70 тыс ₸ от 1 плательщика, исходящих нет, но узел на 4-м колене, где обход остановлен: отличить конечного получателя от необследованного нельзя без выгрузки на 5-е колено.",4,False,1,0,70000.0,0.0,2,0,0.0,70000.0,0.00038265,0.0,0.0,0.0,7,0,4,1,0.0,1.0,0.0,0.0,0,0,0,False,True,70000.0
100000003448713100,terminal_unverified,0.38,3,0.0824,"Принял 267 тыс ₸ от 1 плательщика, исходящих нет, но узел на 4-м колене, где обход остановлен: отличить конечного получателя от необследованного нельзя без выгрузки на 5-е колено.",4,False,1,0,266750.0,0.0,1,0,0.0,266750.0,0.00030345,0.0,0.0,0.00011366,7,0,4,1,0.0,1.0,0.0,0.0,0,0,0,False,True,266750.0
100000005745873100,terminal_unverified,0.38,39,0.0824,"Принял 223 тыс ₸ от 1 плательщика, исходящих нет, но узел на 4-м колене, где обход остановлен: отличить конечного получателя от необследованного нельзя без выгрузки на 5-е колено.",4,False,1,0,223000.0,0.0,1,0,0.0,223000.0,0.00031632,0.0,0.0,0.0,7,0,4,1,0.0,1.0,0.0,0.0,0,0,0,False,True,223000.0
100000002255058100,terminal,0.817,2,0.0823,"Принял 492 тыс ₸ от 1 плательщика и удержал 492 тыс ₸; обход на колене 3 не обрывался, значит отсутствие исходящих — поведение, а не артефакт.",3,False,1,0,491500.0,0.0,2,0,0.0,491500.0,0.00042613,0.0,0.0,3.78e-06,1,0,3,1,0.0,1.0,0.0,0.0,0,0,0,False,False,491500.0
100000007653094100,peripheral,0.33,13,0.0823,"Вход: 1 плательщика (16 тыс ₸), выход: 0 получателей (0 тыс ₸) — ни один порог роли не пройден. Обход оборван на 4-м колене — исходящие могли не попасть в выгрузку.",4,False,1,0,16000.0,0.0,1,0,0.0,16000.0,0.00057547,0.0,0.0,0.0,7,0,4,1,0.0,1.0,0.0,0.0,0,0,0,False,True,16000.0
100000008337304100,terminal_unverified,0.38,3,0.0823,"Принял 105 тыс ₸ от 1 плательщика, исходящих нет, но узел на 4-м колене, где обход остановлен: отличить конечного получателя от необследованного нельзя без выгрузки на 5-е колено.",4,False,1,0,105465.0,0.0,2,0,0.0,105465.0,0.00035427,0.0,0.0,0.0,7,0,4,1,0.0,1.0,0.0,0.0,0,0,0,False,True,105465.0
100000002748511100,peripheral,0.33,5,0.0822,"Вход: 1 плательщика (20 тыс ₸), выход: 0 получателей (0 тыс ₸) — ни один порог роли не пройден. Обход оборван на 4-м колене — исходящие могли не попасть в выгрузку.",4,False,1,0,20000.0,0.0,1,0,0.0,20000.0,0.00056749,0.0,0.0,2e-08,7,0,4,1,0.0,1.0,0.0,0.0,0,0,0,False,True,20000.0
100000004800648100,terminal_unverified,0.38,11,0.0822,"Принял 131 тыс ₸ от 1 плательщика, исходящих нет, но узел на 4-м колене, где обход остановлен: отличить конечного получателя от необследованного нельзя без выгрузки на 5-е колено.",4,False,1,0,131000.0,0.0,1,0,0.0,131000.0,0.00033683,0.0,0.0,2.37e-06,7,0,4,1,0.0,1.0,0.0,0.0,0,0,0,False,True,131000.0
100000007539296100,peripheral,0.33,4,0.0822,"Вход: 1 плательщика (46 тыс ₸), выход: 0 получателей (0 тыс ₸) — ни один порог роли не пройден. Обход оборван на 4-м колене — исходящие могли не попасть в выгрузку.",4,False,1,0,46000.0,0.0,2,0,0.0,46000.0,0.00055732,0.0,0.0,0.0,7,0,4,1,0.0,1.0,0.0,0.0,0,0,0,False,True,46000.0
100000000404740100,peripheral,0.33,26,0.0821,"Вход: 1 плательщика (25 тыс ₸), выход: 0 получателей (0 тыс ₸) — ни один порог роли не пройден. Обход оборван на 4-м колене — исходящие могли не попасть в выгрузку.",4,False,1,0,25000.0,0.0,1,0,0.0,25000.0,0.00055799,0.0,0.0,0.0,7,0,4,1,0.0,1.0,0.0,0.0,0,0,0,False,True,25000.0
100000000634341100,peripheral,0.33,0,0.0821,"Вход: 1 плательщика (24 тыс ₸), выход: 0 получателей (0 тыс ₸) — ни один порог роли не пройден. Обход оборван на 4-м колене — исходящие могли не попасть в выгрузку.",4,False,1,0,24000.0,0.0,2,0,0.0,24000.0,0.00055494,0.0,0.0,0.0,7,0,4,1,0.0,1.0,0.0,0.0,0,0,0,False,True,24000.0
100000002516862100,terminal_unverified,0.38,59,0.0821,"Принял 82 тыс ₸ от 1 плательщика, исходящих нет, но узел на 4-м колене, где обход остановлен: отличить конечного получателя от необследованного нельзя без выгрузки на 5-е колено.",4,False,1,0,81710.0,0.0,5,0,0.0,81710.0,0.00034944,0.0,0.0,0.0,7,0,4,1,0.0,1.0,0.0,0.0,0,0,0,False,True,81710.0
100000003782913100,terminal_unverified,0.38,14,0.0821,"Принял 200 тыс ₸ от 1 плательщика, исходящих нет, но узел на 4-м колене, где обход остановлен: отличить конечного получателя от необследованного нельзя без выгрузки на 5-е колено.",4,False,1,0,200000.0,0.0,1,0,0.0,200000.0,0.0002994,0.0,0.0,6e-08,7,0,4,1,0.0,1.0,0.0,0.0,0,0,0,False,True,200000.0
100000005495211100,peripheral,0.33,0,0.0821,"Вход: 1 плательщика (14 тыс ₸), выход: 0 получателей (0 тыс ₸) — ни один порог роли не пройден. Обход оборван на 4-м колене — исходящие могли не попасть в выгрузку.",4,False,1,0,14500.0,0.0,1,0,0.0,14500.0,0.00055996,0.0,0.0,0.0,7,0,4,1,0.0,1.0,0.0,0.0,0,0,0,False,True,14500.0
100000001220124100,peripheral,0.33,3,0.082,"Вход: 1 плательщика (40 тыс ₸), выход: 0 получателей (0 тыс ₸) — ни один порог роли не пройден. Обход оборван на 4-м колене — исходящие могли не попасть в выгрузку.",4,False,1,0,40000.0,0.0,1,0,0.0,40000.0,0.00053956,0.0,0.0,0.0,7,0,4,1,0.0,1.0,0.0,0.0,0,0,0,False,True,40000.0
100000002208836100,terminal_unverified,0.38,4,0.082,"Принял 90 тыс ₸ от 1 плательщика, исходящих нет, но узел на 4-м колене, где обход остановлен: отличить конечного получателя от необследованного нельзя без выгрузки на 5-е колено.",4,False,1,0,90000.0,0.0,1,0,0.0,90000.0,0.00032982,0.0,0.0,0.0,7,0,4,1,0.0,1.0,0.0,0.0,0,0,0,False,True,90000.0
100000002994441100,peripheral,0.33,3,0.082,"Вход: 1 плательщика (5 тыс ₸), выход: 0 получателей (0 тыс ₸) — ни один порог роли не пройден. Обход оборван на 4-м колене — исходящие могли не попасть в выгрузку.",4,False,1,0,5000.0,0.0,1,0,0.0,5000.0,0.00055327,0.0,0.0,0.0,7,0,4,1,0.0,1.0,0.0,0.0,0,0,0,False,True,5000.0
100000003838587100,peripheral,0.33,14,0.082,"Вход: 1 плательщика (6 тыс ₸), выход: 0 получателей (0 тыс ₸) — ни один порог роли не пройден. Обход оборван на 4-м колене — исходящие могли не попасть в выгрузку.",4,False,1,0,6000.0,0.0,1,0,0.0,6000.0,0.00055503,0.0,0.0,0.0,7,0,4,1,0.0,1.0,0.0,0.0,0,0,0,False,True,6000.0
100000004265639100,peripheral,0.33,3,0.082,"Вход: 1 плательщика (10 тыс ₸), выход: 0 получателей (0 тыс ₸) — ни один порог роли не пройден. Обход оборван на 4-м колене — исходящие могли не попасть в выгрузку.",4,False,1,0,10000.0,0.0,1,0,0.0,10000.0,0.00055232,0.0,0.0,0.0,7,0,4,1,0.0,1.0,0.0,0.0,0,0,0,False,True,10000.0
100000004569637100,peripheral,0.33,3,0.082,"Вход: 1 плательщика (6 тыс ₸), выход: 0 получателей (0 тыс ₸) — ни один порог роли не пройден. Обход оборван на 4-м колене — исходящие могли не попасть в выгрузку.",4,False,1,0,5500.0,0.0,1,0,0.0,5500.0,0.00055316,0.0,0.0,0.0,7,0,4,1,0.0,1.0,0.0,0.0,0,0,0,False,True,5500.0
100000005849862100,peripheral,0.33,6,0.082,"Вход: 1 плательщика (13 тыс ₸), выход: 0 получателей (0 тыс ₸) — ни один порог роли не пройден. Обход оборван на 4-м колене — исходящие могли не попасть в выгрузку.",4,False,1,0,13000.0,0.0,2,0,0.0,13000.0,0.00054844,0.0,0.0,0.0,7,0,4,1,0.0,1.0,0.0,0.0,0,0,0,False,True,13000.0
100000000557536100,terminal_unverified,0.38,37,0.0819,"Принял 153 тыс ₸ от 1 плательщика, исходящих нет, но узел на 4-м колене, где обход остановлен: отличить конечного получателя от необследованного нельзя без выгрузки на 5-е колено.",4,False,1,0,153000.0,0.0,7,0,0.0,153000.0,0.00030077,0.0,0.0,0.0,7,0,4,1,0.0,1.0,0.0,0.0,0,0,0,False,True,153000.0
100000000608031100,peripheral,0.33,15,0.0819,"Вход: 1 плательщика (30 тыс ₸), выход: 0 получателей (0 тыс ₸) — ни один порог роли не пройден. Обход оборван на 4-м колене — исходящие могли не попасть в выгрузку.",4,False,1,0,30000.0,0.0,1,0,0.0,30000.0,0.00053864,0.0,0.0,0.0,7,0,4,1,0.0,1.0,0.0,0.0,0,0,0,False,True,30000.0
100000001130553100,peripheral,0.33,4,0.0819,"Вход: 1 плательщика (18 тыс ₸), выход: 0 получателей (0 тыс ₸) — ни один порог роли не пройден. Обход оборван на 4-м колене — исходящие могли не попасть в выгрузку.",4,False,1,0,18000.0,0.0,2,0,0.0,18000.0,0.00054365,0.0,0.0,0.0,7,0,4,1,0.0,1.0,0.0,0.0,0,0,0,False,True,18000.0
100000001276409100,terminal_unverified,0.38,8,0.0819,"Принял 95 тыс ₸ от 1 плательщика, исходящих нет, но узел на 4-м колене, где обход остановлен: отличить конечного получателя от необследованного нельзя без выгрузки на 5-е колено.",4,False,1,0,94760.0,0.0,1,0,0.0,94760.0,0.00032104,0.0,0.0,2.76e-06,7,0,4,1,0.0,1.0,0.0,0.0,0,0,0,False,True,94760.0
100000001533161100,terminal_unverified,0.38,47,0.0819,"Принял 100 тыс ₸ от 1 плательщика, исходящих нет, но узел на 4-м колене, где обход остановлен: отличить конечного получателя от необследованного нельзя без выгрузки на 5-е колено.",4,False,1,0,100000.0,0.0,1,0,0.0,100000.0,0.00032444,0.0,0.0,7.7e-07,7,0,4,1,0.0,1.0,0.0,0.0,0,0,0,False,True,100000.0
100000002695812100,terminal_unverified,0.38,8,0.0819,"Принял 95 тыс ₸ от 1 плательщика, исходящих нет, но узел на 4-м колене, где обход остановлен: отличить конечного получателя от необследованного нельзя без выгрузки на 5-е колено.",4,False,1,0,95000.0,0.0,1,0,0.0,95000.0,0.00032113,0.0,0.0,2.76e-06,7,0,4,1,0.0,1.0,0.0,0.0,0,0,0,False,True,95000.0
100000002752565100,terminal_unverified,0.38,3,0.0819,"Принял 57 тыс ₸ от 1 плательщика, исходящих нет, но узел на 4-м колене, где обход остановлен: отличить конечного получателя от необследованного нельзя без выгрузки на 5-е колено.",4,False,1,0,57000.0,0.0,1,0,0.0,57000.0,0.00033824,0.0,0.0,0.0,7,0,4,1,0.0,1.0,0.0,0.0,0,0,0,False,True,57000.0
100000002971593100,peripheral,0.33,4,0.0819,"Вход: 1 плательщика (49 тыс ₸), выход: 0 получателей (0 тыс ₸) — ни один порог роли не пройден. Обход оборван на 4-м колене — исходящие могли не попасть в выгрузку.",4,False,1,0,49050.0,0.0,1,0,0.0,49050.0,0.00053038,0.0,0.0,0.0,7,0,4,1,0.0,1.0,0.0,0.0,0,0,0,False,True,49050.0
100000003061115100,peripheral,0.33,0,0.0819,"Вход: 1 плательщика (45 тыс ₸), выход: 0 получателей (0 тыс ₸) — ни один порог роли не пройден. Обход оборван на 4-м колене — исходящие могли не попасть в выгрузку.",4,False,1,0,45000.0,0.0,1,0,0.0,45000.0,0.0005339,0.0,0.0,0.0,7,0,4,1,0.0,1.0,0.0,0.0,0,0,0,False,True,45000.0
100000003133045100,terminal_unverified,0.38,53,0.0819,"Принял 68 тыс ₸ от 1 плательщика, исходящих нет, но узел на 4-м колене, где обход остановлен: отличить конечного получателя от необследованного нельзя без выгрузки на 5-е колено.",4,False,1,0,68000.0,0.0,1,0,0.0,68000.0,0.00033305,0.0,0.0,1e-08,7,0,4,1,0.0,1.0,0.0,0.0,0,0,0,False,True,68000.0
100000003568904100,peripheral,0.33,13,0.0819,"Вход: 1 плательщика (49 тыс ₸), выход: 0 получателей (0 тыс ₸) — ни один порог роли не пройден. Обход оборван на 4-м колене — исходящие могли не попасть в выгрузку.",4,False,1,0,49000.0,0.0,1,0,0.0,49000.0,0.00053173,0.0,0.0,0.0,7,0,4,1,0.0,1.0,0.0,0.0,0,0,0,False,True,49000.0
100000004222274100,peripheral,0.33,0,0.0819,"Вход: 1 плательщика (16 тыс ₸), выход: 0 получателей (0 тыс ₸) — ни один порог роли не пройден. Обход оборван на 4-м колене — исходящие могли не попасть в выгрузку.",4,False,1,0,15500.0,0.0,1,0,0.0,15500.0,0.00054542,0.0,0.0,0.0,7,0,4,1,0.0,1.0,0.0,0.0,0,0,0,False,True,15500.0
100000004747154100,terminal_unverified,0.38,53,0.0819,"Принял 67 тыс ₸ от 1 плательщика, исходящих нет, но узел на 4-м колене, где обход остановлен: отличить конечного получателя от необследованного нельзя без выгрузки на 5-е колено.",4,False,1,0,67000.0,0.0,1,0,0.0,67000.0,0.00033235,0.0,0.0,1e-08,7,0,4,1,0.0,1.0,0.0,0.0,0,0,0,False,True,67000.0
100000004791226100,peripheral,0.33,0,0.0819,"Вход: 1 плательщика (20 тыс ₸), выход: 0 получателей (0 тыс ₸) — ни один порог роли не пройден. Обход оборван на 4-м колене — исходящие могли не попасть в выгрузку.",4,False,1,0,20000.0,0.0,1,0,0.0,20000.0,0.00054148,0.0,0.0,0.0,7,0,4,1,0.0,1.0,0.0,0.0,0,0,0,False,True,20000.0
100000005567828100,terminal_unverified,0.38,8,0.0819,"Принял 94 тыс ₸ от 1 плательщика, исходящих нет, но узел на 4-м колене, где обход остановлен: отличить конечного получателя от необследованного нельзя без выгрузки на 5-е колено.",4,False,1,0,94000.0,0.0,1,0,0.0,94000.0,0.00032076,0.0,0.0,2.76e-06,7,0,4,1,0.0,1.0,0.0,0.0,0,0,0,False,True,94000.0
100000006756956100,terminal_unverified,0.38,0,0.0819,"Принял 121 тыс ₸ от 1 плательщика, исходящих нет, но узел на 4-м колене, где обход остановлен: отличить конечного получателя от необследованного нельзя без выгрузки на 5-е колено.",4,False,1,0,121200.0,0.0,9,0,0.0,121200.0,0.00031095,0.0,0.0,9.171e-05,7,0,4,1,0.0,1.0,0.0,0.0,0,0,0,False,True,121200.0
100000007153161100,peripheral,0.33,0,0.0819,"Вход: 1 плательщика (45 тыс ₸), выход: 0 получателей (0 тыс ₸) — ни один порог роли не пройден. Обход оборван на 4-м колене — исходящие могли не попасть в выгрузку.",4,False,1,0,44997.0,0.0,1,0,0.0,44997.0,0.00053095,0.0,0.0,0.0,7,0,4,1,0.0,1.0,0.0,0.0,0,0,0,False,True,44997.0
100000007731977100,terminal_unverified,0.38,0,0.0819,"Принял 50 тыс ₸ от 1 плательщика, исходящих нет, но узел на 4-м колене, где обход остановлен: отличить конечного получателя от необследованного нельзя без выгрузки на 5-е колено.",4,False,1,0,50000.0,0.0,1,0,0.0,50000.0,0.00033677,0.0,0.0,3.148e-05,7,0,4,1,0.0,1.0,0.0,0.0,0,0,0,False,True,50000.0
100000008497298100,terminal,0.824,7,0.0819,"Принял 600 тыс ₸ от 1 плательщика и удержал 600 тыс ₸; обход на колене 2 не обрывался, значит отсутствие исходящих — поведение, а не артефакт.",2,False,1,0,600000.0,0.0,1,0,0.0,600000.0,0.00034203,0.0,0.0,5e-07,1,0,2,1,0.0,1.0,0.0,0.0,0,0,0,False,False,600000.0
100000000981693100,peripheral,0.33,0,0.0818,"Вход: 1 плательщика (16 тыс ₸), выход: 0 получателей (0 тыс ₸) — ни один порог роли не пройден. Обход оборван на 4-м колене — исходящие могли не попасть в выгрузку.",4,False,1,0,16500.0,0.0,1,0,0.0,16500.0,0.00052908,0.0,0.0,0.0,7,0,4,1,0.0,1.0,0.0,0.0,0,0,0,False,True,16500.0
100000002320495100,peripheral,0.33,15,0.0818,"Вход: 1 плательщика (14 тыс ₸), выход: 0 получателей (0 тыс ₸) — ни один порог роли не пройден. Обход оборван на 4-м колене — исходящие могли не попасть в выгрузку.",4,False,1,0,13526.27,0.0,1,0,0.0,13526.27,0.00053542,0.0,0.0,0.0,7,0,4,1,0.0,1.0,0.0,0.0,0,0,0,False,True,13526.27
100000002404112100,terminal_unverified,0.38,27,0.0818,"Принял 60 тыс ₸ от 1 плательщика, исходящих нет, но узел на 4-м колене, где обход остановлен: отличить конечного получателя от необследованного нельзя без выгрузки на 5-е колено.",4,False,1,0,60000.0,0.0,1,0,0.0,60000.0,0.00033008,0.0,0.0,4e-08,7,0,4,1,0.0,1.0,0.0,0.0,0,0,0,False,True,60000.0
100000002514975100,peripheral,0.33,27,0.0818,"Вход: 1 плательщика (18 тыс ₸), выход: 0 получателей (0 тыс ₸) — ни один порог роли не пройден. Обход оборван на 4-м колене — исходящие могли не попасть в выгрузку.",4,False,1,0,17920.0,0.0,1,0,0.0,17920.0,0.00053104,0.0,0.0,0.0,7,0,4,1,0.0,1.0,0.0,0.0,0,0,0,False,True,17920.0
100000002713974100,terminal_unverified,0.38,3,0.0818,"Принял 50 тыс ₸ от 1 плательщика, исходящих нет, но узел на 4-м колене, где обход остановлен: отличить конечного получателя от необследованного нельзя без выгрузки на 5-е колено.",4,False,1,0,50000.0,0.0,1,0,0.0,50000.0,0.00032995,0.0,0.0,0.0,7,0,4,1,0.0,1.0,0.0,0.0,0,0,0,False,True,50000.0
100000002728246100,peripheral,0.33,4,0.0818,"Вход: 1 плательщика (10 тыс ₸), выход: 0 получателей (0 тыс ₸) — ни один порог роли не пройден. Обход оборван на 4-м колене — исходящие могли не попасть в выгрузку.",4,False,1,0,10000.0,0.0,1,0,0.0,10000.0,0.00053864,0.0,0.0,0.0,7,0,4,1,0.0,1.0,0.0,0.0,0,0,0,False,True,10000.0
100000002791494100,terminal_unverified,0.38,8,0.0818,"Принял 86 тыс ₸ от 1 плательщика, исходящих нет, но узел на 4-м колене, где обход остановлен: отличить конечного получателя от необследованного нельзя без выгрузки на 5-е колено.",4,False,1,0,85860.0,0.0,1,0,0.0,85860.0,0.00031771,0.0,0.0,2.76e-06,7,0,4,1,0.0,1.0,0.0,0.0,0,0,0,False,True,85860.0
100000003486846100,peripheral,0.33,5,0.0818,"Вход: 1 плательщика (27 тыс ₸), выход: 0 получателей (0 тыс ₸) — ни один порог роли не пройден. Обход оборван на 4-м колене — исходящие могли не попасть в выгрузку.",4,False,1,0,27000.0,0.0,2,0,0.0,27000.0,0.00053114,0.0,0.0,0.0,7,0,4,1,0.0,1.0,0.0,0.0,0,0,0,False,True,27000.0
100000003500764100,peripheral,0.33,15,0.0818,"Вход: 1 плательщика (21 тыс ₸), выход: 0 получателей (0 тыс ₸) — ни один порог роли не пройден. Обход оборван на 4-м колене — исходящие могли не попасть в выгрузку.",4,False,1,0,21000.0,0.0,1,0,0.0,21000.0,0.00053019,0.0,0.0,0.0,7,0,4,1,0.0,1.0,0.0,0.0,0,0,0,False,True,21000.0
100000003819173100,terminal_unverified,0.38,3,0.0818,"Принял 144 тыс ₸ от 1 плательщика, исходящих нет, но узел на 4-м колене, где обход остановлен: отличить конечного получателя от необследованного нельзя без выгрузки на 5-е колено.",4,False,1,0,143777.0,0.0,1,0,0.0,143777.0,0.00029521,0.0,0.0,0.00011366,7,0,4,1,0.0,1.0,0.0,0.0,0,0,0,False,True,143777.0
100000004013952100,peripheral,0.33,0,0.0818,"Вход: 1 плательщика (6 тыс ₸), выход: 0 получателей (0 тыс ₸) — ни один порог роли не пройден. Обход оборван на 4-м колене — исходящие могли не попасть в выгрузку.",4,False,1,0,5500.0,0.0,1,0,0.0,5500.0,0.00053314,0.0,0.0,0.0,7,0,4,1,0.0,1.0,0.0,0.0,0,0,0,False,True,5500.0
100000004241142100,peripheral,0.33,0,0.0818,"Вход: 1 плательщика (27 тыс ₸), выход: 0 получателей (0 тыс ₸) — ни один порог роли не пройден. Обход оборван на 4-м колене — исходящие могли не попасть в выгрузку.",4,False,1,0,27102.0,0.0,1,0,0.0,27102.0,0.00053013,0.0,0.0,0.0,7,0,4,1,0.0,1.0,0.0,0.0,0,0,0,False,True,27102.0
100000004379306100,peripheral,0.33,3,0.0818,"Вход: 1 плательщика (15 тыс ₸), выход: 0 получателей (0 тыс ₸) — ни один порог роли не пройден. Обход оборван на 4-м колене — исходящие могли не попасть в выгрузку.",4,False,1,0,15000.0,0.0,1,0,0.0,15000.0,0.00053205,0.0,0.0,0.0,7,0,4,1,0.0,1.0,0.0,0.0,0,0,0,False,True,15000.0
100000004988240100,peripheral,0.33,0,0.0818,"Вход: 1 плательщика (20 тыс ₸), выход: 0 получателей (0 тыс ₸) — ни один порог роли не пройден. Обход оборван на 4-м колене — исходящие могли не попасть в выгрузку.",4,False,1,0,20000.0,0.0,1,0,0.0,20000.0,0.00052993,0.0,0.0,0.0,7,0,4,1,0.0,1.0,0.0,0.0,0,0,0,False,True,20000.0
100000005041147100,peripheral,0.33,0,0.0818,"Вход: 1 плательщика (10 тыс ₸), выход: 0 получателей (0 тыс ₸) — ни один порог роли не пройден. Обход оборван на 4-м колене — исходящие могли не попасть в выгрузку.",4,False,1,0,10000.0,0.0,1,0,0.0,10000.0,0.00053376,0.0,0.0,0.0,7,0,4,1,0.0,1.0,0.0,0.0,0,0,0,False,True,10000.0
100000005049404100,terminal_unverified,0.38,4,0.0818,"Принял 98 тыс ₸ от 1 плательщика, исходящих нет, но узел на 4-м колене, где обход остановлен: отличить конечного получателя от необследованного нельзя без выгрузки на 5-е колено.",4,False,1,0,98000.0,0.0,2,0,0.0,98000.0,0.00031264,0.0,0.0,0.0,7,0,4,1,0.0,1.0,0.0,0.0,0,0,0,False,True,98000.0
100000005979037100,terminal_unverified,0.38,3,0.0818,"Принял 60 тыс ₸ от 1 плательщика, исходящих нет, но узел на 4-м колене, где обход остановлен: отличить конечного получателя от необследованного нельзя без выгрузки на 5-е колено.",4,False,1,0,60300.0,0.0,1,0,0.0,60300.0,0.00032485,0.0,0.0,0.0,7,0,4,1,0.0,1.0,0.0,0.0,0,0,0,False,True,60300.0
100000006512787100,peripheral,0.33,0,0.0818,"Вход: 1 плательщика (20 тыс ₸), выход: 0 получателей (0 тыс ₸) — ни один порог роли не пройден. Обход оборван на 4-м колене — исходящие могли не попасть в выгрузку.",4,False,1,0,20000.0,0.0,2,0,0.0,20000.0,0.00053005,0.0,0.0,0.0,7,0,4,1,0.0,1.0,0.0,0.0,0,0,0,False,True,20000.0
100000006693788100,peripheral,0.33,0,0.0818,"Вход: 1 плательщика (11 тыс ₸), выход: 0 получателей (0 тыс ₸) — ни один порог роли не пройден. Обход оборван на 4-м колене — исходящие могли не попасть в выгрузку.",4,False,1,0,10764.0,0.0,1,0,0.0,10764.0,0.00053209,0.0,0.0,0.0,7,0,4,1,0.0,1.0,0.0,0.0,0,0,0,False,True,10764.0
100000008050986100,terminal_unverified,0.38,4,0.0818,"Принял 95 тыс ₸ от 1 плательщика, исходящих нет, но узел на 4-м колене, где обход остановлен: отличить конечного получателя от необследованного нельзя без выгрузки на 5-е колено.",4,False,1,0,95000.0,0.0,2,0,0.0,95000.0,0.00031181,0.0,0.0,0.0,7,0,4,1,0.0,1.0,0.0,0.0,0,0,0,False,True,95000.0
100000008327791100,peripheral,0.33,15,0.0818,"Вход: 1 плательщика (11 тыс ₸), выход: 0 получателей (0 тыс ₸) — ни один порог роли не пройден. Обход оборван на 4-м колене — исходящие могли не попасть в выгрузку.",4,False,1,0,11000.0,0.0,1,0,0.0,11000.0,0.00053677,0.0,0.0,0.0,7,0,4,1,0.0,1.0,0.0,0.0,0,0,0,False,True,11000.0
100000008560263100,terminal_unverified,0.38,4,0.0818,"Принял 100 тыс ₸ от 1 плательщика, исходящих нет, но узел на 4-м колене, где обход остановлен: отличить конечного получателя от необследованного нельзя без выгрузки на 5-е колено.",4,False,1,0,100000.0,0.0,1,0,0.0,100000.0,0.00031319,0.0,0.0,0.0,7,0,4,1,0.0,1.0,0.0,0.0,0,0,0,False,True,100000.0
100000008649416100,peripheral,0.33,15,0.0818,"Вход: 1 плательщика (5 тыс ₸), выход: 0 получателей (0 тыс ₸) — ни один порог роли не пройден. Обход оборван на 4-м колене — исходящие могли не попасть в выгрузку.",4,False,1,0,5000.0,0.0,1,0,0.0,5000.0,0.00053373,0.0,0.0,0.0,7,0,4,1,0.0,1.0,0.0,0.0,0,0,0,False,True,5000.0
100000008677368100,peripheral,0.33,6,0.0818,"Вход: 1 плательщика (14 тыс ₸), выход: 0 получателей (0 тыс ₸) — ни один порог роли не пройден. Обход оборван на 4-м колене — исходящие могли не попасть в выгрузку.",4,False,1,0,13500.0,0.0,1,0,0.0,13500.0,0.00053403,0.0,0.0,0.0,7,0,4,1,0.0,1.0,0.0,0.0,0,0,0,False,True,13500.0
100000000369781100,peripheral,0.33,4,0.0817,"Вход: 1 плательщика (5 тыс ₸), выход: 0 получателей (0 тыс ₸) — ни один порог роли не пройден. Обход оборван на 4-м колене — исходящие могли не попасть в выгрузку.",4,False,1,0,5000.0,0.0,1,0,0.0,5000.0,0.00053248,0.0,0.0,0.0,7,0,4,1,0.0,1.0,0.0,0.0,0,0,0,False,True,5000.0
100000002487222100,terminal_unverified,0.38,4,0.0817,"Принял 90 тыс ₸ от 1 плательщика, исходящих нет, но узел на 4-м колене, где обход остановлен: отличить конечного получателя от необследованного нельзя без выгрузки на 5-е колено.",4,False,1,0,90000.0,0.0,2,0,0.0,90000.0,0.00031043,0.0,0.0,0.0,7,0,4,1,0.0,1.0,0.0,0.0,0,0,0,False,True,90000.0
100000002729875100,terminal_unverified,0.38,8,0.0817,"Принял 76 тыс ₸ от 1 плательщика, исходящих нет, но узел на 4-м колене, где обход остановлен: отличить конечного получателя от необследованного нельзя без выгрузки на 5-е колено.",4,False,1,0,76000.0,0.0,1,0,0.0,76000.0,0.00031402,0.0,0.0,2.76e-06,7,0,4,1,0.0,1.0,0.0,0.0,0,0,0,False,True,76000.0
100000002968096100,terminal_unverified,0.38,3,0.0817,"Принял 70 тыс ₸ от 1 плательщика, исходящих нет, но узел на 4-м колене, где обход остановлен: отличить конечного получателя от необследованного нельзя без выгрузки на 5-е колено.",4,False,1,0,70000.0,0.0,1,0,0.0,70000.0,0.00031948,0.0,0.0,0.0,7,0,4,1,0.0,1.0,0.0,0.0,0,0,0,False,True,70000.0
100000003097947100,terminal_unverified,0.38,3,0.0817,"Принял 53 тыс ₸ от 1 плательщика, исходящих нет, но узел на 4-м колене, где обход остановлен: отличить конечного получателя от необследованного нельзя без выгрузки на 5-е колено.",4,False,1,0,52980.0,0.0,1,0,0.0,52980.0,0.00032008,0.0,0.0,0.0,7,0,4,1,0.0,1.0,0.0,0.0,0,0,0,False,True,52980.0
100000003481025100,peripheral,0.33,0,0.0817,"Вход: 1 плательщика (9 тыс ₸), выход: 0 получателей (0 тыс ₸) — ни один порог роли не пройден. Обход оборван на 4-м колене — исходящие могли не попасть в выгрузку.",4,False,1,0,9000.0,0.0,1,0,0.0,9000.0,0.00053103,0.0,0.0,0.0,7,0,4,1,0.0,1.0,0.0,0.0,0,0,0,False,True,9000.0
100000003626268100,peripheral,0.33,3,0.0817,"Вход: 1 плательщика (5 тыс ₸), выход: 0 получателей (0 тыс ₸) — ни один порог роли не пройден. Обход оборван на 4-м колене — исходящие могли не попасть в выгрузку.",4,False,1,0,5000.0,0.0,1,0,0.0,5000.0,0.00053089,0.0,0.0,0.0,7,0,4,1,0.0,1.0,0.0,0.0,0,0,0,False,True,5000.0
100000004232712100,peripheral,0.33,4,0.0817,"Вход: 1 плательщика (12 тыс ₸), выход: 0 получателей (0 тыс ₸) — ни один порог роли не пройден. Обход оборван на 4-м колене — исходящие могли не попасть в выгрузку.",4,False,1,0,12500.0,0.0,1,0,0.0,12500.0,0.00052928,0.0,0.0,0.0,7,0,4,1,0.0,1.0,0.0,0.0,0,0,0,False,True,12500.0
100000004472936100,peripheral,0.33,13,0.0817,"Вход: 1 плательщика (5 тыс ₸), выход: 0 получателей (0 тыс ₸) — ни один порог роли не пройден. Обход оборван на 4-м колене — исходящие могли не попасть в выгрузку.",4,False,1,0,5000.0,0.0,1,0,0.0,5000.0,0.0005319,0.0,0.0,0.0,7,0,4,1,0.0,1.0,0.0,0.0,0,0,0,False,True,5000.0
100000005293969100,peripheral,0.33,0,0.0817,"Вход: 1 плательщика (5 тыс ₸), выход: 0 получателей (0 тыс ₸) — ни один порог роли не пройден. Обход оборван на 4-м колене — исходящие могли не попасть в выгрузку.",4,False,1,0,5466.97,0.0,1,0,0.0,5466.97,0.00053049,0.0,0.0,0.0,7,0,4,1,0.0,1.0,0.0,0.0,0,0,0,False,True,5466.97
100000006171671100,peripheral,0.33,0,0.0817,"Вход: 1 плательщика (10 тыс ₸), выход: 0 получателей (0 тыс ₸) — ни один порог роли не пройден. Обход оборван на 4-м колене — исходящие могли не попасть в выгрузку.",4,False,1,0,10000.0,0.0,1,0,0.0,10000.0,0.00052907,0.0,0.0,0.0,7,0,4,1,0.0,1.0,0.0,0.0,0,0,0,False,True,10000.0
100000008255655100,peripheral,0.33,15,0.0817,"Вход: 1 плательщика (5 тыс ₸), выход: 0 получателей (0 тыс ₸) — ни один порог роли не пройден. Обход оборван на 4-м колене — исходящие могли не попасть в выгрузку.",4,False,1,0,5400.0,0.0,1,0,0.0,5400.0,0.00053119,0.0,0.0,0.0,7,0,4,1,0.0,1.0,0.0,0.0,0,0,0,False,True,5400.0
100000001816678100,terminal_unverified,0.38,2,0.0816,"Принял 60 тыс ₸ от 1 плательщика, исходящих нет, но узел на 4-м колене, где обход остановлен: отличить конечного получателя от необследованного нельзя без выгрузки на 5-е колено.",4,False,1,0,60000.0,0.0,1,0,0.0,60000.0,0.00030966,0.0,0.0,2.309e-05,7,0,4,1,0.0,1.0,0.0,0.0,0,0,0,False,True,60000.0
100000005189258100,terminal_unverified,0.38,4,0.0816,"Принял 50 тыс ₸ от 1 плательщика, исходящих нет, но узел на 4-м колене, где обход остановлен: отличить конечного получателя от необследованного нельзя без выгрузки на 5-е колено.",4,False,1,0,50000.0,0.0,1,0,0.0,50000.0,0.00031598,0.0,0.0,4.837e-05,7,0,4,1,0.0,1.0,0.0,0.0,0,0,0,False,True,50000.0
100000007510567100,terminal_unverified,0.38,8,0.0815,"Принял 52 тыс ₸ от 1 плательщика, исходящих нет, но узел на 4-м колене, где обход остановлен: отличить конечного получателя от необследованного нельзя без выгрузки на 5-е колено.",4,False,1,0,52000.0,0.0,1,0,0.0,52000.0,0.00030503,0.0,0.0,2.76e-06,7,0,4,1,0.0,1.0,0.0,0.0,0,0,0,False,True,52000.0
100000008349740100,terminal_unverified,0.38,37,0.0814,"Принял 70 тыс ₸ от 1 плательщика, исходящих нет, но узел на 4-м колене, где обход остановлен: отличить конечного получателя от необследованного нельзя без выгрузки на 5-е колено.",4,False,1,0,70000.0,0.0,2,0,0.0,70000.0,0.00029253,0.0,0.0,0.0,7,0,4,1,0.0,1.0,0.0,0.0,0,0,0,False,True,70000.0
100000002956779100,terminal,0.81,2,0.0813,"Принял 411 тыс ₸ от 1 плательщика и удержал 411 тыс ₸; обход на колене 3 не обрывался, значит отсутствие исходящих — поведение, а не артефакт.",3,False,1,0,411000.0,0.0,1,0,0.0,411000.0,0.00040311,0.0,0.0,3.78e-06,1,0,3,1,0.0,1.0,0.0,0.0,0,0,0,False,False,411000.0
100000003275398100,terminal,0.799,23,0.0813,"Принял 300 тыс ₸ от 1 плательщика и удержал 280 тыс ₸; обход на колене 2 не обрывался, значит отсутствие исходящих — поведение, а не артефакт.",2,False,1,1,300000.0,20000.0,1,1,0.0667,280000.0,0.00043425,0.0,0.0,0.0,1,0,2,1,0.0,1.0,1.0,-1.0,0,0,0,False,False,320000.0
100000005497148100,peripheral,0.33,4,0.0813,"Вход: 1 плательщика (24 тыс ₸), выход: 0 получателей (0 тыс ₸) — ни один порог роли не пройден. Обход оборван на 4-м колене — исходящие могли не попасть в выгрузку.",4,False,1,0,24000.0,0.0,2,0,0.0,24000.0,0.00049001,0.0,0.0,0.0,7,0,4,1,0.0,1.0,0.0,0.0,0,0,0,False,True,24000.0
100000002308091100,terminal,0.772,12,0.0811,"Принял 187 тыс ₸ от 1 плательщика и удержал 187 тыс ₸; обход на колене 3 не обрывался, значит отсутствие исходящих — поведение, а не артефакт.",3,False,1,0,186720.0,0.0,1,0,0.0,186720.0,0.00056111,0.0,0.0,0.0,1,0,3,1,0.0,1.0,0.0,0.0,0,0,0,False,False,186720.0
100000003603979100,terminal,0.766,23,0.0811,"Принял 165 тыс ₸ от 1 плательщика и удержал 165 тыс ₸; обход на колене 2 не обрывался, значит отсутствие исходящих — поведение, а не артефакт.",2,False,1,0,165000.0,0.0,3,0,0.0,165000.0,0.00058565,0.0,0.0,0.0,1,0,2,1,0.0,1.0,0.0,0.0,0,0,0,False,False,165000.0
100000001985793100,terminal,0.811,25,0.081,"Принял 420 тыс ₸ от 1 плательщика и удержал 420 тыс ₸; обход на колене 2 не обрывался, значит отсутствие исходящих — поведение, а не артефакт.",2,False,1,0,420000.0,0.0,1,0,0.0,420000.0,0.00037266,0.0,0.0,4.3e-07,1,0,2,1,0.0,1.0,0.0,0.0,0,0,0,False,False,420000.0
100000003034546100,terminal,0.817,7,0.0809,"Принял 487 тыс ₸ от 1 плательщика и удержал 487 тыс ₸; обход на колене 2 не обрывался, значит отсутствие исходящих — поведение, а не артефакт.",2,False,1,0,486715.0,0.0,2,0,0.0,486715.0,0.00033137,0.0,0.0,5e-07,1,0,2,1,0.0,1.0,0.0,0.0,0,0,0,False,False,486715.0
100000004549591100,peripheral,0.33,40,0.0809,"Вход: 1 плательщика (49 тыс ₸), выход: 0 получателей (0 тыс ₸) — ни один порог роли не пройден. Обход оборван на 4-м колене — исходящие могли не попасть в выгрузку.",4,False,1,0,49000.0,0.0,1,0,0.0,49000.0,0.00044432,0.0,0.0,0.0,7,0,4,1,0.0,1.0,0.0,0.0,0,0,0,False,True,49000.0
100000007867364100,peripheral,0.33,17,0.0809,"Вход: 1 плательщика (42 тыс ₸), выход: 0 получателей (0 тыс ₸) — ни один порог роли не пройден. Обход оборван на 4-м колене — исходящие могли не попасть в выгрузку.",4,False,1,0,41852.0,0.0,1,0,0.0,41852.0,0.00044874,0.0,0.0,0.0,7,0,4,1,0.0,1.0,0.0,0.0,0,0,0,False,True,41852.0
100000000299820100,peripheral,0.33,3,0.0808,"Вход: 1 плательщика (10 тыс ₸), выход: 0 получателей (0 тыс ₸) — ни один порог роли не пройден. Обход оборван на 4-м колене — исходящие могли не попасть в выгрузку.",4,False,1,0,10000.0,0.0,1,0,0.0,10000.0,0.00045016,0.0,0.0,0.0,7,0,4,1,0.0,1.0,0.0,0.0,0,0,0,False,True,10000.0
100000001270470100,peripheral,0.33,0,0.0807,"Вход: 1 плательщика (28 тыс ₸), выход: 0 получателей (0 тыс ₸) — ни один порог роли не пройден. Обход оборван на 4-м колене — исходящие могли не попасть в выгрузку.",4,False,1,0,28300.0,0.0,2,0,0.0,28300.0,0.00042974,0.0,0.0,0.0,7,0,4,1,0.0,1.0,0.0,0.0,0,0,0,False,True,28300.0
100000006416061100,peripheral,0.33,3,0.0807,"Вход: 1 плательщика (30 тыс ₸), выход: 0 получателей (0 тыс ₸) — ни один порог роли не пройден. Обход оборван на 4-м колене — исходящие могли не попасть в выгрузку.",4,False,1,0,30000.0,0.0,1,0,0.0,30000.0,0.00043486,0.0,0.0,0.0,7,0,4,1,0.0,1.0,0.0,0.0,0,0,0,False,True,30000.0
100000001065481100,peripheral,0.33,13,0.0806,"Вход: 1 плательщика (16 тыс ₸), выход: 0 получателей (0 тыс ₸) — ни один порог роли не пройден. Обход оборван на 4-м колене — исходящие могли не попасть в выгрузку.",4,False,1,0,16000.0,0.0,2,0,0.0,16000.0,0.00043227,0.0,0.0,4.15e-06,7,0,4,1,0.0,1.0,0.0,0.0,0,0,0,False,True,16000.0
100000001598625100,peripheral,0.33,3,0.0806,"Вход: 1 плательщика (25 тыс ₸), выход: 0 получателей (0 тыс ₸) — ни один порог роли не пройден. Обход оборван на 4-м колене — исходящие могли не попасть в выгрузку.",4,False,1,0,25000.0,0.0,1,0,0.0,25000.0,0.00042888,0.0,0.0,0.0,7,0,4,1,0.0,1.0,0.0,0.0,0,0,0,False,True,25000.0
100000002369454100,peripheral,0.33,3,0.0806,"Вход: 1 плательщика (25 тыс ₸), выход: 0 получателей (0 тыс ₸) — ни один порог роли не пройден. Обход оборван на 4-м колене — исходящие могли не попасть в выгрузку.",4,False,1,0,25000.0,0.0,1,0,0.0,25000.0,0.00042888,0.0,0.0,0.0,7,0,4,1,0.0,1.0,0.0,0.0,0,0,0,False,True,25000.0
100000003632533100,peripheral,0.33,4,0.0806,"Вход: 1 плательщика (10 тыс ₸), выход: 0 получателей (0 тыс ₸) — ни один порог роли не пройден. Обход оборван на 4-м колене — исходящие могли не попасть в выгрузку.",4,False,1,0,10000.0,0.0,1,0,0.0,10000.0,0.00042895,0.0,0.0,0.0,7,0,4,1,0.0,1.0,0.0,0.0,0,0,0,False,True,10000.0
100000003031761100,terminal,0.815,3,0.0805,"Принял 460 тыс ₸ от 1 плательщика и удержал 460 тыс ₸; обход на колене 3 не обрывался, значит отсутствие исходящих — поведение, а не артефакт.",3,False,1,0,460408.0,0.0,1,0,0.0,460408.0,0.00031836,0.0,0.0,7.936e-05,1,0,3,1,0.0,1.0,0.0,0.0,0,0,0,False,False,460408.0
100000003091142100,peripheral,0.33,0,0.0805,"Вход: 1 плательщика (40 тыс ₸), выход: 0 получателей (0 тыс ₸) — ни один порог роли не пройден. Обход оборван на 4-м колене — исходящие могли не попасть в выгрузку.",4,False,1,0,40000.0,0.0,1,0,0.0,40000.0,0.00040986,0.0,0.0,0.0,7,0,4,1,0.0,1.0,0.0,0.0,0,0,0,False,True,40000.0
100000003214786100,peripheral,0.33,0,0.0805,"Вход: 1 плательщика (5 тыс ₸), выход: 0 получателей (0 тыс ₸) — ни один порог роли не пройден. Обход оборван на 4-м колене — исходящие могли не попасть в выгрузку.",4,False,1,0,5000.0,0.0,1,0,0.0,5000.0,0.00042028,0.0,0.0,0.0,7,0,4,1,0.0,1.0,0.0,0.0,0,0,0,False,True,5000.0
100000005209352100,peripheral,0.33,0,0.0805,"Вход: 1 плательщика (5 тыс ₸), выход: 0 получателей (0 тыс ₸) — ни один порог роли не пройден. Обход оборван на 4-м колене — исходящие могли не попасть в выгрузку.",4,False,1,0,5000.0,0.0,1,0,0.0,5000.0,0.00042028,0.0,0.0,0.0,7,0,4,1,0.0,1.0,0.0,0.0,0,0,0,False,True,5000.0
100000003232675100,peripheral,0.33,13,0.0804,"Вход: 1 плательщика (44 тыс ₸), выход: 0 получателей (0 тыс ₸) — ни один порог роли не пройден. Обход оборван на 4-м колене — исходящие могли не попасть в выгрузку.",4,False,1,0,44000.0,0.0,2,0,0.0,44000.0,0.00040104,0.0,0.0,0.0,7,0,4,1,0.0,1.0,0.0,0.0,0,0,0,False,True,44000.0
100000003010908100,peripheral,0.33,8,0.0803,"Вход: 1 плательщика (17 тыс ₸), выход: 0 получателей (0 тыс ₸) — ни один порог роли не пройден. Обход оборван на 4-м колене — исходящие могли не попасть в выгрузку.",4,False,1,0,17000.0,0.0,1,0,0.0,17000.0,0.00039941,0.0,0.0,2.17e-06,7,0,4,1,0.0,1.0,0.0,0.0,0,0,0,False,True,17000.0
100000006490615100,peripheral,0.33,13,0.0803,"Вход: 1 плательщика (42 тыс ₸), выход: 0 получателей (0 тыс ₸) — ни один порог роли не пройден. Обход оборван на 4-м колене — исходящие могли не попасть в выгрузку.",4,False,1,0,41600.0,0.0,6,0,0.0,41600.0,0.00039475,0.0,0.0,0.0,7,0,4,1,0.0,1.0,0.0,0.0,0,0,0,False,True,41600.0
100000002227989100,peripheral,0.33,21,0.0802,"Вход: 1 плательщика (20 тыс ₸), выход: 0 получателей (0 тыс ₸) — ни один порог роли не пройден. Обход оборван на 4-м колене — исходящие могли не попасть в выгрузку.",4,False,1,0,20000.0,0.0,1,0,0.0,20000.0,0.00039446,0.0,0.0,0.0,7,0,4,1,0.0,1.0,0.0,0.0,0,0,0,False,True,20000.0
100000002478829100,peripheral,0.33,21,0.0802,"Вход: 1 плательщика (34 тыс ₸), выход: 0 получателей (0 тыс ₸) — ни один порог роли не пройден. Обход оборван на 4-м колене — исходящие могли не попасть в выгрузку.",4,False,1,0,34000.0,0.0,1,0,0.0,34000.0,0.00038733,0.0,0.0,0.0,7,0,4,1,0.0,1.0,0.0,0.0,0,0,0,False,True,34000.0
100000003792647100,peripheral,0.33,4,0.0802,"Вход: 1 плательщика (8 тыс ₸), выход: 0 получателей (0 тыс ₸) — ни один порог роли не пройден. Обход оборван на 4-м колене — исходящие могли не попасть в выгрузку.",4,False,1,0,8000.0,0.0,1,0,0.0,8000.0,0.00040027,0.0,0.0,0.0,7,0,4,1,0.0,1.0,0.0,0.0,0,0,0,False,True,8000.0
100000005034574100,terminal,0.791,63,0.0802,"Принял 259 тыс ₸ от 1 плательщика и удержал 259 тыс ₸; обход на колене 1 не обрывался, значит отсутствие исходящих — поведение, а не артефакт.",1,False,1,0,258816.0,0.0,16,0,0.0,258816.0,0.00042509,0.0,0.0,0.0,1,1,1,1,0.0,1.0,0.0,0.0,0,0,0,False,False,258816.0
100000006706519100,peripheral,0.33,0,0.0802,"Вход: 1 плательщика (36 тыс ₸), выход: 0 получателей (0 тыс ₸) — ни один порог роли не пройден. Обход оборван на 4-м колене — исходящие могли не попасть в выгрузку.",4,False,1,0,36000.0,0.0,3,0,0.0,36000.0,0.00039071,0.0,0.0,0.0,7,0,4,1,0.0,1.0,0.0,0.0,0,0,0,False,True,36000.0
100000004167082100,peripheral,0.33,13,0.0801,"Вход: 1 плательщика (13 тыс ₸), выход: 0 получателей (0 тыс ₸) — ни один порог роли не пройден. Обход оборван на 4-м колене — исходящие могли не попасть в выгрузку.",4,False,1,0,13300.0,0.0,1,0,0.0,13300.0,0.00038491,0.0,0.0,0.0,7,0,4,1,0.0,1.0,0.0,0.0,0,0,0,False,True,13300.0
100000007988344100,peripheral,0.33,0,0.0801,"Вход: 1 плательщика (20 тыс ₸), выход: 0 получателей (0 тыс ₸) — ни один порог роли не пройден. Обход оборван на 4-м колене — исходящие могли не попасть в выгрузку.",4,False,1,0,20000.0,0.0,3,0,0.0,20000.0,0.00038746,0.0,0.0,0.0,7,0,4,1,0.0,1.0,0.0,0.0,0,0,0,False,True,20000.0
100000003950749100,peripheral,0.33,5,0.08,"Вход: 1 плательщика (7 тыс ₸), выход: 0 получателей (0 тыс ₸) — ни один порог роли не пройден. Обход оборван на 4-м колене — исходящие могли не попасть в выгрузку.",4,False,1,0,7000.0,0.0,1,0,0.0,7000.0,0.00038424,0.0,0.0,2e-08,7,0,4,1,0.0,1.0,0.0,0.0,0,0,0,False,True,7000.0
100000004788983100,peripheral,0.33,0,0.08,"Вход: 1 плательщика (27 тыс ₸), выход: 0 получателей (0 тыс ₸) — ни один порог роли не пройден. Обход оборван на 4-м колене — исходящие могли не попасть в выгрузку.",4,False,1,0,27000.0,0.0,1,0,0.0,27000.0,0.00036947,0.0,0.0,0.0,7,0,4,1,0.0,1.0,0.0,0.0,0,0,0,False,True,27000.0
100000004981068100,peripheral,0.33,3,0.08,"Вход: 1 плательщика (10 тыс ₸), выход: 0 получателей (0 тыс ₸) — ни один порог роли не пройден. Обход оборван на 4-м колене — исходящие могли не попасть в выгрузку.",4,False,1,0,10000.0,0.0,1,0,0.0,10000.0,0.00037885,0.0,0.0,6e-08,7,0,4,1,0.0,1.0,0.0,0.0,0,0,0,False,True,10000.0
100000000896111100,terminal,0.796,24,0.0799,"Принял 287 тыс ₸ от 1 плательщика и удержал 287 тыс ₸; обход на колене 3 не обрывался, значит отсутствие исходящих — поведение, а не артефакт.",3,False,1,0,287100.0,0.0,1,0,0.0,287100.0,0.00038717,0.0,0.0,0.0,1,0,3,1,0.0,1.0,0.0,0.0,0,0,0,False,False,287100.0
100000002231144100,peripheral,0.33,21,0.0799,"Вход: 1 плательщика (15 тыс ₸), выход: 0 получателей (0 тыс ₸) — ни один порог роли не пройден. Обход оборван на 4-м колене — исходящие могли не попасть в выгрузку.",4,False,1,0,15000.0,0.0,1,0,0.0,15000.0,0.00036724,0.0,0.0,0.0,7,0,4,1,0.0,1.0,0.0,0.0,0,0,0,False,True,15000.0
100000003289405100,terminal,0.804,2,0.0799,"Принял 355 тыс ₸ от 1 плательщика и удержал 355 тыс ₸; обход на колене 2 не обрывался, значит отсутствие исходящих — поведение, а не артефакт.",2,False,1,0,355000.0,0.0,1,0,0.0,355000.0,0.000339,0.0,0.0,6.212e-05,1,0,2,1,0.0,1.0,0.0,0.0,0,0,0,False,False,355000.0
100000004991593100,peripheral,0.33,3,0.0799,"Вход: 1 плательщика (45 тыс ₸), выход: 0 получателей (0 тыс ₸) — ни один порог роли не пройден. Обход оборван на 4-м колене — исходящие могли не попасть в выгрузку.",4,False,1,0,45000.0,0.0,2,0,0.0,45000.0,0.00035489,0.0,0.0,2.995e-05,7,0,4,1,0.0,1.0,0.0,0.0,0,0,0,False,True,45000.0
100000006866831100,peripheral,0.33,3,0.0799,"Вход: 1 плательщика (16 тыс ₸), выход: 0 получателей (0 тыс ₸) — ни один порог роли не пройден. Обход оборван на 4-м колене — исходящие могли не попасть в выгрузку.",4,False,1,0,16500.0,0.0,1,0,0.0,16500.0,0.00036768,0.0,0.0,0.0,7,0,4,1,0.0,1.0,0.0,0.0,0,0,0,False,True,16500.0
100000004261340100,peripheral,0.33,0,0.0798,"Вход: 1 плательщика (48 тыс ₸), выход: 0 получателей (0 тыс ₸) — ни один порог роли не пройден. Обход оборван на 4-м колене — исходящие могли не попасть в выгрузку.",4,False,1,0,48500.0,0.0,4,0,0.0,48500.0,0.00034739,0.0,0.0,2.07e-05,7,0,4,1,0.0,1.0,0.0,0.0,0,0,0,False,True,48500.0
100000004377043100,peripheral,0.33,28,0.0798,"Вход: 1 плательщика (6 тыс ₸), выход: 0 получателей (0 тыс ₸) — ни один порог роли не пройден. Обход оборван на 4-м колене — исходящие могли не попасть в выгрузку.",4,False,1,0,5700.0,0.0,1,0,0.0,5700.0,0.00036355,0.0,0.0,0.0,7,0,4,1,0.0,1.0,0.0,0.0,0,0,0,False,True,5700.0
100000004403548100,peripheral,0.33,3,0.0798,"Вход: 1 плательщика (5 тыс ₸), выход: 0 получателей (0 тыс ₸) — ни один порог роли не пройден. Обход оборван на 4-м колене — исходящие могли не попасть в выгрузку.",4,False,1,0,5000.0,0.0,1,0,0.0,5000.0,0.00036787,0.0,0.0,0.0,7,0,4,1,0.0,1.0,0.0,0.0,0,0,0,False,True,5000.0
100000008588665100,peripheral,0.33,0,0.0798,"Вход: 1 плательщика (25 тыс ₸), выход: 0 получателей (0 тыс ₸) — ни один порог роли не пройден. Обход оборван на 4-м колене — исходящие могли не попасть в выгрузку.",4,False,1,0,25000.0,0.0,1,0,0.0,25000.0,0.00035249,0.0,0.0,5e-07,7,0,4,1,0.0,1.0,0.0,0.0,0,0,0,False,True,25000.0
100000000655469100,peripheral,0.33,21,0.0797,"Вход: 1 плательщика (20 тыс ₸), выход: 0 получателей (0 тыс ₸) — ни один порог роли не пройден. Обход оборван на 4-м колене — исходящие могли не попасть в выгрузку.",4,False,1,0,20000.0,0.0,2,0,0.0,20000.0,0.00034543,0.0,0.0,0.0,7,0,4,1,0.0,1.0,0.0,0.0,0,0,0,False,True,20000.0
100000000737152100,peripheral,0.33,0,0.0797,"Вход: 1 плательщика (35 тыс ₸), выход: 0 получателей (0 тыс ₸) — ни один порог роли не пройден. Обход оборван на 4-м колене — исходящие могли не попасть в выгрузку.",4,False,1,0,35000.0,0.0,1,0,0.0,35000.0,0.00034451,0.0,0.0,0.0,7,0,4,1,0.0,1.0,0.0,0.0,0,0,0,False,True,35000.0
100000001275557100,peripheral,0.33,22,0.0797,"Вход: 1 плательщика (20 тыс ₸), выход: 0 получателей (0 тыс ₸) — ни один порог роли не пройден. Обход оборван на 4-м колене — исходящие могли не попасть в выгрузку.",4,False,1,0,20000.0,0.0,1,0,0.0,20000.0,0.00034751,0.0,0.0,0.0,7,0,4,1,0.0,1.0,0.0,0.0,0,0,0,False,True,20000.0
100000003173783100,peripheral,0.33,30,0.0797,"Вход: 1 плательщика (24 тыс ₸), выход: 0 получателей (0 тыс ₸) — ни один порог роли не пройден. Обход оборван на 4-м колене — исходящие могли не попасть в выгрузку.",4,False,1,0,23500.0,0.0,2,0,0.0,23500.0,0.00034682,0.0,0.0,4.501e-05,7,0,4,1,0.0,1.0,0.0,0.0,0,0,0,False,True,23500.0
100000008418934100,terminal,0.805,7,0.0797,"Принял 360 тыс ₸ от 1 плательщика и удержал 360 тыс ₸; обход на колене 2 не обрывался, значит отсутствие исходящих — поведение, а не артефакт.",2,False,1,0,360000.0,0.0,1,0,0.0,360000.0,0.00031945,0.0,0.0,5e-07,1,0,2,1,0.0,1.0,0.0,0.0,0,0,0,False,False,360000.0
100000000957746100,peripheral,0.33,15,0.0796,"Вход: 1 плательщика (5 тыс ₸), выход: 0 получателей (0 тыс ₸) — ни один порог роли не пройден. Обход оборван на 4-м колене — исходящие могли не попасть в выгрузку.",4,False,1,0,5300.0,0.0,1,0,0.0,5300.0,0.00034731,0.0,0.0,0.0,7,0,4,1,0.0,1.0,0.0,0.0,0,0,0,False,True,5300.0
100000003177533100,peripheral,0.33,3,0.0796,"Вход: 1 плательщика (20 тыс ₸), выход: 0 получателей (0 тыс ₸) — ни один порог роли не пройден. Обход оборван на 4-м колене — исходящие могли не попасть в выгрузку.",4,False,1,0,20000.0,0.0,3,0,0.0,20000.0,0.0003382,0.0,0.0,0.0,7,0,4,1,0.0,1.0,0.0,0.0,0,0,0,False,True,20000.0
100000004502048100,peripheral,0.33,17,0.0796,"Вход: 1 плательщика (14 тыс ₸), выход: 0 получателей (0 тыс ₸) — ни один порог роли не пройден. Обход оборван на 4-м колене — исходящие могли не попасть в выгрузку.",4,False,1,0,13888.0,0.0,1,0,0.0,13888.0,0.00033971,0.0,0.0,0.0,7,0,4,1,0.0,1.0,0.0,0.0,0,0,0,False,True,13888.0
100000002723674100,peripheral,0.33,21,0.0795,"Вход: 1 плательщика (30 тыс ₸), выход: 0 получателей (0 тыс ₸) — ни один порог роли не пройден. Обход оборван на 4-м колене — исходящие могли не попасть в выгрузку.",4,False,1,0,30000.0,0.0,1,0,0.0,30000.0,0.00032717,0.0,0.0,0.0,7,0,4,1,0.0,1.0,0.0,0.0,0,0,0,False,True,30000.0
100000002726055100,peripheral,0.33,21,0.0795,"Вход: 1 плательщика (10 тыс ₸), выход: 0 получателей (0 тыс ₸) — ни один порог роли не пройден. Обход оборван на 4-м колене — исходящие могли не попасть в выгрузку.",4,False,1,0,10000.0,0.0,1,0,0.0,10000.0,0.00034001,0.0,0.0,0.0,7,0,4,1,0.0,1.0,0.0,0.0,0,0,0,False,True,10000.0
100000004177936100,peripheral,0.33,3,0.0795,"Вход: 1 плательщика (10 тыс ₸), выход: 0 получателей (0 тыс ₸) — ни один порог роли не пройден. Обход оборван на 4-м колене — исходящие могли не попасть в выгрузку.",4,False,1,0,10000.0,0.0,1,0,0.0,10000.0,0.00033701,0.0,0.0,1.965e-05,7,0,4,1,0.0,1.0,0.0,0.0,0,0,0,False,True,10000.0
100000005079473100,peripheral,0.33,3,0.0795,"Вход: 1 плательщика (39 тыс ₸), выход: 0 получателей (0 тыс ₸) — ни один порог роли не пройден. Обход оборван на 4-м колене — исходящие могли не попасть в выгрузку.",4,False,1,0,39312.0,0.0,1,0,0.0,39312.0,0.00032601,0.0,0.0,1.72e-06,7,0,4,1,0.0,1.0,0.0,0.0,0,0,0,False,True,39312.0
100000008524903100,peripheral,0.33,0,0.0795,"Вход: 1 плательщика (15 тыс ₸), выход: 0 получателей (0 тыс ₸) — ни один порог роли не пройден. Обход оборван на 4-м колене — исходящие могли не попасть в выгрузку.",4,False,1,0,15000.0,0.0,1,0,0.0,15000.0,0.00033177,0.0,0.0,0.0,7,0,4,1,0.0,1.0,0.0,0.0,0,0,0,False,True,15000.0
100000001089055100,peripheral,0.33,15,0.0794,"Вход: 1 плательщика (13 тыс ₸), выход: 0 получателей (0 тыс ₸) — ни один порог роли не пройден. Обход оборван на 4-м колене — исходящие могли не попасть в выгрузку.",4,False,1,0,13000.0,0.0,1,0,0.0,13000.0,0.00032931,0.0,0.0,2.837e-05,7,0,4,1,0.0,1.0,0.0,0.0,0,0,0,False,True,13000.0
100000001852140100,terminal,0.656,57,0.0794,"Принял 30 тыс ₸ от 1 плательщика и удержал 30 тыс ₸; обход на колене 3 не обрывался, значит отсутствие исходящих — поведение, а не артефакт.",3,False,1,0,30000.0,0.0,1,0,0.0,30000.0,0.00080472,0.0,0.0,0.0,1,0,3,1,0.0,1.0,0.0,0.0,0,0,0,False,False,30000.0
100000002896506100,peripheral,0.33,4,0.0794,"Вход: 1 плательщика (45 тыс ₸), выход: 0 получателей (0 тыс ₸) — ни один порог роли не пройден. Обход оборван на 4-м колене — исходящие могли не попасть в выгрузку.",4,False,1,0,45000.0,0.0,1,0,0.0,45000.0,0.00031363,0.0,0.0,0.0,7,0,4,1,0.0,1.0,0.0,0.0,0,0,0,False,True,45000.0
100000003001138100,peripheral,0.33,28,0.0794,"Вход: 1 плательщика (30 тыс ₸), выход: 0 получателей (0 тыс ₸) — ни один порог роли не пройден. Обход оборван на 4-м колене — исходящие могли не попасть в выгрузку.",4,False,1,0,30000.0,0.0,1,0,0.0,30000.0,0.00031733,0.0,0.0,0.0,7,0,4,1,0.0,1.0,0.0,0.0,0,0,0,False,True,30000.0
100000004049912100,peripheral,0.33,17,0.0794,"Вход: 1 плательщика (10 тыс ₸), выход: 0 получателей (0 тыс ₸) — ни один порог роли не пройден. Обход оборван на 4-м колене — исходящие могли не попасть в выгрузку.",4,False,1,0,10000.0,0.0,1,0,0.0,10000.0,0.00032456,0.0,0.0,0.0,7,0,4,1,0.0,1.0,0.0,0.0,0,0,0,False,True,10000.0
100000008074304100,peripheral,0.33,4,0.0794,"Вход: 1 плательщика (6 тыс ₸), выход: 0 получателей (0 тыс ₸) — ни один порог роли не пройден. Обход оборван на 4-м колене — исходящие могли не попасть в выгрузку.",4,False,1,0,5500.0,0.0,1,0,0.0,5500.0,0.00033242,0.0,0.0,0.0,7,0,4,1,0.0,1.0,0.0,0.0,0,0,0,False,True,5500.0
100000008331280100,peripheral,0.33,27,0.0794,"Вход: 1 плательщика (41 тыс ₸), выход: 0 получателей (0 тыс ₸) — ни один порог роли не пройден. Обход оборван на 4-м колене — исходящие могли не попасть в выгрузку.",4,False,1,0,41000.0,0.0,2,0,0.0,41000.0,0.00031807,0.0,0.0,0.0,7,0,4,1,0.0,1.0,0.0,0.0,0,0,0,False,True,41000.0
100000000018102100,peripheral,0.33,3,0.0793,"Вход: 1 плательщика (7 тыс ₸), выход: 0 получателей (0 тыс ₸) — ни один порог роли не пройден. Обход оборван на 4-м колене — исходящие могли не попасть в выгрузку.",4,False,1,0,7000.0,0.0,1,0,0.0,7000.0,0.0003204,0.0,0.0,0.0,7,0,4,1,0.0,1.0,0.0,0.0,0,0,0,False,True,7000.0
100000002305477100,peripheral,0.33,21,0.0793,"Вход: 1 плательщика (20 тыс ₸), выход: 0 получателей (0 тыс ₸) — ни один порог роли не пройден. Обход оборван на 4-м колене — исходящие могли не попасть в выгрузку.",4,False,1,0,20000.0,0.0,1,0,0.0,20000.0,0.00031331,0.0,0.0,0.0,7,0,4,1,0.0,1.0,0.0,0.0,0,0,0,False,True,20000.0
100000002371892100,peripheral,0.33,66,0.0793,"Вход: 1 плательщика (44 тыс ₸), выход: 0 получателей (0 тыс ₸) — ни один порог роли не пройден. Обход оборван на 4-м колене — исходящие могли не попасть в выгрузку.",4,False,1,0,43830.0,0.0,1,0,0.0,43830.0,0.00030653,0.0,0.0,0.0,7,0,4,1,0.0,1.0,0.0,0.0,0,0,0,False,True,43830.0
100000002689717100,peripheral,0.33,8,0.0793,"Вход: 1 плательщика (48 тыс ₸), выход: 0 получателей (0 тыс ₸) — ни один порог роли не пройден. Обход оборван на 4-м колене — исходящие могли не попасть в выгрузку.",4,False,1,0,47500.0,0.0,1,0,0.0,47500.0,0.00030335,0.0,0.0,2.76e-06,7,0,4,1,0.0,1.0,0.0,0.0,0,0,0,False,True,47500.0
100000003078839100,peripheral,0.33,3,0.0793,"Вход: 1 плательщика (14 тыс ₸), выход: 0 получателей (0 тыс ₸) — ни один порог роли не пройден. Обход оборван на 4-м колене — исходящие могли не попасть в выгрузку.",4,False,1,0,14000.0,0.0,2,0,0.0,14000.0,0.00031479,0.0,0.0,0.0,7,0,4,1,0.0,1.0,0.0,0.0,0,0,0,False,True,14000.0
100000004291663100,peripheral,0.33,0,0.0793,"Вход: 1 плательщика (25 тыс ₸), выход: 0 получателей (0 тыс ₸) — ни один порог роли не пройден. Обход оборван на 4-м колене — исходящие могли не попасть в выгрузку.",4,False,1,0,25000.0,0.0,1,0,0.0,25000.0,0.00031117,0.0,0.0,3.148e-05,7,0,4,1,0.0,1.0,0.0,0.0,0,0,0,False,True,25000.0
100000004584730100,peripheral,0.33,47,0.0793,"Вход: 1 плательщика (47 тыс ₸), выход: 0 получателей (0 тыс ₸) — ни один порог роли не пройден. Обход оборван на 4-м колене — исходящие могли не попасть в выгрузку.",4,False,1,0,47000.0,0.0,1,0,0.0,47000.0,0.00030384,0.0,0.0,7.7e-07,7,0,4,1,0.0,1.0,0.0,0.0,0,0,0,False,True,47000.0
100000004732589100,terminal,0.783,9,0.0793,"Принял 228 тыс ₸ от 1 плательщика и удержал 228 тыс ₸; обход на колене 2 не обрывался, значит отсутствие исходящих — поведение, а не артефакт.",2,False,1,0,227520.0,0.0,1,0,0.0,227520.0,0.00039397,0.0,0.0,2.323e-05,1,0,2,1,0.0,1.0,0.0,0.0,0,0,0,False,False,227520.0
100000005589319100,peripheral,0.33,2,0.0793,"Вход: 1 плательщика (26 тыс ₸), выход: 0 получателей (0 тыс ₸) — ни один порог роли не пройден. Обход оборван на 4-м колене — исходящие могли не попасть в выгрузку.",4,False,1,0,26000.0,0.0,1,0,0.0,26000.0,0.00030996,0.0,0.0,5.079e-05,7,0,4,1,0.0,1.0,0.0,0.0,0,0,0,False,True,26000.0
100000005621418100,peripheral,0.33,27,0.0793,"Вход: 1 плательщика (30 тыс ₸), выход: 0 получателей (0 тыс ₸) — ни один порог роли не пройден. Обход оборван на 4-м колене — исходящие могли не попасть в выгрузку.",4,False,1,0,30000.0,0.0,1,0,0.0,30000.0,0.00030783,0.0,0.0,4e-08,7,0,4,1,0.0,1.0,0.0,0.0,0,0,0,False,True,30000.0
100000008151098100,peripheral,0.33,27,0.0793,"Вход: 1 плательщика (30 тыс ₸), выход: 0 получателей (0 тыс ₸) — ни один порог роли не пройден. Обход оборван на 4-м колене — исходящие могли не попасть в выгрузку.",4,False,1,0,30000.0,0.0,1,0,0.0,30000.0,0.00030935,0.0,0.0,0.0,7,0,4,1,0.0,1.0,0.0,0.0,0,0,0,False,True,30000.0
100000008251939100,peripheral,0.33,8,0.0793,"Вход: 1 плательщика (44 тыс ₸), выход: 0 получателей (0 тыс ₸) — ни один порог роли не пройден. Обход оборван на 4-м колене — исходящие могли не попасть в выгрузку.",4,False,1,0,44360.0,0.0,1,0,0.0,44360.0,0.00030217,0.0,0.0,2.76e-06,7,0,4,1,0.0,1.0,0.0,0.0,0,0,0,False,True,44360.0
100000008628818100,peripheral,0.33,8,0.0793,"Вход: 1 плательщика (46 тыс ₸), выход: 0 получателей (0 тыс ₸) — ни один порог роли не пройден. Обход оборван на 4-м колене — исходящие могли не попасть в выгрузку.",4,False,1,0,46310.0,0.0,1,0,0.0,46310.0,0.0003029,0.0,0.0,2.76e-06,7,0,4,1,0.0,1.0,0.0,0.0,0,0,0,False,True,46310.0
100000008680061100,peripheral,0.33,4,0.0793,"Вход: 1 плательщика (41 тыс ₸), выход: 0 получателей (0 тыс ₸) — ни один порог роли не пройден. Обход оборван на 4-м колене — исходящие могли не попасть в выгрузку.",4,False,1,0,41300.0,0.0,2,0,0.0,41300.0,0.00031069,0.0,0.0,4.837e-05,7,0,4,1,0.0,1.0,0.0,0.0,0,0,0,False,True,41300.0
100000000500040100,peripheral,0.33,0,0.0792,"Вход: 1 плательщика (20 тыс ₸), выход: 0 получателей (0 тыс ₸) — ни один порог роли не пройден. Обход оборван на 4-м колене — исходящие могли не попасть в выгрузку.",4,False,1,0,20000.0,0.0,1,0,0.0,20000.0,0.00030605,0.0,0.0,3.148e-05,7,0,4,1,0.0,1.0,0.0,0.0,0,0,0,False,True,20000.0
100000002188586100,peripheral,0.33,8,0.0792,"Вход: 1 плательщика (38 тыс ₸), выход: 0 получателей (0 тыс ₸) — ни один порог роли не пройден. Обход оборван на 4-м колене — исходящие могли не попасть в выгрузку.",4,False,1,0,38310.0,0.0,1,0,0.0,38310.0,0.00029991,0.0,0.0,2.76e-06,7,0,4,1,0.0,1.0,0.0,0.0,0,0,0,False,True,38310.0
100000002304943100,peripheral,0.33,21,0.0792,"Вход: 1 плательщика (15 тыс ₸), выход: 0 получателей (0 тыс ₸) — ни один порог роли не пройден. Обход оборван на 4-м колене — исходящие могли не попасть в выгрузку.",4,False,1,0,15000.0,0.0,1,0,0.0,15000.0,0.00030637,0.0,0.0,0.0,7,0,4,1,0.0,1.0,0.0,0.0,0,0,0,False,True,15000.0
100000002597074100,peripheral,0.33,0,0.0792,"Вход: 1 плательщика (8 тыс ₸), выход: 0 получателей (0 тыс ₸) — ни один порог роли не пройден. Обход оборван на 4-м колене — исходящие могли не попасть в выгрузку.",4,False,1,0,8000.0,0.0,1,0,0.0,8000.0,0.00031043,0.0,0.0,0.0,7,0,4,1,0.0,1.0,0.0,0.0,0,0,0,False,True,8000.0
100000003146511100,peripheral,0.33,13,0.0792,"Вход: 1 плательщика (10 тыс ₸), выход: 0 получателей (0 тыс ₸) — ни один порог роли не пройден. Обход оборван на 4-м колене — исходящие могли не попасть в выгрузку.",4,False,1,0,10000.0,0.0,1,0,0.0,10000.0,0.00031181,0.0,0.0,0.0,7,0,4,1,0.0,1.0,0.0,0.0,0,0,0,False,True,10000.0
100000004433250100,peripheral,0.33,0,0.0792,"Вход: 1 плательщика (8 тыс ₸), выход: 0 получателей (0 тыс ₸) — ни один порог роли не пройден. Обход оборван на 4-м колене — исходящие могли не попасть в выгрузку.",4,False,1,0,8000.0,0.0,1,0,0.0,8000.0,0.00030657,0.0,0.0,0.0,7,0,4,1,0.0,1.0,0.0,0.0,0,0,0,False,True,8000.0
100000004674178100,peripheral,0.33,26,0.0792,"Вход: 1 плательщика (20 тыс ₸), выход: 0 получателей (0 тыс ₸) — ни один порог роли не пройден. Обход оборван на 4-м колене — исходящие могли не попасть в выгрузку.",4,False,1,0,20000.0,0.0,1,0,0.0,20000.0,0.00030274,0.0,0.0,2e-08,7,0,4,1,0.0,1.0,0.0,0.0,0,0,0,False,True,20000.0
100000004848236100,peripheral,0.33,0,0.0792,"Вход: 1 плательщика (8 тыс ₸), выход: 0 получателей (0 тыс ₸) — ни один порог роли не пройден. Обход оборван на 4-м колене — исходящие могли не попасть в выгрузку.",4,False,1,0,7500.0,0.0,1,0,0.0,7500.0,0.00030887,0.0,0.0,0.0,7,0,4,1,0.0,1.0,0.0,0.0,0,0,0,False,True,7500.0
100000004850609100,peripheral,0.33,0,0.0792,"Вход: 1 плательщика (10 тыс ₸), выход: 0 получателей (0 тыс ₸) — ни один порог роли не пройден. Обход оборван на 4-м колене — исходящие могли не попасть в выгрузку.",4,False,1,0,10000.0,0.0,1,0,0.0,10000.0,0.00031303,0.0,0.0,5.55e-06,7,0,4,1,0.0,1.0,0.0,0.0,0,0,0,False,True,10000.0
100000004890713100,peripheral,0.33,8,0.0792,"Вход: 1 плательщика (40 тыс ₸), выход: 0 получателей (0 тыс ₸) — ни один порог роли не пройден. Обход оборван на 4-м колене — исходящие могли не попасть в выгрузку.",4,False,1,0,40485.0,0.0,1,0,0.0,40485.0,0.00030072,0.0,0.0,2.76e-06,7,0,4,1,0.0,1.0,0.0,0.0,0,0,0,False,True,40485.0
100000005025629100,peripheral,0.33,4,0.0792,"Вход: 1 плательщика (5 тыс ₸), выход: 0 получателей (0 тыс ₸) — ни один порог роли не пройден. Обход оборван на 4-м колене — исходящие могли не попасть в выгрузку.",4,False,1,0,5227.0,0.0,1,0,0.0,5227.0,0.00031415,0.0,0.0,1.082e-05,7,0,4,1,0.0,1.0,0.0,0.0,0,0,0,False,True,5227.0
100000005474472100,terminal,0.74,24,0.0792,"Принял 100 тыс ₸ от 1 плательщика и удержал 100 тыс ₸; обход на колене 2 не обрывался, значит отсутствие исходящих — поведение, а не артефакт.",2,False,1,0,100000.0,0.0,1,0,0.0,100000.0,0.00054495,0.0,0.0,0.0,1,0,2,1,0.0,1.0,0.0,0.0,0,0,0,False,False,100000.0
100000006527156100,peripheral,0.33,48,0.0792,"Вход: 1 плательщика (48 тыс ₸), выход: 0 получателей (0 тыс ₸) — ни один порог роли не пройден. Обход оборван на 4-м колене — исходящие могли не попасть в выгрузку.",4,False,1,0,48500.0,0.0,1,0,0.0,48500.0,0.00029608,0.0,0.0,0.0,7,0,4,1,0.0,1.0,0.0,0.0,0,0,0,False,True,48500.0
100000006918814100,peripheral,0.33,2,0.0792,"Вход: 1 плательщика (20 тыс ₸), выход: 0 получателей (0 тыс ₸) — ни один порог роли не пройден. Обход оборван на 4-м колене — исходящие могли не попасть в выгрузку.",4,False,1,0,20000.0,0.0,2,0,0.0,20000.0,0.00030433,0.0,0.0,5.079e-05,7,0,4,1,0.0,1.0,0.0,0.0,0,0,0,False,True,20000.0
100000007960337100,peripheral,0.33,3,0.0792,"Вход: 1 плательщика (36 тыс ₸), выход: 0 получателей (0 тыс ₸) — ни один порог роли не пройден. Обход оборван на 4-м колене — исходящие могли не попасть в выгрузку.",4,False,1,0,35500.0,0.0,1,0,0.0,35500.0,0.00030277,0.0,0.0,0.0,7,0,4,1,0.0,1.0,0.0,0.0,0,0,0,False,True,35500.0
100000008629504100,peripheral,0.33,0,0.0792,"Вход: 1 плательщика (20 тыс ₸), выход: 0 получателей (0 тыс ₸) — ни один порог роли не пройден. Обход оборван на 4-м колене — исходящие могли не попасть в выгрузку.",4,False,1,0,20000.0,0.0,1,0,0.0,20000.0,0.00030201,0.0,0.0,6.84e-06,7,0,4,1,0.0,1.0,0.0,0.0,0,0,0,False,True,20000.0
100000008734279100,peripheral,0.33,3,0.0792,"Вход: 1 плательщика (32 тыс ₸), выход: 0 получателей (0 тыс ₸) — ни один порог роли не пройден. Обход оборван на 4-м колене — исходящие могли не попасть в выгрузку.",4,False,1,0,31650.0,0.0,1,0,0.0,31650.0,0.00030133,0.0,0.0,0.0,7,0,4,1,0.0,1.0,0.0,0.0,0,0,0,False,True,31650.0
100000000424935100,peripheral,0.33,28,0.0791,"Вход: 1 плательщика (15 тыс ₸), выход: 0 получателей (0 тыс ₸) — ни один порог роли не пройден. Обход оборван на 4-м колене — исходящие могли не попасть в выгрузку.",4,False,1,0,15000.0,0.0,1,0,0.0,15000.0,0.00030145,0.0,0.0,0.0,7,0,4,1,0.0,1.0,0.0,0.0,0,0,0,False,True,15000.0
100000001297206100,peripheral,0.33,0,0.0791,"Вход: 1 плательщика (7 тыс ₸), выход: 0 получателей (0 тыс ₸) — ни один порог роли не пройден. Обход оборван на 4-м колене — исходящие могли не попасть в выгрузку.",4,False,1,0,6758.0,0.0,1,0,0.0,6758.0,0.00029851,0.0,0.0,1.82e-06,7,0,4,1,0.0,1.0,0.0,0.0,0,0,0,False,True,6758.0
100000002227960100,peripheral,0.33,21,0.0791,"Вход: 1 плательщика (10 тыс ₸), выход: 0 получателей (0 тыс ₸) — ни один порог роли не пройден. Обход оборван на 4-м колене — исходящие могли не попасть в выгрузку.",4,False,1,0,10000.0,0.0,1,0,0.0,10000.0,0.00029944,0.0,0.0,0.0,7,0,4,1,0.0,1.0,0.0,0.0,0,0,0,False,True,10000.0
100000002506987100,peripheral,0.33,8,0.0791,"Вход: 1 плательщика (28 тыс ₸), выход: 0 получателей (0 тыс ₸) — ни один порог роли не пройден. Обход оборван на 4-м колене — исходящие могли не попасть в выгрузку.",4,False,1,0,28200.0,0.0,1,0,0.0,28200.0,0.00029613,0.0,0.0,2.76e-06,7,0,4,1,0.0,1.0,0.0,0.0,0,0,0,False,True,28200.0
100000002660298100,peripheral,0.33,8,0.0791,"Вход: 1 плательщика (31 тыс ₸), выход: 0 получателей (0 тыс ₸) — ни один порог роли не пройден. Обход оборван на 4-м колене — исходящие могли не попасть в выгрузку.",4,False,1,0,30900.0,0.0,1,0,0.0,30900.0,0.00029714,0.0,0.0,2.76e-06,7,0,4,1,0.0,1.0,0.0,0.0,0,0,0,False,True,30900.0
100000002702968100,peripheral,0.33,8,0.0791,"Вход: 1 плательщика (32 тыс ₸), выход: 0 получателей (0 тыс ₸) — ни один порог роли не пройден. Обход оборван на 4-м колене — исходящие могли не попасть в выгрузку.",4,False,1,0,31600.0,0.0,1,0,0.0,31600.0,0.0002974,0.0,0.0,2.76e-06,7,0,4,1,0.0,1.0,0.0,0.0,0,0,0,False,True,31600.0
100000003031890100,terminal,0.781,23,0.0791,"Принял 215 тыс ₸ от 1 плательщика и удержал 215 тыс ₸; обход на колене 2 не обрывался, значит отсутствие исходящих — поведение, а не артефакт.",2,False,1,0,215000.0,0.0,10,0,0.0,215000.0,0.00039212,0.0,0.0,0.0,1,0,2,1,0.0,1.0,0.0,0.0,0,0,0,False,False,215000.0
100000003040087100,peripheral,0.33,8,0.0791,"Вход: 1 плательщика (29 тыс ₸), выход: 0 получателей (0 тыс ₸) — ни один порог роли не пройден. Обход оборван на 4-м колене — исходящие могли не попасть в выгрузку.",4,False,1,0,29000.0,0.0,1,0,0.0,29000.0,0.00029642,0.0,0.0,2.76e-06,7,0,4,1,0.0,1.0,0.0,0.0,0,0,0,False,True,29000.0
100000003105089100,peripheral,0.33,21,0.0791,"Вход: 1 плательщика (10 тыс ₸), выход: 0 получателей (0 тыс ₸) — ни один порог роли не пройден. Обход оборван на 4-м колене — исходящие могли не попасть в выгрузку.",4,False,1,0,10000.0,0.0,1,0,0.0,10000.0,0.00029944,0.0,0.0,0.0,7,0,4,1,0.0,1.0,0.0,0.0,0,0,0,False,True,10000.0
100000004041294100,peripheral,0.33,26,0.0791,"Вход: 1 плательщика (18 тыс ₸), выход: 0 получателей (0 тыс ₸) — ни один порог роли не пройден. Обход оборван на 4-м колене — исходящие могли не попасть в выгрузку.",4,False,1,0,17800.0,0.0,2,0,0.0,17800.0,0.00030085,0.0,0.0,2e-08,7,0,4,1,0.0,1.0,0.0,0.0,0,0,0,False,True,17800.0
100000004856746100,peripheral,0.33,34,0.0791,"Вход: 1 плательщика (20 тыс ₸), выход: 0 получателей (0 тыс ₸) — ни один порог роли не пройден. Обход оборван на 4-м колене — исходящие могли не попасть в выгрузку.",4,False,1,0,20000.0,0.0,1,0,0.0,20000.0,0.00030005,0.0,0.0,1.5e-07,7,0,4,1,0.0,1.0,0.0,0.0,0,0,0,False,True,20000.0
100000004911971100,peripheral,0.33,37,0.0791,"Вход: 1 плательщика (35 тыс ₸), выход: 0 получателей (0 тыс ₸) — ни один порог роли не пройден. Обход оборван на 4-м колене — исходящие могли не попасть в выгрузку.",4,False,1,0,35000.0,0.0,3,0,0.0,35000.0,0.00028905,0.0,0.0,0.0,7,0,4,1,0.0,1.0,0.0,0.0,0,0,0,False,True,35000.0
100000005370558100,peripheral,0.33,0,0.0791,"Вход: 1 плательщика (5 тыс ₸), выход: 0 получателей (0 тыс ₸) — ни один порог роли не пройден. Обход оборван на 4-м колене — исходящие могли не попасть в выгрузку.",4,False,1,0,5000.0,0.0,1,0,0.0,5000.0,0.0002993,0.0,0.0,5.55e-06,7,0,4,1,0.0,1.0,0.0,0.0,0,0,0,False,True,5000.0
100000005553088100,peripheral,0.33,3,0.0791,"Вход: 1 плательщика (18 тыс ₸), выход: 0 получателей (0 тыс ₸) — ни один порог роли не пройден. Обход оборван на 4-м колене — исходящие могли не попасть в выгрузку.",4,False,1,0,17500.0,0.0,1,0,0.0,17500.0,0.00029429,0.0,0.0,0.0,7,0,4,1,0.0,1.0,0.0,0.0,0,0,0,False,True,17500.0
100000006288612100,peripheral,0.33,11,0.0791,"Вход: 1 плательщика (31 тыс ₸), выход: 0 получателей (0 тыс ₸) — ни один порог роли не пройден. Обход оборван на 4-м колене — исходящие могли не попасть в выгрузку.",4,False,1,0,30805.0,0.0,3,0,0.0,30805.0,0.00029762,0.0,0.0,2.37e-06,7,0,4,1,0.0,1.0,0.0,0.0,0,0,0,False,True,30805.0
100000006351075100,peripheral,0.33,39,0.0791,"Вход: 1 плательщика (40 тыс ₸), выход: 0 получателей (0 тыс ₸) — ни один порог роли не пройден. Обход оборван на 4-м колене — исходящие могли не попасть в выгрузку.",4,False,1,0,40000.0,0.0,2,0,0.0,40000.0,0.00029109,0.0,0.0,0.0,7,0,4,1,0.0,1.0,0.0,0.0,0,0,0,False,True,40000.0
100000006903193100,peripheral,0.33,0,0.0791,"Вход: 1 плательщика (9 тыс ₸), выход: 0 получателей (0 тыс ₸) — ни один порог роли не пройден. Обход оборван на 4-м колене — исходящие могли не попасть в выгрузку.",4,False,1,0,9000.0,0.0,1,0,0.0,9000.0,0.0003016,0.0,0.0,2.91e-05,7,0,4,1,0.0,1.0,0.0,0.0,0,0,0,False,True,9000.0
100000007381662100,peripheral,0.33,0,0.0791,"Вход: 1 плательщика (11 тыс ₸), выход: 0 получателей (0 тыс ₸) — ни один порог роли не пройден. Обход оборван на 4-м колене — исходящие могли не попасть в выгрузку.",4,False,1,0,11000.0,0.0,1,0,0.0,11000.0,0.00029683,0.0,0.0,3.148e-05,7,0,4,1,0.0,1.0,0.0,0.0,0,0,0,False,True,11000.0
100000008071749100,peripheral,0.33,8,0.0791,"Вход: 1 плательщика (25 тыс ₸), выход: 0 получателей (0 тыс ₸) — ни один порог роли не пройден. Обход оборван на 4-м колене — исходящие могли не попасть в выгрузку.",4,False,1,0,24943.0,0.0,1,0,0.0,24943.0,0.00029491,0.0,0.0,2.76e-06,7,0,4,1,0.0,1.0,0.0,0.0,0,0,0,False,True,24943.0
100000008321975100,peripheral,0.33,21,0.0791,"Вход: 1 плательщика (6 тыс ₸), выход: 0 получателей (0 тыс ₸) — ни один порог роли не пройден. Обход оборван на 4-м колене — исходящие могли не попасть в выгрузку.",4,False,1,0,5900.0,0.0,1,0,0.0,5900.0,0.00030323,0.0,0.0,0.0,7,0,4,1,0.0,1.0,0.0,0.0,0,0,0,False,True,5900.0
100000000581682100,peripheral,0.33,28,0.079,"Вход: 1 плательщика (5 тыс ₸), выход: 0 получателей (0 тыс ₸) — ни один порог роли не пройден. Обход оборван на 4-м колене — исходящие могли не попасть в выгрузку.",4,False,1,0,5000.0,0.0,1,0,0.0,5000.0,0.00029086,0.0,0.0,0.0,7,0,4,1,0.0,1.0,0.0,0.0,0,0,0,False,True,5000.0
100000000673915100,peripheral,0.33,37,0.079,"Вход: 1 плательщика (20 тыс ₸), выход: 0 получателей (0 тыс ₸) — ни один порог роли не пройден. Обход оборван на 4-м колене — исходящие могли не попасть в выгрузку.",4,False,1,0,20200.0,0.0,1,0,0.0,20200.0,0.00028758,0.0,0.0,0.0,7,0,4,1,0.0,1.0,0.0,0.0,0,0,0,False,True,20200.0
100000001249054100,peripheral,0.33,8,0.079,"Вход: 1 плательщика (17 тыс ₸), выход: 0 получателей (0 тыс ₸) — ни один порог роли не пройден. Обход оборван на 4-м колене — исходящие могли не попасть в выгрузку.",4,False,1,0,17375.0,0.0,1,0,0.0,17375.0,0.00029207,0.0,0.0,2.76e-06,7,0,4,1,0.0,1.0,0.0,0.0,0,0,0,False,True,17375.0
100000001286703100,peripheral,0.33,41,0.079,"Вход: 1 плательщика (20 тыс ₸), выход: 0 получателей (0 тыс ₸) — ни один порог роли не пройден. Обход оборван на 4-м колене — исходящие могли не попасть в выгрузку.",4,False,1,0,20500.0,0.0,1,0,0.0,20500.0,0.00028724,0.0,0.0,0.0,7,0,4,1,0.0,1.0,0.0,0.0,0,0,0,False,True,20500.0
100000002528978100,peripheral,0.33,8,0.079,"Вход: 1 плательщика (16 тыс ₸), выход: 0 получателей (0 тыс ₸) — ни один порог роли не пройден. Обход оборван на 4-м колене — исходящие могли не попасть в выгрузку.",4,False,1,0,15900.0,0.0,1,0,0.0,15900.0,0.00029152,0.0,0.0,2.76e-06,7,0,4,1,0.0,1.0,0.0,0.0,0,0,0,False,True,15900.0
100000002707106100,peripheral,0.33,14,0.079,"Вход: 1 плательщика (15 тыс ₸), выход: 0 получателей (0 тыс ₸) — ни один порог роли не пройден. Обход оборван на 4-м колене — исходящие могли не попасть в выгрузку.",4,False,1,0,15000.0,0.0,2,0,0.0,15000.0,0.00028661,0.0,0.0,6e-08,7,0,4,1,0.0,1.0,0.0,0.0,0,0,0,False,True,15000.0
100000002733083100,peripheral,0.33,8,0.079,"Вход: 1 плательщика (15 тыс ₸), выход: 0 получателей (0 тыс ₸) — ни один порог роли не пройден. Обход оборван на 4-м колене — исходящие могли не попасть в выгрузку.",4,False,1,0,15200.0,0.0,1,0,0.0,15200.0,0.00029126,0.0,0.0,2.76e-06,7,0,4,1,0.0,1.0,0.0,0.0,0,0,0,False,True,15200.0
100000002748040100,peripheral,0.33,8,0.079,"Вход: 1 плательщика (18 тыс ₸), выход: 0 получателей (0 тыс ₸) — ни один порог роли не пройден. Обход оборван на 4-м колене — исходящие могли не попасть в выгрузку.",4,False,1,0,18000.0,0.0,1,0,0.0,18000.0,0.00029231,0.0,0.0,2.76e-06,7,0,4,1,0.0,1.0,0.0,0.0,0,0,0,False,True,18000.0
100000002981489100,peripheral,0.33,4,0.079,"Вход: 1 плательщика (10 тыс ₸), выход: 0 получателей (0 тыс ₸) — ни один порог роли не пройден. Обход оборван на 4-м колене — исходящие могли не попасть в выгрузку.",4,False,1,0,10000.0,0.0,1,0,0.0,10000.0,0.00028833,0.0,0.0,0.0,7,0,4,1,0.0,1.0,0.0,0.0,0,0,0,False,True,10000.0
100000002999140100,peripheral,0.33,11,0.079,"Вход: 1 плательщика (10 тыс ₸), выход: 0 получателей (0 тыс ₸) — ни один порог роли не пройден. Обход оборван на 4-м колене — исходящие могли не попасть в выгрузку.",4,False,1,0,10000.0,0.0,2,0,0.0,10000.0,0.00028948,0.0,0.0,2.37e-06,7,0,4,1,0.0,1.0,0.0,0.0,0,0,0,False,True,10000.0
100000003083865100,peripheral,0.33,8,0.079,"Вход: 1 плательщика (15 тыс ₸), выход: 0 получателей (0 тыс ₸) — ни один порог роли не пройден. Обход оборван на 4-м колене — исходящие могли не попасть в выгрузку.",4,False,1,0,15000.0,0.0,1,0,0.0,15000.0,0.00029118,0.0,0.0,2.76e-06,7,0,4,1,0.0,1.0,0.0,0.0,0,0,0,False,True,15000.0
100000003096787100,peripheral,0.33,8,0.079,"Вход: 1 плательщика (16 тыс ₸), выход: 0 получателей (0 тыс ₸) — ни один порог роли не пройден. Обход оборван на 4-м колене — исходящие могли не попасть в выгрузку.",4,False,1,0,16400.0,0.0,1,0,0.0,16400.0,0.00029171,0.0,0.0,2.76e-06,7,0,4,1,0.0,1.0,0.0,0.0,0,0,0,False,True,16400.0
100000003166017100,peripheral,0.33,8,0.079,"Вход: 1 плательщика (15 тыс ₸), выход: 0 получателей (0 тыс ₸) — ни один порог роли не пройден. Обход оборван на 4-м колене — исходящие могли не попасть в выгрузку.",4,False,1,0,15000.0,0.0,1,0,0.0,15000.0,0.00029118,0.0,0.0,2.76e-06,7,0,4,1,0.0,1.0,0.0,0.0,0,0,0,False,True,15000.0
100000003786516100,peripheral,0.33,0,0.079,"Вход: 1 плательщика (5 тыс ₸), выход: 0 получателей (0 тыс ₸) — ни один порог роли не пройден. Обход оборван на 4-м колене — исходящие могли не попасть в выгрузку.",4,False,1,0,5000.0,0.0,1,0,0.0,5000.0,0.00029316,0.0,0.0,2.773e-05,7,0,4,1,0.0,1.0,0.0,0.0,0,0,0,False,True,5000.0
100000004047887100,peripheral,0.33,41,0.079,"Вход: 1 плательщика (30 тыс ₸), выход: 0 получателей (0 тыс ₸) — ни один порог роли не пройден. Обход оборван на 4-м колене — исходящие могли не попасть в выгрузку.",4,False,1,0,30000.0,0.0,1,0,0.0,30000.0,0.00028801,0.0,0.0,0.0,7,0,4,1,0.0,1.0,0.0,0.0,0,0,0,False,True,30000.0
100000004070530100,peripheral,0.33,41,0.079,"Вход: 1 плательщика (20 тыс ₸), выход: 0 получателей (0 тыс ₸) — ни один порог роли не пройден. Обход оборван на 4-м колене — исходящие могли не попасть в выгрузку.",4,False,1,0,20000.0,0.0,1,0,0.0,20000.0,0.0002872,0.0,0.0,0.0,7,0,4,1,0.0,1.0,0.0,0.0,0,0,0,False,True,20000.0
100000004616845100,peripheral,0.33,58,0.079,"Вход: 1 плательщика (20 тыс ₸), выход: 0 получателей (0 тыс ₸) — ни один порог роли не пройден. Обход оборван на 4-м колене — исходящие могли не попасть в выгрузку.",4,False,1,0,20200.0,0.0,2,0,0.0,20200.0,0.00028882,0.0,0.0,0.0,7,0,4,1,0.0,1.0,0.0,0.0,0,0,0,False,True,20200.0
100000004780083100,peripheral,0.33,59,0.079,"Вход: 1 плательщика (10 тыс ₸), выход: 0 получателей (0 тыс ₸) — ни один порог роли не пройден. Обход оборван на 4-м колене — исходящие могли не попасть в выгрузку.",4,False,1,0,9999.0,0.0,1,0,0.0,9999.0,0.00029339,0.0,0.0,0.0,7,0,4,1,0.0,1.0,0.0,0.0,0,0,0,False,True,9999.0
100000006735545100,peripheral,0.33,3,0.079,"Вход: 1 плательщика (5 тыс ₸), выход: 0 получателей (0 тыс ₸) — ни один порог роли не пройден. Обход оборван на 4-м колене — исходящие могли не попасть в выгрузку.",4,False,1,0,5000.0,0.0,1,0,0.0,5000.0,0.00029327,0.0,0.0,2.995e-05,7,0,4,1,0.0,1.0,0.0,0.0,0,0,0,False,True,5000.0
100000008525136100,peripheral,0.33,0,0.079,"Вход: 1 плательщика (14 тыс ₸), выход: 0 получателей (0 тыс ₸) — ни один порог роли не пройден. Обход оборван на 4-м колене — исходящие могли не попасть в выгрузку.",4,False,1,0,14100.0,0.0,1,0,0.0,14100.0,0.00028852,0.0,0.0,9.171e-05,7,0,4,1,0.0,1.0,0.0,0.0,0,0,0,False,True,14100.0
100000008778753100,peripheral,0.33,26,0.079,"Вход: 1 плательщика (10 тыс ₸), выход: 0 получателей (0 тыс ₸) — ни один порог роли не пройден. Обход оборван на 4-м колене — исходящие могли не попасть в выгрузку.",4,False,1,0,10000.0,0.0,1,0,0.0,10000.0,0.00029416,0.0,0.0,2e-08,7,0,4,1,0.0,1.0,0.0,0.0,0,0,0,False,True,10000.0
100000000542087100,peripheral,0.33,37,0.0789,"Вход: 1 плательщика (9 тыс ₸), выход: 0 получателей (0 тыс ₸) — ни один порог роли не пройден. Обход оборван на 4-м колене — исходящие могли не попасть в выгрузку.",4,False,1,0,8506.91,0.0,1,0,0.0,8506.91,0.00028641,0.0,0.0,0.0,7,0,4,1,0.0,1.0,0.0,0.0,0,0,0,False,True,8506.91
100000000627521100,peripheral,0.33,41,0.0789,"Вход: 1 плательщика (6 тыс ₸), выход: 0 получателей (0 тыс ₸) — ни один порог роли не пройден. Обход оборван на 4-м колене — исходящие могли не попасть в выгрузку.",4,False,1,0,6500.0,0.0,1,0,0.0,6500.0,0.0002861,0.0,0.0,0.0,7,0,4,1,0.0,1.0,0.0,0.0,0,0,0,False,True,6500.0
100000001498732100,peripheral,0.33,53,0.0789,"Вход: 1 плательщика (6 тыс ₸), выход: 0 получателей (0 тыс ₸) — ни один порог роли не пройден. Обход оборван на 4-м колене — исходящие могли не попасть в выгрузку.",4,False,1,0,5500.0,0.0,1,0,0.0,5500.0,0.00028941,0.0,0.0,1e-08,7,0,4,1,0.0,1.0,0.0,0.0,0,0,0,False,True,5500.0
100000004107228100,peripheral,0.33,2,0.0789,"Вход: 1 плательщика (5 тыс ₸), выход: 0 получателей (0 тыс ₸) — ни один порог роли не пройден. Обход оборван на 4-м колене — исходящие могли не попасть в выгрузку.",4,False,1,0,5000.0,0.0,1,0,0.0,5000.0,0.00028871,0.0,0.0,1.199e-05,7,0,4,1,0.0,1.0,0.0,0.0,0,0,0,False,True,5000.0
100000004272302100,peripheral,0.33,48,0.0789,"Вход: 1 плательщика (10 тыс ₸), выход: 0 получателей (0 тыс ₸) — ни один порог роли не пройден. Обход оборван на 4-м колене — исходящие могли не попасть в выгрузку.",4,False,1,0,10000.0,0.0,1,0,0.0,10000.0,0.00028774,0.0,0.0,0.0,7,0,4,1,0.0,1.0,0.0,0.0,0,0,0,False,True,10000.0
100000005146665100,peripheral,0.33,58,0.0789,"Вход: 1 плательщика (6 тыс ₸), выход: 0 получателей (0 тыс ₸) — ни один порог роли не пройден. Обход оборван на 4-м колене — исходящие могли не попасть в выгрузку.",4,False,1,0,5500.0,0.0,1,0,0.0,5500.0,0.00028645,0.0,0.0,0.0,7,0,4,1,0.0,1.0,0.0,0.0,0,0,0,False,True,5500.0
100000003132484100,terminal,0.73,7,0.0787,"Принял 90 тыс ₸ от 1 плательщика и удержал 90 тыс ₸; обход на колене 3 не обрывался, значит отсутствие исходящих — поведение, а не артефакт.",3,False,1,0,90000.0,0.0,1,0,0.0,90000.0,0.00053882,0.0,0.0,0.0,1,0,3,1,0.0,1.0,0.0,0.0,0,0,0,False,False,90000.0
100000007283257100,terminal,0.774,63,0.0787,"Принял 192 тыс ₸ от 1 плательщика и удержал 192 тыс ₸; обход на колене 1 не обрывался, значит отсутствие исходящих — поведение, а не артефакт.",1,False,1,0,192000.0,0.0,7,0,0.0,192000.0,0.00038907,0.0,0.0,0.0,1,1,1,1,0.0,1.0,0.0,0.0,0,0,0,False,False,192000.0
100000002633701100,terminal,0.792,7,0.0786,"Принял 267 тыс ₸ от 1 плательщика и удержал 267 тыс ₸; обход на колене 2 не обрывался, значит отсутствие исходящих — поведение, а не артефакт.",2,False,1,0,266850.0,0.0,1,0,0.0,266850.0,0.00031068,0.0,0.0,5e-07,1,0,2,1,0.0,1.0,0.0,0.0,0,0,0,False,False,266850.0
100000002958286100,terminal,0.791,7,0.0785,"Принял 257 тыс ₸ от 1 плательщика и удержал 257 тыс ₸; обход на колене 1 не обрывался, значит отсутствие исходящих — поведение, а не артефакт.",1,False,1,0,257000.0,0.0,1,0,0.0,257000.0,0.00031317,0.0,0.0,2.275e-05,1,1,1,1,0.0,1.0,0.0,0.0,0,0,0,False,False,257000.0
100000001270349100,terminal,0.779,25,0.0784,"Принял 200 тыс ₸ от 1 плательщика и удержал 200 тыс ₸; обход на колене 3 не обрывался, значит отсутствие исходящих — поведение, а не артефакт.",3,False,1,0,200000.0,0.0,1,0,0.0,200000.0,0.0003553,0.0,0.0,4.7e-07,1,0,3,1,0.0,1.0,0.0,0.0,0,0,0,False,False,200000.0
100000003865939100,terminal,0.723,67,0.0783,"Принял 81 тыс ₸ от 1 плательщика и удержал 81 тыс ₸; обход на колене 1 не обрывался, значит отсутствие исходящих — поведение, а не артефакт.",1,False,1,0,81465.0,0.0,1,0,0.0,81465.0,0.00052859,0.0,0.0,0.0,1,1,1,1,0.0,1.0,0.0,0.0,0,0,0,False,False,81465.0
100000004463277100,terminal,0.665,29,0.0783,"Принял 35 тыс ₸ от 1 плательщика и удержал 35 тыс ₸; обход на колене 2 не обрывался, значит отсутствие исходящих — поведение, а не артефакт.",2,False,1,0,35000.0,0.0,1,0,0.0,35000.0,0.00069192,0.0,0.0,0.0,1,0,2,1,0.0,1.0,0.0,0.0,0,0,0,False,False,35000.0
100000004192865100,terminal,0.711,29,0.0782,"Принял 67 тыс ₸ от 1 плательщика и удержал 67 тыс ₸; обход на колене 2 не обрывался, значит отсутствие исходящих — поведение, а не артефакт.",2,False,1,0,66666.0,0.0,1,0,0.0,66666.0,0.00055581,0.0,0.0,0.0,1,0,2,1,0.0,1.0,0.0,0.0,0,0,0,False,False,66666.0
100000003089018100,terminal,0.784,7,0.0781,"Принял 230 тыс ₸ от 1 плательщика и удержал 230 тыс ₸; обход на колене 2 не обрывался, значит отсутствие исходящих — поведение, а не артефакт.",2,False,1,0,230000.0,0.0,1,0,0.0,230000.0,0.00030721,0.0,0.0,5e-07,1,0,2,1,0.0,1.0,0.0,0.0,0,0,0,False,False,230000.0
100000002475601100,terminal,0.785,3,0.078,"Принял 232 тыс ₸ от 1 плательщика и удержал 232 тыс ₸; обход на колене 3 не обрывался, значит отсутствие исходящих — поведение, а не артефакт.",3,False,1,0,232301.0,0.0,1,0,0.0,232301.0,0.00030211,0.0,0.0,7.936e-05,1,0,3,1,0.0,1.0,0.0,0.0,0,0,0,False,False,232301.0
100000002591469100,terminal,0.786,6,0.078,"Принял 236 тыс ₸ от 1 плательщика и удержал 236 тыс ₸; обход на колене 1 не обрывался, значит отсутствие исходящих — поведение, а не артефакт.",1,False,1,0,235670.0,0.0,1,0,0.0,235670.0,0.00029908,0.0,0.0,4.34e-06,1,1,1,1,0.0,1.0,0.0,0.0,0,0,0,False,False,235670.0
100000002615479100,terminal,0.782,7,0.078,"Принял 220 тыс ₸ от 1 плательщика и удержал 220 тыс ₸; обход на колене 1 не обрывался, значит отсутствие исходящих — поведение, а не артефакт.",1,False,1,0,220000.0,0.0,1,0,0.0,220000.0,0.0003092,0.0,0.0,2.275e-05,1,1,1,1,0.0,1.0,0.0,0.0,0,0,0,False,False,220000.0
100000001477796100,terminal,0.771,2,0.0777,"Принял 182 тыс ₸ от 1 плательщика и удержал 182 тыс ₸; обход на колене 1 не обрывался, значит отсутствие исходящих — поведение, а не артефакт.",1,False,1,0,182000.0,0.0,1,0,0.0,182000.0,0.00033066,0.0,0.0,6.78e-05,1,1,1,1,0.0,1.0,0.0,0.0,0,0,0,False,False,182000.0
100000002784085100,terminal,0.779,7,0.0777,"Принял 200 тыс ₸ от 1 плательщика и удержал 200 тыс ₸; обход на колене 1 не обрывался, значит отсутствие исходящих — поведение, а не артефакт.",1,False,1,0,200000.0,0.0,1,0,0.0,200000.0,0.00030705,0.0,0.0,2.275e-05,1,1,1,1,0.0,1.0,0.0,0.0,0,0,0,False,False,200000.0
100000002886166100,terminal,0.772,23,0.0777,"Принял 185 тыс ₸ от 1 плательщика и удержал 185 тыс ₸; обход на колене 3 не обрывался, значит отсутствие исходящих — поведение, а не артефакт.",3,False,1,0,185000.0,0.0,3,0,0.0,185000.0,0.00032459,0.0,0.0,0.0,1,0,3,1,0.0,1.0,0.0,0.0,0,0,0,False,False,185000.0
100000002170580100,terminal,0.761,9,0.0776,"Принял 150 тыс ₸ от 1 плательщика и удержал 150 тыс ₸; обход на колене 2 не обрывался, значит отсутствие исходящих — поведение, а не артефакт.",2,False,1,0,150000.0,0.0,1,0,0.0,150000.0,0.00035704,0.0,0.0,2.323e-05,1,0,2,1,0.0,1.0,0.0,0.0,0,0,0,False,False,150000.0
100000004130144100,terminal,0.779,6,0.0776,"Принял 200 тыс ₸ от 1 плательщика и удержал 200 тыс ₸; обход на колене 1 не обрывался, значит отсутствие исходящих — поведение, а не артефакт.",1,False,1,0,200000.0,0.0,1,0,0.0,200000.0,0.00029704,0.0,0.0,4.34e-06,1,1,1,1,0.0,1.0,0.0,0.0,0,0,0,False,False,200000.0
100000007641801100,terminal,0.779,6,0.0776,"Принял 200 тыс ₸ от 1 плательщика и удержал 200 тыс ₸; обход на колене 1 не обрывался, значит отсутствие исходящих — поведение, а не артефакт.",1,False,1,0,200000.0,0.0,1,0,0.0,200000.0,0.00029704,0.0,0.0,4.34e-06,1,1,1,1,0.0,1.0,0.0,0.0,0,0,0,False,False,200000.0
100000005895525100,terminal,0.749,44,0.0775,"Принял 120 тыс ₸ от 1 плательщика и удержал 120 тыс ₸; обход на колене 1 не обрывался, значит отсутствие исходящих — поведение, а не артефакт.",1,False,1,0,120000.0,0.0,3,0,0.0,120000.0,0.00039127,0.0,0.0,0.0,1,1,1,1,0.0,1.0,0.0,0.0,0,0,0,False,False,120000.0
100000002528544100,terminal,0.774,3,0.0774,"Принял 193 тыс ₸ от 1 плательщика и удержал 193 тыс ₸; обход на колене 3 не обрывался, значит отсутствие исходящих — поведение, а не артефакт.",3,False,1,0,192912.0,0.0,1,0,0.0,192912.0,0.00029931,0.0,0.0,7.936e-05,1,0,3,1,0.0,1.0,0.0,0.0,0,0,0,False,False,192912.0
100000008596924100,terminal,0.74,6,0.0774,"Принял 100 тыс ₸ от 1 плательщика и удержал 100 тыс ₸; обход на колене 3 не обрывался, значит отсутствие исходящих — поведение, а не артефакт.",3,False,1,0,100000.0,0.0,1,0,0.0,100000.0,0.00041602,0.0,0.0,0.0,1,0,3,1,0.0,1.0,0.0,0.0,0,0,0,False,False,100000.0
100000008673001100,terminal,0.722,20,0.0774,"Принял 80 тыс ₸ от 1 плательщика и удержал 80 тыс ₸; обход на колене 0 не обрывался, значит отсутствие исходящих — поведение, а не артефакт.",0,True,1,0,80000.0,0.0,1,0,0.0,80000.0,0.00046898,0.0,0.0,0.0,1,1,0,1,0.0,1.0,0.0,0.0,0,0,0,False,False,80000.0
100000006989106100,terminal,0.709,6,0.0773,"Принял 64 тыс ₸ от 1 плательщика и удержал 64 тыс ₸; обход на колене 2 не обрывался, значит отсутствие исходящих — поведение, а не артефакт.",2,False,1,0,64000.0,0.0,2,0,0.0,64000.0,0.00049564,0.0,0.0,0.0,1,0,2,1,0.0,1.0,0.0,0.0,0,0,0,False,False,64000.0
100000003922499100,terminal,0.694,11,0.0772,"Принял 50 тыс ₸ от 1 плательщика и удержал 50 тыс ₸; обход на колене 2 не обрывался, значит отсутствие исходящих — поведение, а не артефакт.",2,False,1,0,50000.0,0.0,1,0,0.0,50000.0,0.00053524,0.0,0.0,0.0,1,0,2,1,0.0,1.0,0.0,0.0,0,0,0,False,False,50000.0
100000002981527100,terminal,0.767,7,0.0771,"Принял 168 тыс ₸ от 1 плательщика и удержал 168 тыс ₸; обход на колене 1 не обрывался, значит отсутствие исходящих — поведение, а не артефакт.",1,False,1,0,168000.0,0.0,1,0,0.0,168000.0,0.00030361,0.0,0.0,2.275e-05,1,1,1,1,0.0,1.0,0.0,0.0,0,0,0,False,False,168000.0
100000002462183100,terminal,0.743,44,0.077,"Принял 108 тыс ₸ от 1 плательщика и удержал 108 тыс ₸; обход на колене 1 не обрывался, значит отсутствие исходящих — поведение, а не артефакт.",1,False,1,0,107500.0,0.0,3,0,0.0,107500.0,0.00038026,0.0,0.0,0.0,1,1,1,1,0.0,1.0,0.0,0.0,0,0,0,False,False,107500.0
100000000861294100,terminal,0.761,6,0.0769,"Принял 150 тыс ₸ от 1 плательщика и удержал 150 тыс ₸; обход на колене 2 не обрывался, значит отсутствие исходящих — поведение, а не артефакт.",2,False,1,0,150000.0,0.0,1,0,0.0,150000.0,0.000314,0.0,0.0,2.872e-05,1,0,2,1,0.0,1.0,0.0,0.0,0,0,0,False,False,150000.0
100000002914245100,terminal,0.757,3,0.0765,"Принял 141 тыс ₸ от 1 плательщика и удержал 141 тыс ₸; обход на колене 3 не обрывался, значит отсутствие исходящих — поведение, а не артефакт.",3,False,1,0,140611.0,0.0,1,0,0.0,140611.0,0.00029558,0.0,0.0,7.936e-05,1,0,3,1,0.0,1.0,0.0,0.0,0,0,0,False,False,140611.0
100000002540623100,terminal,0.74,9,0.0762,"Принял 100 тыс ₸ от 1 плательщика и удержал 100 тыс ₸; обход на колене 2 не обрывался, значит отсутствие исходящих — поведение, а не артефакт.",2,False,1,0,100000.0,0.0,1,0,0.0,100000.0,0.00033322,0.0,0.0,2.323e-05,1,0,2,1,0.0,1.0,0.0,0.0,0,0,0,False,False,100000.0
100000001639766100,terminal,0.622,6,0.0761,"Принял 20 тыс ₸ от 1 плательщика и удержал 20 тыс ₸; обход на колене 3 не обрывался, значит отсутствие исходящих — поведение, а не артефакт.",3,False,1,0,20000.0,0.0,1,0,0.0,20000.0,0.00065066,0.0,0.0,0.0,1,0,3,1,0.0,1.0,0.0,0.0,0,0,0,False,False,20000.0
100000002340562100,terminal,0.667,6,0.0761,"Принял 37 тыс ₸ от 1 плательщика и удержал 37 тыс ₸; обход на колене 2 не обрывался, значит отсутствие исходящих — поведение, а не артефакт.",2,False,1,0,36650.0,0.0,2,0,0.0,36650.0,0.00053086,0.0,0.0,0.0,1,0,2,1,0.0,1.0,0.0,0.0,0,0,0,False,False,36650.0
100000004292885100,terminal,0.746,1,0.0761,"Принял 113 тыс ₸ от 1 плательщика и удержал 113 тыс ₸; обход на колене 3 не обрывался, значит отсутствие исходящих — поведение, а не артефакт.",3,False,1,0,112700.0,0.0,1,0,0.0,112700.0,0.00030316,0.0,0.0,0.0,1,0,3,1,0.0,1.0,0.0,0.0,0,0,0,False,False,112700.0
100000008598972100,terminal,0.749,3,0.0761,"Принял 120 тыс ₸ от 1 плательщика и удержал 120 тыс ₸; обход на колене 3 не обрывался, значит отсутствие исходящих — поведение, а не артефакт.",3,False,1,0,120000.0,0.0,1,0,0.0,120000.0,0.00029412,0.0,0.0,7.936e-05,1,0,3,1,0.0,1.0,0.0,0.0,0,0,0,False,False,120000.0
100000002969048100,terminal,0.743,6,0.076,"Принял 108 тыс ₸ от 1 плательщика и удержал 108 тыс ₸; обход на колене 2 не обрывался, значит отсутствие исходящих — поведение, а не артефакт.",2,False,1,0,108470.0,0.0,1,0,0.0,108470.0,0.00030613,0.0,0.0,2.872e-05,1,0,2,1,0.0,1.0,0.0,0.0,0,0,0,False,False,108470.0
100000008737958100,terminal,0.739,1,0.0759,"Принял 53 тыс ₸ от 2 плательщиков и удержал 53 тыс ₸; обход на колене 1 не обрывался, значит отсутствие исходящих — поведение, а не артефакт.",1,False,2,0,53373.0,0.0,2,0,0.0,53373.0,0.00029963,0.0,0.0,0.0,1,1,1,1,0.0,1.0,0.0,0.0,0,0,0,False,False,53373.0
100000002757797100,terminal,0.74,11,0.0758,"Принял 100 тыс ₸ от 1 плательщика и удержал 100 тыс ₸; обход на колене 1 не обрывался, значит отсутствие исходящих — поведение, а не артефакт.",1,False,1,0,100000.0,0.0,1,0,0.0,100000.0,0.00030216,0.0,0.0,1.01e-05,1,1,1,1,0.0,1.0,0.0,0.0,0,0,0,False,False,100000.0
100000003980083100,terminal,0.656,68,0.0757,"Принял 30 тыс ₸ от 1 плательщика и удержал 30 тыс ₸; обход на колене 1 не обрывался, значит отсутствие исходящих — поведение, а не артефакт.",1,False,1,0,30000.0,0.0,1,0,0.0,30000.0,0.00052859,0.0,0.0,0.0,1,1,1,1,0.0,1.0,0.0,0.0,0,0,0,False,False,30000.0
100000001848426100,terminal,0.734,6,0.0756,"Принял 96 тыс ₸ от 1 плательщика и удержал 96 тыс ₸; обход на колене 2 не обрывался, значит отсутствие исходящих — поведение, а не артефакт.",2,False,1,0,95530.0,0.0,1,0,0.0,95530.0,0.00030368,0.0,0.0,2.872e-05,1,0,2,1,0.0,1.0,0.0,0.0,0,0,0,False,False,95530.0
100000002692044100,terminal,0.734,11,0.0756,"Принял 97 тыс ₸ от 1 плательщика и удержал 97 тыс ₸; обход на колене 1 не обрывался, значит отсутствие исходящих — поведение, а не артефакт.",1,False,1,0,97000.0,0.0,1,0,0.0,97000.0,0.00030167,0.0,0.0,1.01e-05,1,1,1,1,0.0,1.0,0.0,0.0,0,0,0,False,False,97000.0
100000001648936100,terminal,0.731,6,0.0755,"Принял 93 тыс ₸ от 1 плательщика и удержал 93 тыс ₸; обход на колене 2 не обрывался, значит отсутствие исходящих — поведение, а не артефакт.",2,False,1,0,92740.0,0.0,1,0,0.0,92740.0,0.00030315,0.0,0.0,2.872e-05,1,0,2,1,0.0,1.0,0.0,0.0,0,0,0,False,False,92740.0
100000003073398100,terminal,0.731,6,0.0755,"Принял 93 тыс ₸ от 1 плательщика и удержал 93 тыс ₸; обход на колене 2 не обрывался, значит отсутствие исходящих — поведение, а не артефакт.",2,False,1,0,92960.0,0.0,1,0,0.0,92960.0,0.00030319,0.0,0.0,2.872e-05,1,0,2,1,0.0,1.0,0.0,0.0,0,0,0,False,False,92960.0
100000002566204100,terminal,0.722,9,0.0754,"Принял 81 тыс ₸ от 1 плательщика и удержал 81 тыс ₸; обход на колене 2 не обрывался, значит отсутствие исходящих — поведение, а не артефакт.",2,False,1,0,80805.0,0.0,1,0,0.0,80805.0,0.00032407,0.0,0.0,2.323e-05,1,0,2,1,0.0,1.0,0.0,0.0,0,0,0,False,False,80805.0
100000003239379100,terminal,0.731,11,0.0754,"Принял 92 тыс ₸ от 1 плательщика и удержал 92 тыс ₸; обход на колене 1 не обрывался, значит отсутствие исходящих — поведение, а не артефакт.",1,False,1,0,92500.0,0.0,1,0,0.0,92500.0,0.00030092,0.0,0.0,1.01e-05,1,1,1,1,0.0,1.0,0.0,0.0,0,0,0,False,False,92500.0
100000003617552100,terminal,0.64,29,0.0754,"Принял 25 тыс ₸ от 1 плательщика и удержал 25 тыс ₸; обход на колене 2 не обрывался, значит отсутствие исходящих — поведение, а не артефакт.",2,False,1,0,25000.0,0.0,1,0,0.0,25000.0,0.00055105,0.0,0.0,0.0,1,0,2,1,0.0,1.0,0.0,0.0,0,0,0,False,False,25000.0
100000005203590100,terminal,0.73,6,0.0754,"Принял 90 тыс ₸ от 1 плательщика и удержал 90 тыс ₸; обход на колене 2 не обрывался, значит отсутствие исходящих — поведение, а не артефакт.",2,False,1,0,90000.0,0.0,1,0,0.0,90000.0,0.00030263,0.0,0.0,2.872e-05,1,0,2,1,0.0,1.0,0.0,0.0,0,0,0,False,False,90000.0
100000000971908100,terminal,0.728,6,0.0753,"Принял 89 тыс ₸ от 1 плательщика и удержал 89 тыс ₸; обход на колене 2 не обрывался, значит отсутствие исходящих — поведение, а не артефакт.",2,False,1,0,89000.0,0.0,1,0,0.0,89000.0,0.00030244,0.0,0.0,2.872e-05,1,0,2,1,0.0,1.0,0.0,0.0,0,0,0,False,False,89000.0
100000002662768100,terminal,0.725,2,0.0753,"Принял 84 тыс ₸ от 1 плательщика и удержал 84 тыс ₸; обход на колене 1 не обрывался, значит отсутствие исходящих — поведение, а не артефакт.",1,False,1,0,84300.0,0.0,1,0,0.0,84300.0,0.00030646,0.0,0.0,6.78e-05,1,1,1,1,0.0,1.0,0.0,0.0,0,0,0,False,False,84300.0
100000003087877100,terminal,0.731,3,0.0753,"Принял 91 тыс ₸ от 1 плательщика и удержал 91 тыс ₸; обход на колене 3 не обрывался, значит отсутствие исходящих — поведение, а не артефакт.",3,False,1,0,91486.0,0.0,1,0,0.0,91486.0,0.00029209,0.0,0.0,7.936e-05,1,0,3,1,0.0,1.0,0.0,0.0,0,0,0,False,False,91486.0
100000004225615100,terminal,0.73,7,0.0753,"Принял 90 тыс ₸ от 1 плательщика и удержал 90 тыс ₸; обход на колене 2 не обрывался, значит отсутствие исходящих — поведение, а не артефакт.",2,False,1,0,90000.0,0.0,2,0,0.0,90000.0,0.00029404,0.0,0.0,5e-07,1,0,2,1,0.0,1.0,0.0,0.0,0,0,0,False,False,90000.0
100000001632325100,terminal,0.726,1,0.0752,"Принял 86 тыс ₸ от 1 плательщика и удержал 86 тыс ₸; обход на колене 3 не обрывался, значит отсутствие исходящих — поведение, а не артефакт.",3,False,1,0,85600.0,0.0,3,0,0.0,85600.0,0.00029893,0.0,0.0,0.0,1,0,3,1,0.0,1.0,0.0,0.0,0,0,0,False,False,85600.0
100000003123296100,terminal,0.726,11,0.0752,"Принял 86 тыс ₸ от 1 плательщика и удержал 86 тыс ₸; обход на колене 1 не обрывался, значит отсутствие исходящих — поведение, а не артефакт.",1,False,1,0,86200.0,0.0,2,0,0.0,86200.0,0.00029987,0.0,0.0,1.01e-05,1,1,1,1,0.0,1.0,0.0,0.0,0,0,0,False,False,86200.0
100000003970394100,terminal,0.726,11,0.0752,"Принял 85 тыс ₸ от 1 плательщика и удержал 85 тыс ₸; обход на колене 1 не обрывался, значит отсутствие исходящих — поведение, а не артефакт.",1,False,1,0,85000.0,0.0,1,0,0.0,85000.0,0.00029968,0.0,0.0,1.01e-05,1,1,1,1,0.0,1.0,0.0,0.0,0,0,0,False,False,85000.0
100000005931985100,terminal,0.72,12,0.0752,"Принял 76 тыс ₸ от 1 плательщика и удержал 76 тыс ₸; обход на колене 2 не обрывался, значит отсутствие исходящих — поведение, а не артефакт.",2,False,1,0,76000.0,0.0,1,0,0.0,76000.0,0.0003129,0.0,0.0,4e-08,1,0,2,1,0.0,1.0,0.0,0.0,0,0,0,False,False,76000.0
100000001952325100,terminal,0.721,1,0.075,"Принял 78 тыс ₸ от 1 плательщика и удержал 78 тыс ₸; обход на колене 1 не обрывался, значит отсутствие исходящих — поведение, а не артефакт.",1,False,1,0,77888.0,0.0,2,0,0.0,77888.0,0.00030192,0.0,0.0,0.0,1,1,1,1,0.0,1.0,0.0,0.0,0,0,0,False,False,77888.0
100000002757791100,terminal,0.717,25,0.075,"Принял 73 тыс ₸ от 1 плательщика и удержал 73 тыс ₸; обход на колене 3 не обрывался, значит отсутствие исходящих — поведение, а не артефакт.",3,False,1,0,73050.0,0.0,1,0,0.0,73050.0,0.00031104,0.0,0.0,4.7e-07,1,0,3,1,0.0,1.0,0.0,0.0,0,0,0,False,False,73050.0
100000002870937100,terminal,0.725,6,0.075,"Принял 84 тыс ₸ от 1 плательщика и удержал 84 тыс ₸; обход на колене 1 не обрывался, значит отсутствие исходящих — поведение, а не артефакт.",1,False,1,0,83700.0,0.0,1,0,0.0,83700.0,0.00029037,0.0,0.0,4.34e-06,1,1,1,1,0.0,1.0,0.0,0.0,0,0,0,False,False,83700.0
100000008737422100,terminal,0.72,1,0.075,"Принял 77 тыс ₸ от 1 плательщика и удержал 77 тыс ₸; обход на колене 1 не обрывался, значит отсутствие исходящих — поведение, а не артефакт.",1,False,1,0,76903.0,0.0,1,0,0.0,76903.0,0.00030171,0.0,0.0,0.0,1,1,1,1,0.0,1.0,0.0,0.0,0,0,0,False,False,76903.0
100000002842337100,terminal,0.694,6,0.0749,"Принял 50 тыс ₸ от 1 плательщика и удержал 50 тыс ₸; обход на колене 2 не обрывался, значит отсутствие исходящих — поведение, а не артефакт.",2,False,1,0,50000.0,0.0,1,0,0.0,50000.0,0.00036666,0.0,0.0,0.0,1,0,2,1,0.0,1.0,0.0,0.0,0,0,0,False,False,50000.0
100000004792397100,terminal,0.717,1,0.0749,"Принял 74 тыс ₸ от 1 плательщика и удержал 74 тыс ₸; обход на колене 1 не обрывался, значит отсутствие исходящих — поведение, а не артефакт.",1,False,1,0,73520.0,0.0,1,0,0.0,73520.0,0.000301,0.0,0.0,0.0,1,1,1,1,0.0,1.0,0.0,0.0,0,0,0,False,False,73520.0
100000006030946100,terminal,0.717,1,0.0749,"Принял 73 тыс ₸ от 1 плательщика и удержал 73 тыс ₸; обход на колене 1 не обрывался, значит отсутствие исходящих — поведение, а не артефакт.",1,False,1,0,73289.0,0.0,1,0,0.0,73289.0,0.00030095,0.0,0.0,0.0,1,1,1,1,0.0,1.0,0.0,0.0,0,0,0,False,False,73289.0
100000008712827100,terminal,0.72,1,0.0749,"Принял 76 тыс ₸ от 1 плательщика и удержал 76 тыс ₸; обход на колене 3 не обрывался, значит отсутствие исходящих — поведение, а не артефакт.",3,False,1,0,76000.0,0.0,1,0,0.0,76000.0,0.00029743,0.0,0.0,0.0,1,0,3,1,0.0,1.0,0.0,0.0,0,0,0,False,False,76000.0
100000002488629100,terminal,0.717,6,0.0748,"Принял 73 тыс ₸ от 1 плательщика и удержал 73 тыс ₸; обход на колене 2 не обрывался, значит отсутствие исходящих — поведение, а не артефакт.",2,False,1,0,73050.0,0.0,1,0,0.0,73050.0,0.00029941,0.0,0.0,2.872e-05,1,0,2,1,0.0,1.0,0.0,0.0,0,0,0,False,False,73050.0
100000005877725100,terminal,0.715,1,0.0748,"Принял 70 тыс ₸ от 1 плательщика и удержал 70 тыс ₸; обход на колене 1 не обрывался, значит отсутствие исходящих — поведение, а не артефакт.",1,False,1,0,70000.0,0.0,1,0,0.0,70000.0,0.00030026,0.0,0.0,0.0,1,1,1,1,0.0,1.0,0.0,0.0,0,0,0,False,False,70000.0
100000008718811100,terminal,0.717,1,0.0748,"Принял 73 тыс ₸ от 1 плательщика и удержал 73 тыс ₸; обход на колене 3 не обрывался, значит отсутствие исходящих — поведение, а не артефакт.",3,False,1,0,73300.0,0.0,1,0,0.0,73300.0,0.00029701,0.0,0.0,0.0,1,0,3,1,0.0,1.0,0.0,0.0,0,0,0,False,False,73300.0
100000001380986100,terminal,0.715,7,0.0747,"Принял 70 тыс ₸ от 1 плательщика и удержал 70 тыс ₸; обход на колене 2 не обрывался, значит отсутствие исходящих — поведение, а не артефакт.",2,False,1,0,70170.0,0.0,1,0,0.0,70170.0,0.00029217,0.0,0.0,5e-07,1,0,2,1,0.0,1.0,0.0,0.0,0,0,0,False,False,70170.0
100000002199091100,terminal,0.711,1,0.0747,"Принял 65 тыс ₸ от 1 плательщика и удержал 65 тыс ₸; обход на колене 2 не обрывался, значит отсутствие исходящих — поведение, а не артефакт.",2,False,1,0,65000.0,0.0,1,0,0.0,65000.0,0.00030765,0.0,0.0,0.0,1,0,2,1,0.0,1.0,0.0,0.0,0,0,0,False,False,65000.0
100000004491749100,terminal,0.694,6,0.0747,"Принял 50 тыс ₸ от 1 плательщика и удержал 50 тыс ₸; обход на колене 3 не обрывался, значит отсутствие исходящих — поведение, а не артефакт.",3,False,1,0,50000.0,0.0,1,0,0.0,50000.0,0.00035079,0.0,0.0,0.0,1,0,3,1,0.0,1.0,0.0,0.0,0,0,0,False,False,50000.0
100000006008169100,terminal,0.715,11,0.0747,"Принял 70 тыс ₸ от 1 плательщика и удержал 70 тыс ₸; обход на колене 1 не обрывался, значит отсутствие исходящих — поведение, а не артефакт.",1,False,1,0,70000.0,0.0,1,0,0.0,70000.0,0.00029719,0.0,0.0,1.01e-05,1,1,1,1,0.0,1.0,0.0,0.0,0,0,0,False,False,70000.0
100000008776420100,terminal,0.713,1,0.0747,"Принял 70 тыс ₸ от 1 плательщика и удержал 70 тыс ₸; обход на колене 3 не обрывался, значит отсутствие исходящих — поведение, а не артефакт.",3,False,1,0,69500.0,0.0,1,0,0.0,69500.0,0.00029642,0.0,0.0,0.0,1,0,3,1,0.0,1.0,0.0,0.0,0,0,0,False,False,69500.0
100000005756535100,terminal,0.622,1,0.0746,"Принял 20 тыс ₸ от 1 плательщика и удержал 20 тыс ₸; обход на колене 3 не обрывался, значит отсутствие исходящих — поведение, а не артефакт.",3,False,1,0,20000.0,0.0,1,0,0.0,20000.0,0.0005416,0.0,0.0,0.0,1,0,3,1,0.0,1.0,0.0,0.0,0,0,0,False,False,20000.0
100000008712991100,terminal,0.711,1,0.0746,"Принял 66 тыс ₸ от 1 плательщика и удержал 66 тыс ₸; обход на колене 3 не обрывался, значит отсутствие исходящих — поведение, а не артефакт.",3,False,1,0,66100.0,0.0,1,0,0.0,66100.0,0.00029589,0.0,0.0,0.0,1,0,3,1,0.0,1.0,0.0,0.0,0,0,0,False,False,66100.0
100000002952756100,terminal,0.684,9,0.0745,"Принял 47 тыс ₸ от 1 плательщика и удержал 47 тыс ₸; обход на колене 3 не обрывался, значит отсутствие исходящих — поведение, а не артефакт.",3,False,1,0,47000.0,0.0,1,0,0.0,47000.0,0.00036771,0.0,0.0,2.5e-07,1,0,3,1,0.0,1.0,0.0,0.0,0,0,0,False,False,47000.0
100000003567087100,terminal,0.708,1,0.0745,"Принял 62 тыс ₸ от 1 плательщика и удержал 62 тыс ₸; обход на колене 1 не обрывался, значит отсутствие исходящих — поведение, а не артефакт.",1,False,1,0,62115.0,0.0,1,0,0.0,62115.0,0.00029861,0.0,0.0,0.0,1,1,1,1,0.0,1.0,0.0,0.0,0,0,0,False,False,62115.0
100000008774237100,terminal,0.694,23,0.0745,"Принял 50 тыс ₸ от 1 плательщика и удержал 40 тыс ₸; обход на колене 2 не обрывался, значит отсутствие исходящих — поведение, а не артефакт.",2,False,1,1,50000.0,10000.0,1,1,0.2,40000.0,0.00031035,0.0,0.0,0.0,1,0,2,1,1.0,1.0,1.0,1.0,0,0,0,False,False,60000.0
100000005608515100,terminal,0.709,6,0.0744,"Принял 64 тыс ₸ от 1 плательщика и удержал 64 тыс ₸; обход на колене 2 не обрывался, значит отсутствие исходящих — поведение, а не артефакт.",2,False,1,0,64000.0,0.0,4,0,0.0,64000.0,0.00029316,0.0,0.0,0.0,1,0,2,1,0.0,1.0,0.0,0.0,0,0,0,False,False,64000.0
100000008765627100,terminal,0.706,6,0.0744,"Принял 60 тыс ₸ от 1 плательщика и удержал 60 тыс ₸; обход на колене 2 не обрывался, значит отсутствие исходящих — поведение, а не артефакт.",2,False,1,0,60000.0,0.0,1,0,0.0,60000.0,0.00029694,0.0,0.0,2.872e-05,1,0,2,1,0.0,1.0,0.0,0.0,0,0,0,False,False,60000.0
100000002844652100,terminal,0.707,6,0.0743,"Принял 61 тыс ₸ от 1 плательщика и удержал 61 тыс ₸; обход на колене 1 не обрывался, значит отсутствие исходящих — поведение, а не артефакт.",1,False,1,0,61360.0,0.0,1,0,0.0,61360.0,0.00028909,0.0,0.0,4.34e-06,1,1,1,1,0.0,1.0,0.0,0.0,0,0,0,False,False,61360.0
100000007861311100,terminal,0.681,6,0.0743,"Принял 45 тыс ₸ от 1 плательщика и удержал 45 тыс ₸; обход на колене 2 не обрывался, значит отсутствие исходящих — поведение, а не артефакт.",2,False,1,0,45000.0,0.0,1,0,0.0,45000.0,0.00035855,0.0,0.0,0.0,1,0,2,1,0.0,1.0,0.0,0.0,0,0,0,False,False,45000.0
100000008028628100,terminal,0.703,1,0.0743,"Принял 57 тыс ₸ от 1 плательщика и удержал 57 тыс ₸; обход на колене 1 не обрывался, значит отсутствие исходящих — поведение, а не артефакт.",1,False,1,0,57224.0,0.0,1,0,0.0,57224.0,0.00029758,0.0,0.0,0.0,1,1,1,1,0.0,1.0,0.0,0.0,0,0,0,False,False,57224.0
100000002305007100,terminal,0.703,1,0.0742,"Принял 56 тыс ₸ от 1 плательщика и удержал 56 тыс ₸; обход на колене 3 не обрывался, значит отсутствие исходящих — поведение, а не артефакт.",3,False,1,0,56000.0,0.0,1,0,0.0,56000.0,0.00029431,0.0,0.0,0.0,1,0,3,1,0.0,1.0,0.0,0.0,0,0,0,False,False,56000.0
100000002864680100,terminal,0.702,11,0.0742,"Принял 56 тыс ₸ от 1 плательщика и удержал 56 тыс ₸; обход на колене 1 не обрывался, значит отсутствие исходящих — поведение, а не артефакт.",1,False,1,0,55932.0,0.0,1,0,0.0,55932.0,0.00029485,0.0,0.0,1.01e-05,1,1,1,1,0.0,1.0,0.0,0.0,0,0,0,False,False,55932.0
100000008736760100,terminal,0.701,1,0.0742,"Принял 55 тыс ₸ от 1 плательщика и удержал 55 тыс ₸; обход на колене 1 не обрывался, значит отсутствие исходящих — поведение, а не артефакт.",1,False,1,0,54757.0,0.0,1,0,0.0,54757.0,0.00029706,0.0,0.0,0.0,1,1,1,1,0.0,1.0,0.0,0.0,0,0,0,False,False,54757.0
100000008745489100,terminal,0.702,1,0.0742,"Принял 56 тыс ₸ от 1 плательщика и удержал 56 тыс ₸; обход на колене 1 не обрывался, значит отсутствие исходящих — поведение, а не артефакт.",1,False,1,0,55539.0,0.0,1,0,0.0,55539.0,0.00029723,0.0,0.0,0.0,1,1,1,1,0.0,1.0,0.0,0.0,0,0,0,False,False,55539.0
100000001696818100,terminal,0.699,2,0.0741,"Принял 54 тыс ₸ от 1 плательщика и удержал 54 тыс ₸; обход на колене 1 не обрывался, значит отсутствие исходящих — поведение, а не артефакт.",1,False,1,0,53550.0,0.0,1,0,0.0,53550.0,0.00029884,0.0,0.0,6.78e-05,1,1,1,1,0.0,1.0,0.0,0.0,0,0,0,False,False,53550.0
100000008008463100,terminal,0.7,6,0.0741,"Принял 54 тыс ₸ от 1 плательщика и удержал 54 тыс ₸; обход на колене 2 не обрывался, значит отсутствие исходящих — поведение, а не артефакт.",2,False,1,0,54180.0,0.0,1,0,0.0,54180.0,0.00029584,0.0,0.0,2.872e-05,1,0,2,1,0.0,1.0,0.0,0.0,0,0,0,False,False,54180.0
100000008746673100,terminal,0.699,1,0.0741,"Принял 53 тыс ₸ от 1 плательщика и удержал 53 тыс ₸; обход на колене 1 не обрывался, значит отсутствие исходящих — поведение, а не артефакт.",1,False,1,0,53048.0,0.0,1,0,0.0,53048.0,0.0002967,0.0,0.0,0.0,1,1,1,1,0.0,1.0,0.0,0.0,0,0,0,False,False,53048.0
100000004257714100,terminal,0.697,1,0.074,"Принял 52 тыс ₸ от 1 плательщика и удержал 52 тыс ₸; обход на колене 3 не обрывался, значит отсутствие исходящих — поведение, а не артефакт.",3,False,1,0,52220.0,0.0,1,0,0.0,52220.0,0.00029372,0.0,0.0,0.0,1,0,3,1,0.0,1.0,0.0,0.0,0,0,0,False,False,52220.0
100000004841728100,terminal,0.697,1,0.074,"Принял 52 тыс ₸ от 1 плательщика и удержал 52 тыс ₸; обход на колене 1 не обрывался, значит отсутствие исходящих — поведение, а не артефакт.",1,False,1,0,52208.0,0.0,1,0,0.0,52208.0,0.00029653,0.0,0.0,0.0,1,1,1,1,0.0,1.0,0.0,0.0,0,0,0,False,False,52208.0
100000005082652100,terminal,0.656,6,0.074,"Принял 30 тыс ₸ от 1 плательщика и удержал 30 тыс ₸; обход на колене 3 не обрывался, значит отсутствие исходящих — поведение, а не артефакт.",3,False,1,0,30000.0,0.0,1,0,0.0,30000.0,0.000408,0.0,0.0,3e-08,1,0,3,1,0.0,1.0,0.0,0.0,0,0,0,False,False,30000.0
100000007303047100,terminal,0.697,1,0.074,"Принял 52 тыс ₸ от 1 плательщика и удержал 52 тыс ₸; обход на колене 3 не обрывался, значит отсутствие исходящих — поведение, а не артефакт.",3,False,1,0,52250.0,0.0,1,0,0.0,52250.0,0.00029372,0.0,0.0,0.0,1,0,3,1,0.0,1.0,0.0,0.0,0,0,0,False,False,52250.0
100000008219168100,terminal,0.699,6,0.074,"Принял 53 тыс ₸ от 1 плательщика и удержал 53 тыс ₸; обход на колене 1 не обрывался, значит отсутствие исходящих — поведение, а не артефакт.",1,False,1,0,53200.0,0.0,2,0,0.0,53200.0,0.00028862,0.0,0.0,4.34e-06,1,1,1,1,0.0,1.0,0.0,0.0,0,0,0,False,False,53200.0
100000008304115100,terminal,0.696,11,0.074,"Принял 51 тыс ₸ от 1 плательщика и удержал 51 тыс ₸; обход на колене 1 не обрывался, значит отсутствие исходящих — поведение, а не артефакт.",1,False,1,0,51000.0,0.0,1,0,0.0,51000.0,0.00029403,0.0,0.0,1.01e-05,1,1,1,1,0.0,1.0,0.0,0.0,0,0,0,False,False,51000.0
100000008547295100,terminal,0.597,6,0.074,"Принял 15 тыс ₸ от 1 плательщика и удержал 15 тыс ₸; обход на колене 3 не обрывался, значит отсутствие исходящих — поведение, а не артефакт.",3,False,1,0,15000.0,0.0,1,0,0.0,15000.0,0.00056297,0.0,0.0,0.0,1,0,3,1,0.0,1.0,0.0,0.0,0,0,0,False,False,15000.0
100000008772058100,terminal,0.694,1,0.074,"Принял 50 тыс ₸ от 1 плательщика и удержал 50 тыс ₸; обход на колене 2 не обрывался, значит отсутствие исходящих — поведение, а не артефакт.",2,False,1,0,50000.0,0.0,1,0,0.0,50000.0,0.00030255,0.0,0.0,0.0,1,0,2,1,0.0,1.0,0.0,0.0,0,0,0,False,False,50000.0
100000001250022100,terminal,0.694,6,0.0739,"Принял 50 тыс ₸ от 1 плательщика и удержал 50 тыс ₸; обход на колене 2 не обрывался, значит отсутствие исходящих — поведение, а не артефакт.",2,False,1,0,50000.0,0.0,1,0,0.0,50000.0,0.00029505,0.0,0.0,2.872e-05,1,0,2,1,0.0,1.0,0.0,0.0,0,0,0,False,False,50000.0
100000002369443100,terminal,0.694,1,0.0739,"Принял 50 тыс ₸ от 1 плательщика и удержал 50 тыс ₸; обход на колене 3 не обрывался, значит отсутствие исходящих — поведение, а не артефакт.",3,False,1,0,50000.0,0.0,1,0,0.0,50000.0,0.00029337,0.0,0.0,0.0,1,0,3,1,0.0,1.0,0.0,0.0,0,0,0,False,False,50000.0
100000008684452100,terminal,0.696,1,0.0739,"Принял 52 тыс ₸ от 1 плательщика и удержал 52 тыс ₸; обход на колене 3 не обрывался, значит отсутствие исходящих — поведение, а не артефакт.",3,False,1,0,51800.0,0.0,1,0,0.0,51800.0,0.00029365,0.0,0.0,0.0,1,0,3,1,0.0,1.0,0.0,0.0,0,0,0,False,False,51800.0
100000001279875100,terminal,0.688,12,0.0738,"Принял 49 тыс ₸ от 1 плательщика и удержал 49 тыс ₸; обход на колене 2 не обрывался, значит отсутствие исходящих — поведение, а не артефакт.",2,False,1,0,49235.0,0.0,1,0,0.0,49235.0,0.00030327,0.0,0.0,4e-08,1,0,2,1,0.0,1.0,0.0,0.0,0,0,0,False,False,49235.0
100000008557672100,terminal,0.688,1,0.0738,"Принял 49 тыс ₸ от 1 плательщика и удержал 49 тыс ₸; обход на колене 2 не обрывался, значит отсутствие исходящих — поведение, а не артефакт.",2,False,1,0,49125.0,0.0,1,0,0.0,49125.0,0.00030225,0.0,0.0,0.0,1,0,2,1,0.0,1.0,0.0,0.0,0,0,0,False,False,49125.0
100000005100475100,terminal,0.673,6,0.0737,"Принял 40 тыс ₸ от 1 плательщика и удержал 40 тыс ₸; обход на колене 3 не обрывался, значит отсутствие исходящих — поведение, а не артефакт.",3,False,1,0,40000.0,0.0,1,0,0.0,40000.0,0.00033775,0.0,0.0,0.0,1,0,3,1,0.0,1.0,0.0,0.0,0,0,0,False,False,40000.0
100000008713685100,terminal,0.689,1,0.0737,"Принял 50 тыс ₸ от 1 плательщика и удержал 50 тыс ₸; обход на колене 3 не обрывался, значит отсутствие исходящих — поведение, а не артефакт.",3,False,1,0,49700.0,0.0,1,0,0.0,49700.0,0.00029333,0.0,0.0,0.0,1,0,3,1,0.0,1.0,0.0,0.0,0,0,0,False,False,49700.0
100000008782421100,terminal,0.689,1,0.0737,"Принял 50 тыс ₸ от 1 плательщика и удержал 50 тыс ₸; обход на колене 1 не обрывался, значит отсутствие исходящих — поведение, а не артефакт.",1,False,1,0,49680.0,0.0,1,0,0.0,49680.0,0.000296,0.0,0.0,0.0,1,1,1,1,0.0,1.0,0.0,0.0,0,0,0,False,False,49680.0
100000005961971100,terminal,0.685,1,0.0736,"Принял 47 тыс ₸ от 1 плательщика и удержал 47 тыс ₸; обход на колене 1 не обрывался, значит отсутствие исходящих — поведение, а не артефакт.",1,False,1,0,47353.0,0.0,1,0,0.0,47353.0,0.00029551,0.0,0.0,0.0,1,1,1,1,0.0,1.0,0.0,0.0,0,0,0,False,False,47353.0
100000008677518100,terminal,0.687,1,0.0736,"Принял 49 тыс ₸ от 1 плательщика и удержал 49 тыс ₸; обход на колене 3 не обрывался, значит отсутствие исходящих — поведение, а не артефакт.",3,False,1,0,48700.0,0.0,1,0,0.0,48700.0,0.00029317,0.0,0.0,0.0,1,0,3,1,0.0,1.0,0.0,0.0,0,0,0,False,False,48700.0
100000008745725100,terminal,0.685,1,0.0736,"Принял 47 тыс ₸ от 1 плательщика и удержал 47 тыс ₸; обход на колене 1 не обрывался, значит отсутствие исходящих — поведение, а не артефакт.",1,False,1,0,47060.0,0.0,1,0,0.0,47060.0,0.00029545,0.0,0.0,0.0,1,1,1,1,0.0,1.0,0.0,0.0,0,0,0,False,False,47060.0
100000008749618100,terminal,0.685,1,0.0736,"Принял 47 тыс ₸ от 1 плательщика и удержал 47 тыс ₸; обход на колене 1 не обрывался, значит отсутствие исходящих — поведение, а не артефакт.",1,False,1,0,47280.0,0.0,1,0,0.0,47280.0,0.00029549,0.0,0.0,0.0,1,1,1,1,0.0,1.0,0.0,0.0,0,0,0,False,False,47280.0
100000008768896100,terminal,0.685,1,0.0736,"Принял 47 тыс ₸ от 1 плательщика и удержал 47 тыс ₸; обход на колене 1 не обрывался, значит отсутствие исходящих — поведение, а не артефакт.",1,False,1,0,47060.0,0.0,1,0,0.0,47060.0,0.00029545,0.0,0.0,0.0,1,1,1,1,0.0,1.0,0.0,0.0,0,0,0,False,False,47060.0
100000008688881100,terminal,0.678,1,0.0734,"Принял 44 тыс ₸ от 1 плательщика и удержал 44 тыс ₸; обход на колене 2 не обрывался, значит отсутствие исходящих — поведение, а не артефакт.",2,False,1,0,44211.0,0.0,1,0,0.0,44211.0,0.00030058,0.0,0.0,0.0,1,0,2,1,0.0,1.0,0.0,0.0,0,0,0,False,False,44211.0
100000008754747100,terminal,0.681,1,0.0734,"Принял 46 тыс ₸ от 1 плательщика и удержал 46 тыс ₸; обход на колене 3 не обрывался, значит отсутствие исходящих — поведение, а не артефакт.",3,False,1,0,45500.0,0.0,1,0,0.0,45500.0,0.00029267,0.0,0.0,0.0,1,0,3,1,0.0,1.0,0.0,0.0,0,0,0,False,False,45500.0
100000000978041100,terminal,0.678,1,0.0733,"Принял 44 тыс ₸ от 1 плательщика и удержал 44 тыс ₸; обход на колене 1 не обрывался, значит отсутствие исходящих — поведение, а не артефакт.",1,False,1,0,44445.0,0.0,1,0,0.0,44445.0,0.0002949,0.0,0.0,0.0,1,1,1,1,0.0,1.0,0.0,0.0,0,0,0,False,False,44445.0
100000002908521100,terminal,0.679,1,0.0733,"Принял 44 тыс ₸ от 1 плательщика и удержал 44 тыс ₸; обход на колене 3 не обрывался, значит отсутствие исходящих — поведение, а не артефакт.",3,False,1,0,44500.0,0.0,1,0,0.0,44500.0,0.00029251,0.0,0.0,0.0,1,0,3,1,0.0,1.0,0.0,0.0,0,0,0,False,False,44500.0
100000004254434100,terminal,0.678,1,0.0733,"Принял 44 тыс ₸ от 1 плательщика и удержал 44 тыс ₸; обход на колене 1 не обрывался, значит отсутствие исходящих — поведение, а не артефакт.",1,False,1,0,44445.0,0.0,2,0,0.0,44445.0,0.0002949,0.0,0.0,0.0,1,1,1,1,0.0,1.0,0.0,0.0,0,0,0,False,False,44445.0
100000008661585100,terminal,0.677,1,0.0733,"Принял 43 тыс ₸ от 1 плательщика и удержал 43 тыс ₸; обход на колене 1 не обрывался, значит отсутствие исходящих — поведение, а не артефакт.",1,False,1,0,43141.0,0.0,1,0,0.0,43141.0,0.00029462,0.0,0.0,0.0,1,1,1,1,0.0,1.0,0.0,0.0,0,0,0,False,False,43141.0
100000008744849100,terminal,0.678,1,0.0733,"Принял 44 тыс ₸ от 1 плательщика и удержал 44 тыс ₸; обход на колене 1 не обрывался, значит отсутствие исходящих — поведение, а не артефакт.",1,False,1,0,44445.0,0.0,1,0,0.0,44445.0,0.0002949,0.0,0.0,0.0,1,1,1,1,0.0,1.0,0.0,0.0,0,0,0,False,False,44445.0
100000008772246100,terminal,0.679,1,0.0733,"Принял 44 тыс ₸ от 1 плательщика и удержал 44 тыс ₸; обход на колене 3 не обрывался, значит отсутствие исходящих — поведение, а не артефакт.",3,False,1,0,44500.0,0.0,1,0,0.0,44500.0,0.00029251,0.0,0.0,0.0,1,0,3,1,0.0,1.0,0.0,0.0,0,0,0,False,False,44500.0
100000008776298100,terminal,0.677,1,0.0733,"Принял 43 тыс ₸ от 1 плательщика и удержал 43 тыс ₸; обход на колене 1 не обрывался, значит отсутствие исходящих — поведение, а не артефакт.",1,False,1,0,42800.0,0.0,1,0,0.0,42800.0,0.00029455,0.0,0.0,0.0,1,1,1,1,0.0,1.0,0.0,0.0,0,0,0,False,False,42800.0
100000008782800100,terminal,0.677,1,0.0733,"Принял 43 тыс ₸ от 1 плательщика и удержал 43 тыс ₸; обход на колене 1 не обрывался, значит отсутствие исходящих — поведение, а не артефакт.",1,False,1,0,43381.0,0.0,1,0,0.0,43381.0,0.00029467,0.0,0.0,0.0,1,1,1,1,0.0,1.0,0.0,0.0,0,0,0,False,False,43381.0
100000001418900100,terminal,0.674,1,0.0732,"Принял 40 тыс ₸ от 1 плательщика и удержал 40 тыс ₸; обход на колене 2 не обрывался, значит отсутствие исходящих — поведение, а не артефакт.",2,False,1,0,40140.0,0.0,2,0,0.0,40140.0,0.0002992,0.0,0.0,0.0,1,0,2,1,0.0,1.0,0.0,0.0,0,0,0,False,False,40140.0
100000006471232100,terminal,0.676,1,0.0732,"Принял 42 тыс ₸ от 1 плательщика и удержал 42 тыс ₸; обход на колене 3 не обрывался, значит отсутствие исходящих — поведение, а не артефакт.",3,False,1,0,41800.0,0.0,1,0,0.0,41800.0,0.00029209,0.0,0.0,0.0,1,0,3,1,0.0,1.0,0.0,0.0,0,0,0,False,False,41800.0
100000006746688100,terminal,0.675,1,0.0732,"Принял 41 тыс ₸ от 1 плательщика и удержал 41 тыс ₸; обход на колене 3 не обрывался, значит отсутствие исходящих — поведение, а не артефакт.",3,False,1,0,41000.0,0.0,1,0,0.0,41000.0,0.00029197,0.0,0.0,0.0,1,0,3,1,0.0,1.0,0.0,0.0,0,0,0,False,False,41000.0
100000008687617100,terminal,0.677,1,0.0732,"Принял 43 тыс ₸ от 1 плательщика и удержал 43 тыс ₸; обход на колене 3 не обрывался, значит отсутствие исходящих — поведение, а не артефакт.",3,False,1,0,43350.0,0.0,2,0,0.0,43350.0,0.00029234,0.0,0.0,0.0,1,0,3,1,0.0,1.0,0.0,0.0,0,0,0,False,False,43350.0
100000008717340100,terminal,0.675,1,0.0732,"Принял 42 тыс ₸ от 1 плательщика и удержал 42 тыс ₸; обход на колене 1 не обрывался, значит отсутствие исходящих — поведение, а не артефакт.",1,False,1,0,41500.0,0.0,1,0,0.0,41500.0,0.00029428,0.0,0.0,0.0,1,1,1,1,0.0,1.0,0.0,0.0,0,0,0,False,False,41500.0
100000008745474100,terminal,0.674,1,0.0732,"Принял 41 тыс ₸ от 1 плательщика и удержал 41 тыс ₸; обход на колене 1 не обрывался, значит отсутствие исходящих — поведение, а не артефакт.",1,False,1,0,40559.0,0.0,1,0,0.0,40559.0,0.00029408,0.0,0.0,0.0,1,1,1,1,0.0,1.0,0.0,0.0,0,0,0,False,False,40559.0
100000006369769100,terminal,0.673,1,0.0731,"Принял 40 тыс ₸ от 1 плательщика и удержал 40 тыс ₸; обход на колене 1 не обрывался, значит отсутствие исходящих — поведение, а не артефакт.",1,False,1,0,40000.0,0.0,1,0,0.0,40000.0,0.00029396,0.0,0.0,0.0,1,1,1,1,0.0,1.0,0.0,0.0,0,0,0,False,False,40000.0
100000001307612100,terminal,0.67,1,0.073,"Принял 38 тыс ₸ от 1 плательщика и удержал 38 тыс ₸; обход на колене 1 не обрывался, значит отсутствие исходящих — поведение, а не артефакт.",1,False,1,0,38483.0,0.0,1,0,0.0,38483.0,0.00029365,0.0,0.0,0.0,1,1,1,1,0.0,1.0,0.0,0.0,0,0,0,False,False,38483.0
100000004687099100,terminal,0.656,6,0.073,"Принял 30 тыс ₸ от 1 плательщика и удержал 30 тыс ₸; обход на колене 2 не обрывался, значит отсутствие исходящих — поведение, а не артефакт.",2,False,1,0,30000.0,0.0,1,0,0.0,30000.0,0.00033422,0.0,0.0,0.0,1,0,2,1,0.0,1.0,0.0,0.0,0,0,0,False,False,30000.0
100000007938486100,terminal,0.671,1,0.073,"Принял 40 тыс ₸ от 1 плательщика и удержал 40 тыс ₸; обход на колене 1 не обрывался, значит отсутствие исходящих — поведение, а не артефакт.",1,False,1,0,39500.0,0.0,1,0,0.0,39500.0,0.00029386,0.0,0.0,0.0,1,1,1,1,0.0,1.0,0.0,0.0,0,0,0,False,False,39500.0
100000008687671100,terminal,0.669,1,0.073,"Принял 38 тыс ₸ от 1 плательщика и удержал 38 тыс ₸; обход на колене 1 не обрывался, значит отсутствие исходящих — поведение, а не артефакт.",1,False,1,0,37500.0,0.0,1,0,0.0,37500.0,0.00029344,0.0,0.0,0.0,1,1,1,1,0.0,1.0,0.0,0.0,0,0,0,False,False,37500.0
100000008735384100,terminal,0.67,1,0.073,"Принял 39 тыс ₸ от 1 плательщика и удержал 39 тыс ₸; обход на колене 1 не обрывался, значит отсутствие исходящих — поведение, а не артефакт.",1,False,1,0,39220.0,0.0,1,0,0.0,39220.0,0.0002938,0.0,0.0,0.0,1,1,1,1,0.0,1.0,0.0,0.0,0,0,0,False,False,39220.0
100000008771819100,terminal,0.67,1,0.073,"Принял 39 тыс ₸ от 1 плательщика и удержал 39 тыс ₸; обход на колене 1 не обрывался, значит отсутствие исходящих — поведение, а не артефакт.",1,False,1,0,38900.0,0.0,1,0,0.0,38900.0,0.00029373,0.0,0.0,0.0,1,1,1,1,0.0,1.0,0.0,0.0,0,0,0,False,False,38900.0
100000000979567100,terminal,0.579,1,0.0729,"Принял 10 тыс ₸ от 1 плательщика и удержал 10 тыс ₸; обход на колене 2 не обрывался, значит отсутствие исходящих — поведение, а не артефакт.",2,False,1,0,10000.0,0.0,1,0,0.0,10000.0,0.00053073,0.0,0.0,0.0,1,0,2,1,0.0,1.0,0.0,0.0,0,0,0,False,False,10000.0
100000002211413100,terminal,0.668,1,0.0729,"Принял 37 тыс ₸ от 1 плательщика и удержал 37 тыс ₸; обход на колене 1 не обрывался, значит отсутствие исходящих — поведение, а не артефакт.",1,False,1,0,37000.0,0.0,1,0,0.0,37000.0,0.00029334,0.0,0.0,0.0,1,1,1,1,0.0,1.0,0.0,0.0,0,0,0,False,False,37000.0
100000002369510100,terminal,0.668,1,0.0729,"Принял 37 тыс ₸ от 1 плательщика и удержал 37 тыс ₸; обход на колене 3 не обрывался, значит отсутствие исходящих — поведение, а не артефакт.",3,False,1,0,37150.0,0.0,1,0,0.0,37150.0,0.00029137,0.0,0.0,0.0,1,0,3,1,0.0,1.0,0.0,0.0,0,0,0,False,False,37150.0
100000008671081100,terminal,0.668,1,0.0729,"Принял 37 тыс ₸ от 1 плательщика и удержал 37 тыс ₸; обход на колене 3 не обрывался, значит отсутствие исходящих — поведение, а не артефакт.",3,False,1,0,37200.0,0.0,1,0,0.0,37200.0,0.00029138,0.0,0.0,0.0,1,0,3,1,0.0,1.0,0.0,0.0,0,0,0,False,False,37200.0
100000008695133100,terminal,0.667,1,0.0729,"Принял 37 тыс ₸ от 1 плательщика и удержал 37 тыс ₸; обход на колене 3 не обрывался, значит отсутствие исходящих — поведение, а не артефакт.",3,False,1,0,36610.0,0.0,1,0,0.0,36610.0,0.00029128,0.0,0.0,0.0,1,0,3,1,0.0,1.0,0.0,0.0,0,0,0,False,False,36610.0
100000008741372100,terminal,0.666,1,0.0729,"Принял 36 тыс ₸ от 1 плательщика и удержал 36 тыс ₸; обход на колене 1 не обрывался, значит отсутствие исходящих — поведение, а не артефакт.",1,False,1,0,35975.0,0.0,1,0,0.0,35975.0,0.00029312,0.0,0.0,0.0,1,1,1,1,0.0,1.0,0.0,0.0,0,0,0,False,False,35975.0
100000008749405100,terminal,0.668,1,0.0729,"Принял 37 тыс ₸ от 1 плательщика и удержал 37 тыс ₸; обход на колене 3 не обрывался, значит отсутствие исходящих — поведение, а не артефакт.",3,False,1,0,37150.0,0.0,1,0,0.0,37150.0,0.00029137,0.0,0.0,0.0,1,0,3,1,0.0,1.0,0.0,0.0,0,0,0,False,False,37150.0
100000004494983100,terminal,0.665,1,0.0728,"Принял 35 тыс ₸ от 1 плательщика и удержал 35 тыс ₸; обход на колене 1 не обрывался, значит отсутствие исходящих — поведение, а не артефакт.",1,False,1,0,35000.0,0.0,1,0,0.0,35000.0,0.00029292,0.0,0.0,0.0,1,1,1,1,0.0,1.0,0.0,0.0,0,0,0,False,False,35000.0
100000005237935150,terminal,0.663,12,0.0728,"Принял 35 тыс ₸ от 1 плательщика и удержал 35 тыс ₸; обход на колене 2 не обрывался, значит отсутствие исходящих — поведение, а не артефакт.",2,False,1,0,34508.0,0.0,1,0,0.0,34508.0,0.00029798,0.0,0.0,4e-08,1,0,2,1,0.0,1.0,0.0,0.0,0,0,0,False,False,34508.0
100000005901606100,terminal,0.666,1,0.0728,"Принял 36 тыс ₸ от 1 плательщика и удержал 36 тыс ₸; обход на колене 1 не обрывался, значит отсутствие исходящих — поведение, а не артефакт.",1,False,1,0,35660.0,0.0,1,0,0.0,35660.0,0.00029305,0.0,0.0,0.0,1,1,1,1,0.0,1.0,0.0,0.0,0,0,0,False,False,35660.0
100000008753193100,terminal,0.665,1,0.0728,"Принял 35 тыс ₸ от 1 плательщика и удержал 35 тыс ₸; обход на колене 1 не обрывался, значит отсутствие исходящих — поведение, а не артефакт.",1,False,1,0,35225.0,0.0,1,0,0.0,35225.0,0.00029296,0.0,0.0,0.0,1,1,1,1,0.0,1.0,0.0,0.0,0,0,0,False,False,35225.0
100000001557930100,terminal,0.663,6,0.0727,"Принял 35 тыс ₸ от 1 плательщика и удержал 35 тыс ₸; обход на колене 2 не обрывался, значит отсутствие исходящих — поведение, а не артефакт.",2,False,1,0,34610.0,0.0,1,0,0.0,34610.0,0.00029213,0.0,0.0,2.872e-05,1,0,2,1,0.0,1.0,0.0,0.0,0,0,0,False,False,34610.0
100000002589019100,terminal,0.663,11,0.0727,"Принял 35 тыс ₸ от 1 плательщика и удержал 35 тыс ₸; обход на колене 1 не обрывался, значит отсутствие исходящих — поведение, а не артефакт.",1,False,1,0,34710.0,0.0,1,0,0.0,34710.0,0.00029133,0.0,0.0,1.01e-05,1,1,1,1,0.0,1.0,0.0,0.0,0,0,0,False,False,34710.0
100000002810870100,terminal,0.661,1,0.0727,"Принял 34 тыс ₸ от 1 плательщика и удержал 34 тыс ₸; обход на колене 1 не обрывался, значит отсутствие исходящих — поведение, а не артефакт.",1,False,1,0,33677.0,0.0,1,0,0.0,33677.0,0.00029264,0.0,0.0,0.0,1,1,1,1,0.0,1.0,0.0,0.0,0,0,0,False,False,33677.0
100000003044518100,terminal,0.663,6,0.0727,"Принял 34 тыс ₸ от 1 плательщика и удержал 34 тыс ₸; обход на колене 1 не обрывался, значит отсутствие исходящих — поведение, а не артефакт.",1,False,1,0,34423.0,0.0,1,0,0.0,34423.0,0.00028754,0.0,0.0,4.34e-06,1,1,1,1,0.0,1.0,0.0,0.0,0,0,0,False,False,34423.0
100000008470470100,terminal,0.661,1,0.0727,"Принял 34 тыс ₸ от 1 плательщика и удержал 34 тыс ₸; обход на колене 1 не обрывался, значит отсутствие исходящих — поведение, а не артефакт.",1,False,1,0,33547.0,0.0,1,0,0.0,33547.0,0.00029261,0.0,0.0,0.0,1,1,1,1,0.0,1.0,0.0,0.0,0,0,0,False,False,33547.0
100000008667795100,terminal,0.662,1,0.0727,"Принял 34 тыс ₸ от 1 плательщика и удержал 34 тыс ₸; обход на колене 3 не обрывался, значит отсутствие исходящих — поведение, а не артефакт.",3,False,1,0,34000.0,0.0,1,0,0.0,34000.0,0.00029088,0.0,0.0,0.0,1,0,3,1,0.0,1.0,0.0,0.0,0,0,0,False,False,34000.0
100000008667799100,terminal,0.662,1,0.0727,"Принял 34 тыс ₸ от 1 плательщика и удержал 34 тыс ₸; обход на колене 3 не обрывался, значит отсутствие исходящих — поведение, а не артефакт.",3,False,1,0,34000.0,0.0,1,0,0.0,34000.0,0.00029088,0.0,0.0,0.0,1,0,3,1,0.0,1.0,0.0,0.0,0,0,0,False,False,34000.0
100000002158488100,terminal,0.659,1,0.0726,"Принял 32 тыс ₸ от 1 плательщика и удержал 32 тыс ₸; обход на колене 1 не обрывался, значит отсутствие исходящих — поведение, а не артефакт.",1,False,1,0,31723.0,0.0,1,0,0.0,31723.0,0.00029223,0.0,0.0,0.0,1,1,1,1,0.0,1.0,0.0,0.0,0,0,0,False,False,31723.0
100000007982908100,terminal,0.657,1,0.0726,"Принял 31 тыс ₸ от 1 плательщика и удержал 31 тыс ₸; обход на колене 2 не обрывался, значит отсутствие исходящих — поведение, а не артефакт.",2,False,1,0,31080.0,0.0,1,0,0.0,31080.0,0.00029613,0.0,0.0,0.0,1,0,2,1,0.0,1.0,0.0,0.0,0,0,0,False,False,31080.0
100000008695566100,terminal,0.661,1,0.0726,"Принял 34 тыс ₸ от 1 плательщика и удержал 34 тыс ₸; обход на колене 3 не обрывался, значит отсутствие исходящих — поведение, а не артефакт.",3,False,1,0,33700.0,0.0,1,0,0.0,33700.0,0.00029083,0.0,0.0,0.0,1,0,3,1,0.0,1.0,0.0,0.0,0,0,0,False,False,33700.0
100000008696919100,terminal,0.659,1,0.0726,"Принял 32 тыс ₸ от 1 плательщика и удержал 32 тыс ₸; обход на колене 1 не обрывался, значит отсутствие исходящих — поведение, а не артефакт.",1,False,1,0,31945.0,0.0,1,0,0.0,31945.0,0.00029227,0.0,0.0,0.0,1,1,1,1,0.0,1.0,0.0,0.0,0,0,0,False,False,31945.0
100000002820010100,terminal,0.656,6,0.0725,"Принял 30 тыс ₸ от 1 плательщика и удержал 30 тыс ₸; обход на колене 2 не обрывался, значит отсутствие исходящих — поведение, а не артефакт.",2,False,1,0,30000.0,0.0,1,0,0.0,30000.0,0.00029126,0.0,0.0,2.872e-05,1,0,2,1,0.0,1.0,0.0,0.0,0,0,0,False,False,30000.0
100000003157333100,terminal,0.656,6,0.0725,"Принял 30 тыс ₸ от 1 плательщика и удержал 30 тыс ₸; обход на колене 2 не обрывался, значит отсутствие исходящих — поведение, а не артефакт.",2,False,1,0,30000.0,0.0,1,0,0.0,30000.0,0.00029126,0.0,0.0,2.872e-05,1,0,2,1,0.0,1.0,0.0,0.0,0,0,0,False,False,30000.0
100000004058740100,terminal,0.656,1,0.0725,"Принял 30 тыс ₸ от 1 плательщика и удержал 30 тыс ₸; обход на колене 1 не обрывался, значит отсутствие исходящих — поведение, а не артефакт.",1,False,1,0,30000.0,0.0,1,0,0.0,30000.0,0.00029187,0.0,0.0,0.0,1,1,1,1,0.0,1.0,0.0,0.0,0,0,0,False,False,30000.0
100000004825069100,terminal,0.656,1,0.0725,"Принял 30 тыс ₸ от 1 плательщика и удержал 30 тыс ₸; обход на колене 2 не обрывался, значит отсутствие исходящих — поведение, а не артефакт.",2,False,1,0,30000.0,0.0,4,0,0.0,30000.0,0.00029576,0.0,0.0,0.0,1,0,2,1,0.0,1.0,0.0,0.0,0,0,0,False,False,30000.0
100000008684767100,terminal,0.658,1,0.0725,"Принял 31 тыс ₸ от 1 плательщика и удержал 31 тыс ₸; обход на колене 3 не обрывался, значит отсутствие исходящих — поведение, а не артефакт.",3,False,1,0,31100.0,0.0,1,0,0.0,31100.0,0.00029042,0.0,0.0,0.0,1,0,3,1,0.0,1.0,0.0,0.0,0,0,0,False,False,31100.0
100000008736173100,terminal,0.657,1,0.0725,"Принял 31 тыс ₸ от 1 плательщика и удержал 31 тыс ₸; обход на колене 1 не обрывался, значит отсутствие исходящих — поведение, а не артефакт.",1,False,1,0,31060.0,0.0,1,0,0.0,31060.0,0.00029209,0.0,0.0,0.0,1,1,1,1,0.0,1.0,0.0,0.0,0,0,0,False,False,31060.0
100000008769097100,terminal,0.658,1,0.0725,"Принял 31 тыс ₸ от 1 плательщика и удержал 31 тыс ₸; обход на колене 3 не обрывался, значит отсутствие исходящих — поведение, а не артефакт.",3,False,1,0,31100.0,0.0,1,0,0.0,31100.0,0.00029042,0.0,0.0,0.0,1,0,3,1,0.0,1.0,0.0,0.0,0,0,0,False,False,31100.0
100000008779584100,terminal,0.658,1,0.0725,"Принял 31 тыс ₸ от 1 плательщика и удержал 31 тыс ₸; обход на колене 1 не обрывался, значит отсутствие исходящих — поведение, а не артефакт.",1,False,1,0,31400.0,0.0,1,0,0.0,31400.0,0.00029216,0.0,0.0,0.0,1,1,1,1,0.0,1.0,0.0,0.0,0,0,0,False,False,31400.0
100000002324543100,terminal,0.656,7,0.0724,"Принял 30 тыс ₸ от 1 плательщика и удержал 30 тыс ₸; обход на колене 1 не обрывался, значит отсутствие исходящих — поведение, а не артефакт.",1,False,1,0,30202.0,0.0,1,0,0.0,30202.0,0.00028881,0.0,0.0,2.275e-05,1,1,1,1,0.0,1.0,0.0,0.0,0,0,0,False,False,30202.0
100000002794197100,terminal,0.656,6,0.0724,"Принял 30 тыс ₸ от 1 плательщика и удержал 30 тыс ₸; обход на колене 1 не обрывался, значит отсутствие исходящих — поведение, а не артефакт.",1,False,1,0,30100.0,0.0,1,0,0.0,30100.0,0.0002873,0.0,0.0,4.34e-06,1,1,1,1,0.0,1.0,0.0,0.0,0,0,0,False,False,30100.0
100000002989353100,peripheral,0.6,12,0.0724,"Вход: 1 плательщика (500 тыс ₸), выход: 2 получателей (321 тыс ₸) — ни один порог роли не пройден. Точка сочленения: изъятие разрывает связность сети.",3,False,1,2,500000.0,321160.0,2,2,0.6423,178840.0,0.00030939,2.77e-06,0.0,3.8e-07,2,0,3,1,0.0,1.0,1.0,10.0,0,0,0,True,False,821160.0
100000002974256100,terminal,0.562,11,0.0723,"Принял 7 тыс ₸ от 1 плательщика и удержал 7 тыс ₸; обход на колене 2 не обрывался, значит отсутствие исходящих — поведение, а не артефакт.",2,False,1,0,7200.0,0.0,1,0,0.0,7200.0,0.00053191,0.0,0.0,0.0,1,0,2,1,0.0,1.0,0.0,0.0,0,0,0,False,False,7200.0
100000008283183100,terminal,0.65,1,0.0723,"Принял 29 тыс ₸ от 1 плательщика и удержал 29 тыс ₸; обход на колене 2 не обрывался, значит отсутствие исходящих — поведение, а не артефакт.",2,False,1,0,29000.0,0.0,1,0,0.0,29000.0,0.00029542,0.0,0.0,0.0,1,0,2,1,0.0,1.0,0.0,0.0,0,0,0,False,False,29000.0
100000008738658100,terminal,0.651,1,0.0723,"Принял 30 тыс ₸ от 1 плательщика и удержал 30 тыс ₸; обход на колене 3 не обрывался, значит отсутствие исходящих — поведение, а не артефакт.",3,False,1,0,29920.0,0.0,1,0,0.0,29920.0,0.00029024,0.0,0.0,0.0,1,0,3,1,0.0,1.0,0.0,0.0,0,0,0,False,False,29920.0
100000008782056100,terminal,0.65,1,0.0723,"Принял 29 тыс ₸ от 1 плательщика и удержал 29 тыс ₸; обход на колене 1 не обрывался, значит отсутствие исходящих — поведение, а не артефакт.",1,False,1,0,29082.0,0.0,1,0,0.0,29082.0,0.00029167,0.0,0.0,0.0,1,1,1,1,0.0,1.0,0.0,0.0,0,0,0,False,False,29082.0
100000001308856100,terminal,0.647,1,0.0722,"Принял 27 тыс ₸ от 1 плательщика и удержал 27 тыс ₸; обход на колене 2 не обрывался, значит отсутствие исходящих — поведение, а не артефакт.",2,False,1,0,27000.0,0.0,1,0,0.0,27000.0,0.00029474,0.0,0.0,0.0,1,0,2,1,0.0,1.0,0.0,0.0,0,0,0,False,False,27000.0
100000001954903100,terminal,0.647,9,0.0722,"Принял 27 тыс ₸ от 1 плательщика и удержал 27 тыс ₸; обход на колене 2 не обрывался, значит отсутствие исходящих — поведение, а не артефакт.",2,False,1,0,27118.0,0.0,1,0,0.0,27118.0,0.00029849,0.0,0.0,2.323e-05,1,0,2,1,0.0,1.0,0.0,0.0,0,0,0,False,False,27118.0
100000002459163100,terminal,0.622,54,0.0722,"Принял 20 тыс ₸ от 1 плательщика и удержал 20 тыс ₸; обход на колене 2 не обрывался, значит отсутствие исходящих — поведение, а не артефакт.",2,False,1,0,20180.0,0.0,1,0,0.0,20180.0,0.00036112,0.0,0.0,0.0,1,0,2,1,0.0,1.0,0.0,0.0,0,0,0,False,False,20180.0
100000005198498100,terminal,0.649,1,0.0722,"Принял 29 тыс ₸ от 1 плательщика и удержал 29 тыс ₸; обход на колене 3 не обрывался, значит отсутствие исходящих — поведение, а не артефакт.",3,False,1,0,28800.0,0.0,1,0,0.0,28800.0,0.00029006,0.0,0.0,0.0,1,0,3,1,0.0,1.0,0.0,0.0,0,0,0,False,False,28800.0
100000005328215100,terminal,0.647,9,0.0722,"Принял 27 тыс ₸ от 1 плательщика и удержал 27 тыс ₸; обход на колене 2 не обрывался, значит отсутствие исходящих — поведение, а не артефакт.",2,False,1,0,27000.0,0.0,1,0,0.0,27000.0,0.00029843,0.0,0.0,2.323e-05,1,0,2,1,0.0,1.0,0.0,0.0,0,0,0,False,False,27000.0
100000007347733100,terminal,0.628,49,0.0722,"Принял 23 тыс ₸ от 1 плательщика и удержал 23 тыс ₸; обход на колене 1 не обрывался, значит отсутствие исходящих — поведение, а не артефакт.",1,False,1,0,23007.0,0.0,1,0,0.0,23007.0,0.00034568,0.0,0.0,0.0,1,1,1,1,0.0,1.0,0.0,0.0,0,0,0,False,False,23007.0
100000008055972100,terminal,0.648,1,0.0722,"Принял 28 тыс ₸ от 1 плательщика и удержал 28 тыс ₸; обход на колене 3 не обрывался, значит отсутствие исходящих — поведение, а не артефакт.",3,False,1,0,28300.0,0.0,1,0,0.0,28300.0,0.00028999,0.0,0.0,0.0,1,0,3,1,0.0,1.0,0.0,0.0,0,0,0,False,False,28300.0
100000008507703100,terminal,0.649,1,0.0722,"Принял 28 тыс ₸ от 1 плательщика и удержал 28 тыс ₸; обход на колене 3 не обрывался, значит отсутствие исходящих — поведение, а не артефакт.",3,False,1,0,28500.0,0.0,1,0,0.0,28500.0,0.00029002,0.0,0.0,0.0,1,0,3,1,0.0,1.0,0.0,0.0,0,0,0,False,False,28500.0
100000008653041100,terminal,0.648,1,0.0722,"Принял 28 тыс ₸ от 1 плательщика и удержал 28 тыс ₸; обход на колене 3 не обрывался, значит отсутствие исходящих — поведение, а не артефакт.",3,False,1,0,28000.0,0.0,1,0,0.0,28000.0,0.00028994,0.0,0.0,0.0,1,0,3,1,0.0,1.0,0.0,0.0,0,0,0,False,False,28000.0
100000008753061100,terminal,0.648,1,0.0722,"Принял 28 тыс ₸ от 1 плательщика и удержал 28 тыс ₸; обход на колене 3 не обрывался, значит отсутствие исходящих — поведение, а не артефакт.",3,False,1,0,28400.0,0.0,2,0,0.0,28400.0,0.00029,0.0,0.0,0.0,1,0,3,1,0.0,1.0,0.0,0.0,0,0,0,False,False,28400.0
100000002103448100,terminal,0.647,1,0.0721,"Принял 27 тыс ₸ от 1 плательщика и удержал 27 тыс ₸; обход на колене 3 не обрывался, значит отсутствие исходящих — поведение, а не артефакт.",3,False,1,0,27000.0,0.0,1,0,0.0,27000.0,0.00028978,0.0,0.0,0.0,1,0,3,1,0.0,1.0,0.0,0.0,0,0,0,False,False,27000.0
100000002214570100,terminal,0.645,1,0.0721,"Принял 26 тыс ₸ от 1 плательщика и удержал 26 тыс ₸; обход на колене 1 не обрывался, значит отсутствие исходящих — поведение, а не артефакт.",1,False,1,0,26471.0,0.0,1,0,0.0,26471.0,0.00029113,0.0,0.0,0.0,1,1,1,1,0.0,1.0,0.0,0.0,0,0,0,False,False,26471.0
100000004435304100,terminal,0.645,1,0.0721,"Принял 26 тыс ₸ от 1 плательщика и удержал 26 тыс ₸; обход на колене 2 не обрывался, значит отсутствие исходящих — поведение, а не артефакт.",2,False,1,0,26200.0,0.0,1,0,0.0,26200.0,0.00029447,0.0,0.0,0.0,1,0,2,1,0.0,1.0,0.0,0.0,0,0,0,False,False,26200.0
100000004783447100,terminal,0.645,1,0.0721,"Принял 26 тыс ₸ от 1 плательщика и удержал 26 тыс ₸; обход на колене 1 не обрывался, значит отсутствие исходящих — поведение, а не артефакт.",1,False,1,0,26200.0,0.0,1,0,0.0,26200.0,0.00029107,0.0,0.0,0.0,1,1,1,1,0.0,1.0,0.0,0.0,0,0,0,False,False,26200.0
100000005674387100,terminal,0.645,1,0.0721,"Принял 26 тыс ₸ от 1 плательщика и удержал 26 тыс ₸; обход на колене 3 не обрывался, значит отсутствие исходящих — поведение, а не артефакт.",3,False,1,0,26200.0,0.0,1,0,0.0,26200.0,0.00028966,0.0,0.0,0.0,1,0,3,1,0.0,1.0,0.0,0.0,0,0,0,False,False,26200.0
100000006491272100,terminal,0.645,1,0.0721,"Принял 26 тыс ₸ от 1 плательщика и удержал 26 тыс ₸; обход на колене 3 не обрывался, значит отсутствие исходящих — поведение, а не артефакт.",3,False,1,0,26200.0,0.0,1,0,0.0,26200.0,0.00028966,0.0,0.0,0.0,1,0,3,1,0.0,1.0,0.0,0.0,0,0,0,False,False,26200.0
100000006701983100,terminal,0.647,1,0.0721,"Принял 27 тыс ₸ от 1 плательщика и удержал 27 тыс ₸; обход на колене 3 не обрывался, значит отсутствие исходящих — поведение, а не артефакт.",3,False,1,0,27000.0,0.0,1,0,0.0,27000.0,0.00028978,0.0,0.0,0.0,1,0,3,1,0.0,1.0,0.0,0.0,0,0,0,False,False,27000.0
100000008383405100,terminal,0.64,24,0.0721,"Принял 25 тыс ₸ от 1 плательщика и удержал 25 тыс ₸; обход на колене 1 не обрывался, значит отсутствие исходящих — поведение, а не артефакт.",1,False,1,0,25000.0,0.0,2,0,0.0,25000.0,0.00030603,0.0,0.0,0.0,1,1,1,1,0.0,1.0,0.0,0.0,0,0,0,False,False,25000.0
100000008656043100,terminal,0.645,1,0.0721,"Принял 26 тыс ₸ от 1 плательщика и удержал 26 тыс ₸; обход на колене 2 не обрывался, значит отсутствие исходящих — поведение, а не артефакт.",2,False,1,0,26200.0,0.0,1,0,0.0,26200.0,0.00029447,0.0,0.0,0.0,1,0,2,1,0.0,1.0,0.0,0.0,0,0,0,False,False,26200.0
100000008662216100,terminal,0.645,1,0.0721,"Принял 26 тыс ₸ от 1 плательщика и удержал 26 тыс ₸; обход на колене 3 не обрывался, значит отсутствие исходящих — поведение, а не артефакт.",3,False,1,0,26200.0,0.0,1,0,0.0,26200.0,0.00028966,0.0,0.0,0.0,1,0,3,1,0.0,1.0,0.0,0.0,0,0,0,False,False,26200.0
100000008666075100,terminal,0.645,1,0.0721,"Принял 26 тыс ₸ от 1 плательщика и удержал 26 тыс ₸; обход на колене 1 не обрывался, значит отсутствие исходящих — поведение, а не артефакт.",1,False,1,0,26217.0,0.0,1,0,0.0,26217.0,0.00029107,0.0,0.0,0.0,1,1,1,1,0.0,1.0,0.0,0.0,0,0,0,False,False,26217.0
100000008671129100,terminal,0.645,1,0.0721,"Принял 26 тыс ₸ от 1 плательщика и удержал 26 тыс ₸; обход на колене 3 не обрывался, значит отсутствие исходящих — поведение, а не артефакт.",3,False,1,0,26200.0,0.0,1,0,0.0,26200.0,0.00028966,0.0,0.0,0.0,1,0,3,1,0.0,1.0,0.0,0.0,0,0,0,False,False,26200.0
100000008690762100,terminal,0.645,1,0.0721,"Принял 27 тыс ₸ от 1 плательщика и удержал 27 тыс ₸; обход на колене 3 не обрывался, значит отсутствие исходящих — поведение, а не артефакт.",3,False,1,0,26750.0,0.0,1,0,0.0,26750.0,0.00028974,0.0,0.0,0.0,1,0,3,1,0.0,1.0,0.0,0.0,0,0,0,False,False,26750.0
100000008691495100,terminal,0.647,1,0.0721,"Принял 27 тыс ₸ от 1 плательщика и удержал 27 тыс ₸; обход на колене 1 не обрывался, значит отсутствие исходящих — поведение, а не артефакт.",1,False,1,0,27000.0,0.0,1,0,0.0,27000.0,0.00029124,0.0,0.0,0.0,1,1,1,1,0.0,1.0,0.0,0.0,0,0,0,False,False,27000.0
100000008695689100,terminal,0.645,1,0.0721,"Принял 26 тыс ₸ от 1 плательщика и удержал 26 тыс ₸; обход на колене 3 не обрывался, значит отсутствие исходящих — поведение, а не артефакт.",3,False,1,0,26200.0,0.0,1,0,0.0,26200.0,0.00028966,0.0,0.0,0.0,1,0,3,1,0.0,1.0,0.0,0.0,0,0,0,False,False,26200.0
100000008707810100,terminal,0.645,1,0.0721,"Принял 26 тыс ₸ от 1 плательщика и удержал 26 тыс ₸; обход на колене 3 не обрывался, значит отсутствие исходящих — поведение, а не артефакт.",3,False,1,0,26200.0,0.0,1,0,0.0,26200.0,0.00028966,0.0,0.0,0.0,1,0,3,1,0.0,1.0,0.0,0.0,0,0,0,False,False,26200.0
100000008734364100,terminal,0.645,1,0.0721,"Принял 26 тыс ₸ от 1 плательщика и удержал 26 тыс ₸; обход на колене 2 не обрывался, значит отсутствие исходящих — поведение, а не артефакт.",2,False,1,0,26200.0,0.0,1,0,0.0,26200.0,0.00029447,0.0,0.0,0.0,1,0,2,1,0.0,1.0,0.0,0.0,0,0,0,False,False,26200.0
100000004218576100,terminal,0.642,1,0.072,"Принял 26 тыс ₸ от 1 плательщика и удержал 26 тыс ₸; обход на колене 1 не обрывался, значит отсутствие исходящих — поведение, а не артефакт.",1,False,1,0,26144.0,0.0,1,0,0.0,26144.0,0.00029106,0.0,0.0,0.0,1,1,1,1,0.0,1.0,0.0,0.0,0,0,0,False,False,26144.0
100000004634420100,terminal,0.643,1,0.072,"Принял 26 тыс ₸ от 1 плательщика и удержал 26 тыс ₸; обход на колене 3 не обрывался, значит отсутствие исходящих — поведение, а не артефакт.",3,False,1,0,26150.0,0.0,1,0,0.0,26150.0,0.00028965,0.0,0.0,0.0,1,0,3,1,0.0,1.0,0.0,0.0,0,0,0,False,False,26150.0
100000005092518100,terminal,0.642,1,0.072,"Принял 26 тыс ₸ от 1 плательщика и удержал 26 тыс ₸; обход на колене 1 не обрывался, значит отсутствие исходящих — поведение, а не артефакт.",1,False,1,0,26144.0,0.0,1,0,0.0,26144.0,0.00029106,0.0,0.0,0.0,1,1,1,1,0.0,1.0,0.0,0.0,0,0,0,False,False,26144.0
100000005228059100,terminal,0.642,1,0.072,"Принял 26 тыс ₸ от 1 плательщика и удержал 26 тыс ₸; обход на колене 1 не обрывался, значит отсутствие исходящих — поведение, а не артефакт.",1,False,1,0,26000.0,0.0,1,0,0.0,26000.0,0.00029103,0.0,0.0,0.0,1,1,1,1,0.0,1.0,0.0,0.0,0,0,0,False,False,26000.0
100000008717802100,terminal,0.643,1,0.072,"Принял 26 тыс ₸ от 1 плательщика и удержал 26 тыс ₸; обход на колене 3 не обрывался, значит отсутствие исходящих — поведение, а не артефакт.",3,False,1,0,26150.0,0.0,1,0,0.0,26150.0,0.00028965,0.0,0.0,0.0,1,0,3,1,0.0,1.0,0.0,0.0,0,0,0,False,False,26150.0
100000008764654100,terminal,0.643,1,0.072,"Принял 26 тыс ₸ от 1 плательщика и удержал 26 тыс ₸; обход на колене 3 не обрывался, значит отсутствие исходящих — поведение, а не артефакт.",3,False,1,0,26150.0,0.0,1,0,0.0,26150.0,0.00028965,0.0,0.0,0.0,1,0,3,1,0.0,1.0,0.0,0.0,0,0,0,False,False,26150.0
100000008773876100,terminal,0.642,1,0.072,"Принял 26 тыс ₸ от 1 плательщика и удержал 26 тыс ₸; обход на колене 1 не обрывался, значит отсутствие исходящих — поведение, а не артефакт.",1,False,1,0,26120.0,0.0,1,0,0.0,26120.0,0.00029105,0.0,0.0,0.0,1,1,1,1,0.0,1.0,0.0,0.0,0,0,0,False,False,26120.0
100000008776720100,terminal,0.643,1,0.072,"Принял 26 тыс ₸ от 1 плательщика и удержал 26 тыс ₸; обход на колене 3 не обрывался, значит отсутствие исходящих — поведение, а не артефакт.",3,False,1,0,26150.0,0.0,1,0,0.0,26150.0,0.00028965,0.0,0.0,0.0,1,0,3,1,0.0,1.0,0.0,0.0,0,0,0,False,False,26150.0
100000000703902100,terminal,0.641,1,0.0719,"Принял 25 тыс ₸ от 1 плательщика и удержал 25 тыс ₸; обход на колене 1 не обрывался, значит отсутствие исходящих — поведение, а не артефакт.",1,False,1,0,25499.0,0.0,1,0,0.0,25499.0,0.00029092,0.0,0.0,0.0,1,1,1,1,0.0,1.0,0.0,0.0,0,0,0,False,False,25499.0
100000002680477100,terminal,0.64,12,0.0719,"Принял 25 тыс ₸ от 1 плательщика и удержал 25 тыс ₸; обход на колене 2 не обрывался, значит отсутствие исходящих — поведение, а не артефакт.",2,False,1,0,25000.0,0.0,1,0,0.0,25000.0,0.00029456,0.0,0.0,4e-08,1,0,2,1,0.0,1.0,0.0,0.0,0,0,0,False,False,25000.0
100000004213658100,terminal,0.64,1,0.0719,"Принял 25 тыс ₸ от 1 плательщика и удержал 25 тыс ₸; обход на колене 1 не обрывался, значит отсутствие исходящих — поведение, а не артефакт.",1,False,1,0,25347.0,0.0,1,0,0.0,25347.0,0.00029089,0.0,0.0,0.0,1,1,1,1,0.0,1.0,0.0,0.0,0,0,0,False,False,25347.0
100000005055454100,terminal,0.559,29,0.0719,"Принял 6 тыс ₸ от 1 плательщика и удержал 6 тыс ₸; обход на колене 3 не обрывался, значит отсутствие исходящих — поведение, а не артефакт.",3,False,1,0,6500.0,0.0,1,0,0.0,6500.0,0.00050598,0.0,0.0,0.0,1,0,3,1,0.0,1.0,0.0,0.0,0,0,0,False,False,6500.0
100000006326645100,terminal,0.64,1,0.0719,"Принял 25 тыс ₸ от 1 плательщика и удержал 25 тыс ₸; обход на колене 1 не обрывался, значит отсутствие исходящих — поведение, а не артефакт.",1,False,1,0,25264.0,0.0,1,0,0.0,25264.0,0.00029087,0.0,0.0,0.0,1,1,1,1,0.0,1.0,0.0,0.0,0,0,0,False,False,25264.0
100000008697670100,terminal,0.64,1,0.0719,"Принял 25 тыс ₸ от 1 плательщика и удержал 25 тыс ₸; обход на колене 3 не обрывался, значит отсутствие исходящих — поведение, а не артефакт.",3,False,1,0,25350.0,0.0,1,0,0.0,25350.0,0.00028953,0.0,0.0,0.0,1,0,3,1,0.0,1.0,0.0,0.0,0,0,0,False,False,25350.0
100000001870116100,terminal,0.634,1,0.0717,"Принял 24 тыс ₸ от 1 плательщика и удержал 24 тыс ₸; обход на колене 1 не обрывался, значит отсутствие исходящих — поведение, а не артефакт.",1,False,1,0,24000.0,0.0,1,0,0.0,24000.0,0.00029061,0.0,0.0,0.0,1,1,1,1,0.0,1.0,0.0,0.0,0,0,0,False,False,24000.0
100000002373386100,terminal,0.634,1,0.0717,"Принял 24 тыс ₸ от 1 плательщика и удержал 24 тыс ₸; обход на колене 3 не обрывался, значит отсутствие исходящих — поведение, а не артефакт.",3,False,1,0,24000.0,0.0,1,0,0.0,24000.0,0.00028932,0.0,0.0,0.0,1,0,3,1,0.0,1.0,0.0,0.0,0,0,0,False,False,24000.0
100000002858835100,terminal,0.635,1,0.0717,"Принял 24 тыс ₸ от 1 плательщика и удержал 24 тыс ₸; обход на колене 1 не обрывался, значит отсутствие исходящих — поведение, а не артефакт.",1,False,1,0,24400.0,0.0,1,0,0.0,24400.0,0.00029069,0.0,0.0,0.0,1,1,1,1,0.0,1.0,0.0,0.0,0,0,0,False,False,24400.0
100000008688476100,terminal,0.634,1,0.0717,"Принял 24 тыс ₸ от 1 плательщика и удержал 24 тыс ₸; обход на колене 2 не обрывался, значит отсутствие исходящих — поведение, а не артефакт.",2,False,1,0,24000.0,0.0,1,0,0.0,24000.0,0.00029372,0.0,0.0,0.0,1,0,2,1,0.0,1.0,0.0,0.0,0,0,0,False,False,24000.0
100000008691168100,terminal,0.634,1,0.0717,"Принял 24 тыс ₸ от 1 плательщика и удержал 24 тыс ₸; обход на колене 2 не обрывался, значит отсутствие исходящих — поведение, а не артефакт.",2,False,1,0,24000.0,0.0,1,0,0.0,24000.0,0.00029372,0.0,0.0,0.0,1,0,2,1,0.0,1.0,0.0,0.0,0,0,0,False,False,24000.0
100000008753897100,terminal,0.634,1,0.0717,"Принял 24 тыс ₸ от 1 плательщика и удержал 24 тыс ₸; обход на колене 3 не обрывался, значит отсутствие исходящих — поведение, а не артефакт.",3,False,1,0,24050.0,0.0,1,0,0.0,24050.0,0.00028932,0.0,0.0,0.0,1,0,3,1,0.0,1.0,0.0,0.0,0,0,0,False,False,24050.0
100000008765494100,terminal,0.634,1,0.0717,"Принял 24 тыс ₸ от 1 плательщика и удержал 24 тыс ₸; обход на колене 2 не обрывался, значит отсутствие исходящих — поведение, а не артефакт.",2,False,1,0,24000.0,0.0,1,0,0.0,24000.0,0.00029372,0.0,0.0,0.0,1,0,2,1,0.0,1.0,0.0,0.0,0,0,0,False,False,24000.0
100000008771814100,terminal,0.632,1,0.0717,"Принял 24 тыс ₸ от 1 плательщика и удержал 24 тыс ₸; обход на колене 2 не обрывался, значит отсутствие исходящих — поведение, а не артефакт.",2,False,1,0,23700.0,0.0,1,0,0.0,23700.0,0.00029362,0.0,0.0,0.0,1,0,2,1,0.0,1.0,0.0,0.0,0,0,0,False,False,23700.0
100000001273783100,terminal,0.629,9,0.0716,"Принял 23 тыс ₸ от 1 плательщика и удержал 23 тыс ₸; обход на колене 2 не обрывался, значит отсутствие исходящих — поведение, а не артефакт.",2,False,1,0,23200.0,0.0,1,0,0.0,23200.0,0.00029662,0.0,0.0,2.323e-05,1,0,2,1,0.0,1.0,0.0,0.0,0,0,0,False,False,23200.0
100000002216999100,terminal,0.632,1,0.0716,"Принял 24 тыс ₸ от 1 плательщика и удержал 24 тыс ₸; обход на колене 3 не обрывался, значит отсутствие исходящих — поведение, а не артефакт.",3,False,1,0,23677.0,0.0,1,0,0.0,23677.0,0.00028926,0.0,0.0,0.0,1,0,3,1,0.0,1.0,0.0,0.0,0,0,0,False,False,23677.0
100000002913340100,terminal,0.631,1,0.0716,"Принял 24 тыс ₸ от 1 плательщика и удержал 24 тыс ₸; обход на колене 3 не обрывался, значит отсутствие исходящих — поведение, а не артефакт.",3,False,1,0,23600.0,0.0,1,0,0.0,23600.0,0.00028925,0.0,0.0,0.0,1,0,3,1,0.0,1.0,0.0,0.0,0,0,0,False,False,23600.0
100000005669845100,terminal,0.622,29,0.0716,"Принял 20 тыс ₸ от 1 плательщика и удержал 20 тыс ₸; обход на колене 1 не обрывался, значит отсутствие исходящих — поведение, а не артефакт.",1,False,1,0,20000.0,0.0,1,0,0.0,20000.0,0.00031754,0.0,0.0,0.0,1,1,1,1,0.0,1.0,0.0,0.0,0,0,0,False,False,20000.0
100000008688155100,terminal,0.631,1,0.0716,"Принял 24 тыс ₸ от 1 плательщика и удержал 24 тыс ₸; обход на колене 3 не обрывался, значит отсутствие исходящих — поведение, а не артефакт.",3,False,1,0,23600.0,0.0,1,0,0.0,23600.0,0.00028925,0.0,0.0,0.0,1,0,3,1,0.0,1.0,0.0,0.0,0,0,0,False,False,23600.0
100000008708368100,terminal,0.632,1,0.0716,"Принял 24 тыс ₸ от 1 плательщика и удержал 24 тыс ₸; обход на колене 1 не обрывался, значит отсутствие исходящих — поведение, а не артефакт.",1,False,1,0,23677.0,0.0,1,0,0.0,23677.0,0.00029054,0.0,0.0,0.0,1,1,1,1,0.0,1.0,0.0,0.0,0,0,0,False,False,23677.0
100000008722328100,terminal,0.632,1,0.0716,"Принял 24 тыс ₸ от 1 плательщика и удержал 24 тыс ₸; обход на колене 1 не обрывался, значит отсутствие исходящих — поведение, а не артефакт.",1,False,1,0,23677.0,0.0,1,0,0.0,23677.0,0.00029054,0.0,0.0,0.0,1,1,1,1,0.0,1.0,0.0,0.0,0,0,0,False,False,23677.0
100000008744364100,terminal,0.632,1,0.0716,"Принял 24 тыс ₸ от 1 плательщика и удержал 24 тыс ₸; обход на колене 3 не обрывался, значит отсутствие исходящих — поведение, а не артефакт.",3,False,1,0,23700.0,0.0,1,0,0.0,23700.0,0.00028927,0.0,0.0,0.0,1,0,3,1,0.0,1.0,0.0,0.0,0,0,0,False,False,23700.0
100000002603478100,terminal,0.63,11,0.0715,"Принял 24 тыс ₸ от 1 плательщика и удержал 24 тыс ₸; обход на колене 1 не обрывался, значит отсутствие исходящих — поведение, а не артефакт.",1,False,1,0,23500.0,0.0,1,0,0.0,23500.0,0.00028947,0.0,0.0,1.01e-05,1,1,1,1,0.0,1.0,0.0,0.0,0,0,0,False,False,23500.0
100000008661550100,terminal,0.628,1,0.0715,"Принял 23 тыс ₸ от 1 плательщика и удержал 23 тыс ₸; обход на колене 3 не обрывался, значит отсутствие исходящих — поведение, а не артефакт.",3,False,1,0,22800.0,0.0,1,0,0.0,22800.0,0.00028913,0.0,0.0,0.0,1,0,3,1,0.0,1.0,0.0,0.0,0,0,0,False,False,22800.0
100000008671026100,terminal,0.63,1,0.0715,"Принял 24 тыс ₸ от 1 плательщика и удержал 24 тыс ₸; обход на колене 1 не обрывался, значит отсутствие исходящих — поведение, а не артефакт.",1,False,1,0,23534.0,0.0,1,0,0.0,23534.0,0.00029051,0.0,0.0,0.0,1,1,1,1,0.0,1.0,0.0,0.0,0,0,0,False,False,23534.0
100000008680451100,terminal,0.63,1,0.0715,"Принял 24 тыс ₸ от 1 плательщика и удержал 24 тыс ₸; обход на колене 1 не обрывался, значит отсутствие исходящих — поведение, а не артефакт.",1,False,1,0,23534.0,0.0,1,0,0.0,23534.0,0.00029051,0.0,0.0,0.0,1,1,1,1,0.0,1.0,0.0,0.0,0,0,0,False,False,23534.0
100000008690932100,terminal,0.628,1,0.0715,"Принял 23 тыс ₸ от 1 плательщика и удержал 23 тыс ₸; обход на колене 1 не обрывался, значит отсутствие исходящих — поведение, а не артефакт.",1,False,1,0,23000.0,0.0,1,0,0.0,23000.0,0.0002904,0.0,0.0,0.0,1,1,1,1,0.0,1.0,0.0,0.0,0,0,0,False,False,23000.0
100000008745863100,terminal,0.628,1,0.0715,"Принял 23 тыс ₸ от 1 плательщика и удержал 23 тыс ₸; обход на колене 3 не обрывался, значит отсутствие исходящих — поведение, а не артефакт.",3,False,1,0,22900.0,0.0,1,0,0.0,22900.0,0.00028914,0.0,0.0,0.0,1,0,3,1,0.0,1.0,0.0,0.0,0,0,0,False,False,22900.0
100000008769636100,terminal,0.629,1,0.0715,"Принял 23 тыс ₸ от 1 плательщика и удержал 23 тыс ₸; обход на колене 1 не обрывался, значит отсутствие исходящих — поведение, а не артефакт.",1,False,1,0,23118.0,0.0,1,0,0.0,23118.0,0.00029042,0.0,0.0,0.0,1,1,1,1,0.0,1.0,0.0,0.0,0,0,0,False,False,23118.0
100000003338583100,terminal,0.625,23,0.0714,"Принял 22 тыс ₸ от 1 плательщика и удержал 22 тыс ₸; обход на колене 3 не обрывался, значит отсутствие исходящих — поведение, а не артефакт.",3,False,1,0,21765.0,0.0,1,0,0.0,21765.0,0.00029016,0.0,0.0,0.0,1,0,3,1,0.0,1.0,0.0,0.0,0,0,0,False,False,21765.0
100000005056870100,terminal,0.622,44,0.0714,"Принял 20 тыс ₸ от 1 плательщика и удержал 20 тыс ₸; обход на колене 1 не обрывался, значит отсутствие исходящих — поведение, а не артефакт.",1,False,1,0,20000.0,0.0,1,0,0.0,20000.0,0.00030319,0.0,0.0,0.0,1,1,1,1,0.0,1.0,0.0,0.0,0,0,0,False,False,20000.0
100000007175718100,terminal,0.622,44,0.0714,"Принял 20 тыс ₸ от 1 плательщика и удержал 20 тыс ₸; обход на колене 1 не обрывался, значит отсутствие исходящих — поведение, а не артефакт.",1,False,1,0,20000.0,0.0,1,0,0.0,20000.0,0.00030319,0.0,0.0,0.0,1,1,1,1,0.0,1.0,0.0,0.0,0,0,0,False,False,20000.0
100000007930878100,terminal,0.553,42,0.0714,"Принял 5 тыс ₸ от 1 плательщика и удержал 5 тыс ₸; обход на колене 2 не обрывался, значит отсутствие исходящих — поведение, а не артефакт.",2,False,1,0,5000.0,0.0,1,0,0.0,5000.0,0.00048364,0.0,0.0,0.0,1,0,2,1,0.0,1.0,0.0,0.0,0,0,0,False,False,5000.0
100000008691330100,terminal,0.625,1,0.0714,"Принял 21 тыс ₸ от 1 плательщика и удержал 21 тыс ₸; обход на колене 1 не обрывался, значит отсутствие исходящих — поведение, а не артефакт.",1,False,1,0,21440.0,0.0,1,0,0.0,21440.0,0.00029007,0.0,0.0,0.0,1,1,1,1,0.0,1.0,0.0,0.0,0,0,0,False,False,21440.0
100000008742266100,terminal,0.624,1,0.0714,"Принял 21 тыс ₸ от 1 плательщика и удержал 21 тыс ₸; обход на колене 2 не обрывался, значит отсутствие исходящих — поведение, а не артефакт.",2,False,1,0,21000.0,0.0,1,0,0.0,21000.0,0.0002927,0.0,0.0,0.0,1,0,2,1,0.0,1.0,0.0,0.0,0,0,0,False,False,21000.0
100000008746025100,terminal,0.626,1,0.0714,"Принял 22 тыс ₸ от 1 плательщика и удержал 22 тыс ₸; обход на колене 1 не обрывался, значит отсутствие исходящих — поведение, а не артефакт.",1,False,1,0,22000.0,0.0,1,0,0.0,22000.0,0.00029019,0.0,0.0,0.0,1,1,1,1,0.0,1.0,0.0,0.0,0,0,0,False,False,22000.0
100000001155773100,terminal,0.625,1,0.0713,"Принял 22 тыс ₸ от 1 плательщика и удержал 22 тыс ₸; обход на колене 3 не обрывался, значит отсутствие исходящих — поведение, а не артефакт.",3,False,1,0,21500.0,0.0,1,0,0.0,21500.0,0.00028892,0.0,0.0,0.0,1,0,3,1,0.0,1.0,0.0,0.0,0,0,0,False,False,21500.0
100000002243354100,terminal,0.623,1,0.0713,"Принял 21 тыс ₸ от 1 плательщика и удержал 21 тыс ₸; обход на колене 1 не обрывался, значит отсутствие исходящих — поведение, а не артефакт.",1,False,1,0,20879.0,0.0,1,0,0.0,20879.0,0.00028995,0.0,0.0,0.0,1,1,1,1,0.0,1.0,0.0,0.0,0,0,0,False,False,20879.0
100000002982252100,terminal,0.622,1,0.0713,"Принял 20 тыс ₸ от 1 плательщика и удержал 20 тыс ₸; обход на колене 1 не обрывался, значит отсутствие исходящих — поведение, а не артефакт.",1,False,1,0,20320.0,0.0,1,0,0.0,20320.0,0.00028983,0.0,0.0,0.0,1,1,1,1,0.0,1.0,0.0,0.0,0,0,0,False,False,20320.0
100000003119550100,terminal,0.624,1,0.0713,"Принял 21 тыс ₸ от 1 плательщика и удержал 21 тыс ₸; обход на колене 1 не обрывался, значит отсутствие исходящих — поведение, а не артефакт.",1,False,1,0,21000.0,0.0,1,0,0.0,21000.0,0.00028998,0.0,0.0,0.0,1,1,1,1,0.0,1.0,0.0,0.0,0,0,0,False,False,21000.0
100000007337374100,terminal,0.622,1,0.0713,"Принял 20 тыс ₸ от 1 плательщика и удержал 20 тыс ₸; обход на колене 2 не обрывался, значит отсутствие исходящих — поведение, а не артефакт.",2,False,1,0,20000.0,0.0,2,0,0.0,20000.0,0.00029236,0.0,0.0,0.0,1,0,2,1,0.0,1.0,0.0,0.0,0,0,0,False,False,20000.0
100000008695495100,terminal,0.624,1,0.0713,"Принял 21 тыс ₸ от 1 плательщика и удержал 21 тыс ₸; обход на колене 1 не обрывался, значит отсутствие исходящих — поведение, а не артефакт.",1,False,1,0,21000.0,0.0,1,0,0.0,21000.0,0.00028998,0.0,0.0,0.0,1,1,1,1,0.0,1.0,0.0,0.0,0,0,0,False,False,21000.0
100000008712036100,terminal,0.624,1,0.0713,"Принял 21 тыс ₸ от 1 плательщика и удержал 21 тыс ₸; обход на колене 3 не обрывался, значит отсутствие исходящих — поведение, а не артефакт.",3,False,1,0,21000.0,0.0,1,0,0.0,21000.0,0.00028885,0.0,0.0,0.0,1,0,3,1,0.0,1.0,0.0,0.0,0,0,0,False,False,21000.0
100000008740793100,terminal,0.624,1,0.0713,"Принял 21 тыс ₸ от 1 плательщика и удержал 21 тыс ₸; обход на колене 3 не обрывался, значит отсутствие исходящих — поведение, а не артефакт.",3,False,1,0,21000.0,0.0,1,0,0.0,21000.0,0.00028885,0.0,0.0,0.0,1,0,3,1,0.0,1.0,0.0,0.0,0,0,0,False,False,21000.0
100000008745643100,terminal,0.622,1,0.0713,"Принял 20 тыс ₸ от 1 плательщика и удержал 20 тыс ₸; обход на колене 1 не обрывался, значит отсутствие исходящих — поведение, а не артефакт.",1,False,1,0,20313.0,0.0,1,0,0.0,20313.0,0.00028983,0.0,0.0,0.0,1,1,1,1,0.0,1.0,0.0,0.0,0,0,0,False,False,20313.0
100000008763688100,terminal,0.624,1,0.0713,"Принял 21 тыс ₸ от 1 плательщика и удержал 21 тыс ₸; обход на колене 3 не обрывался, значит отсутствие исходящих — поведение, а не артефакт.",3,False,1,0,21000.0,0.0,1,0,0.0,21000.0,0.00028885,0.0,0.0,0.0,1,0,3,1,0.0,1.0,0.0,0.0,0,0,0,False,False,21000.0
100000002289937100,terminal,0.622,1,0.0712,"Принял 20 тыс ₸ от 1 плательщика и удержал 20 тыс ₸; обход на колене 1 не обрывался, значит отсутствие исходящих — поведение, а не артефакт.",1,False,1,0,20000.0,0.0,1,0,0.0,20000.0,0.00028977,0.0,0.0,0.0,1,1,1,1,0.0,1.0,0.0,0.0,0,0,0,False,False,20000.0
100000006710485100,terminal,0.622,1,0.0712,"Принял 20 тыс ₸ от 1 плательщика и удержал 20 тыс ₸; обход на колене 3 не обрывался, значит отсутствие исходящих — поведение, а не артефакт.",3,False,1,0,20000.0,0.0,1,0,0.0,20000.0,0.00028869,0.0,0.0,0.0,1,0,3,1,0.0,1.0,0.0,0.0,0,0,0,False,False,20000.0
100000008693069100,terminal,0.622,1,0.0712,"Принял 20 тыс ₸ от 1 плательщика и удержал 20 тыс ₸; обход на колене 1 не обрывался, значит отсутствие исходящих — поведение, а не артефакт.",1,False,1,0,20000.0,0.0,1,0,0.0,20000.0,0.00028977,0.0,0.0,0.0,1,1,1,1,0.0,1.0,0.0,0.0,0,0,0,False,False,20000.0
100000008745884100,terminal,0.622,1,0.0712,"Принял 20 тыс ₸ от 1 плательщика и удержал 20 тыс ₸; обход на колене 3 не обрывался, значит отсутствие исходящих — поведение, а не артефакт.",3,False,1,0,20000.0,0.0,1,0,0.0,20000.0,0.00028869,0.0,0.0,0.0,1,0,3,1,0.0,1.0,0.0,0.0,0,0,0,False,False,20000.0
100000007289427100,terminal,0.586,2,0.0711,"Принял 12 тыс ₸ от 1 плательщика и удержал 12 тыс ₸; обход на колене 2 не обрывался, значит отсутствие исходящих — поведение, а не артефакт.",2,False,1,0,12300.0,0.0,1,0,0.0,12300.0,0.00037363,0.0,0.0,0.0,1,0,2,1,0.0,1.0,0.0,0.0,0,0,0,False,False,12300.0
100000008696692100,terminal,0.613,1,0.071,"Принял 19 тыс ₸ от 1 плательщика и удержал 19 тыс ₸; обход на колене 2 не обрывался, значит отсутствие исходящих — поведение, а не артефакт.",2,False,1,0,19000.0,0.0,1,0,0.0,19000.0,0.00029202,0.0,0.0,0.0,1,0,2,1,0.0,1.0,0.0,0.0,0,0,0,False,False,19000.0
100000001103905100,terminal,0.611,1,0.0709,"Принял 18 тыс ₸ от 1 плательщика и удержал 18 тыс ₸; обход на колене 1 не обрывался, значит отсутствие исходящих — поведение, а не артефакт.",1,False,1,0,18000.0,0.0,1,0,0.0,18000.0,0.00028935,0.0,0.0,0.0,1,1,1,1,0.0,1.0,0.0,0.0,0,0,0,False,False,18000.0
100000002881669100,terminal,0.612,11,0.0709,"Принял 19 тыс ₸ от 1 плательщика и удержал 19 тыс ₸; обход на колене 1 не обрывался, значит отсутствие исходящих — поведение, а не артефакт.",1,False,1,0,18600.0,0.0,1,0,0.0,18600.0,0.00028866,0.0,0.0,1.01e-05,1,1,1,1,0.0,1.0,0.0,0.0,0,0,0,False,False,18600.0
100000003187359100,terminal,0.613,1,0.0709,"Принял 19 тыс ₸ от 1 плательщика и удержал 19 тыс ₸; обход на колене 1 не обрывался, значит отсутствие исходящих — поведение, а не артефакт.",1,False,1,0,19072.0,0.0,1,0,0.0,19072.0,0.00028957,0.0,0.0,0.0,1,1,1,1,0.0,1.0,0.0,0.0,0,0,0,False,False,19072.0
100000003239859100,terminal,0.612,11,0.0709,"Принял 19 тыс ₸ от 1 плательщика и удержал 19 тыс ₸; обход на колене 1 не обрывался, значит отсутствие исходящих — поведение, а не артефакт.",1,False,1,0,18600.0,0.0,1,0,0.0,18600.0,0.00028866,0.0,0.0,1.01e-05,1,1,1,1,0.0,1.0,0.0,0.0,0,0,0,False,False,18600.0
100000004140994100,terminal,0.612,1,0.0709,"Принял 19 тыс ₸ от 1 плательщика и удержал 19 тыс ₸; обход на колене 3 не обрывался, значит отсутствие исходящих — поведение, а не артефакт.",3,False,1,0,18650.0,0.0,1,0,0.0,18650.0,0.00028848,0.0,0.0,0.0,1,0,3,1,0.0,1.0,0.0,0.0,0,0,0,False,False,18650.0
100000008679986100,terminal,0.613,1,0.0709,"Принял 19 тыс ₸ от 1 плательщика и удержал 19 тыс ₸; обход на колене 1 не обрывался, значит отсутствие исходящих — поведение, а не артефакт.",1,False,1,0,19000.0,0.0,1,0,0.0,19000.0,0.00028956,0.0,0.0,0.0,1,1,1,1,0.0,1.0,0.0,0.0,0,0,0,False,False,19000.0
100000008712184100,terminal,0.611,1,0.0709,"Принял 18 тыс ₸ от 1 плательщика и удержал 18 тыс ₸; обход на колене 3 не обрывался, значит отсутствие исходящих — поведение, а не артефакт.",3,False,1,0,18000.0,0.0,1,0,0.0,18000.0,0.00028838,0.0,0.0,0.0,1,0,3,1,0.0,1.0,0.0,0.0,0,0,0,False,False,18000.0
100000008715887100,terminal,0.611,1,0.0709,"Принял 18 тыс ₸ от 1 плательщика и удержал 18 тыс ₸; обход на колене 3 не обрывался, значит отсутствие исходящих — поведение, а не артефакт.",3,False,1,0,18000.0,0.0,1,0,0.0,18000.0,0.00028838,0.0,0.0,0.0,1,0,3,1,0.0,1.0,0.0,0.0,0,0,0,False,False,18000.0
100000008716222100,terminal,0.611,1,0.0709,"Принял 18 тыс ₸ от 1 плательщика и удержал 18 тыс ₸; обход на колене 1 не обрывался, значит отсутствие исходящих — поведение, а не артефакт.",1,False,1,0,18000.0,0.0,1,0,0.0,18000.0,0.00028935,0.0,0.0,0.0,1,1,1,1,0.0,1.0,0.0,0.0,0,0,0,False,False,18000.0
100000008749063100,terminal,0.613,1,0.0709,"Принял 19 тыс ₸ от 1 плательщика и удержал 19 тыс ₸; обход на колене 1 не обрывался, значит отсутствие исходящих — поведение, а не артефакт.",1,False,1,0,19000.0,0.0,1,0,0.0,19000.0,0.00028956,0.0,0.0,0.0,1,1,1,1,0.0,1.0,0.0,0.0,0,0,0,False,False,19000.0
100000008754997100,terminal,0.611,1,0.0709,"Принял 18 тыс ₸ от 1 плательщика и удержал 18 тыс ₸; обход на колене 3 не обрывался, значит отсутствие исходящих — поведение, а не артефакт.",3,False,1,0,18000.0,0.0,1,0,0.0,18000.0,0.00028838,0.0,0.0,0.0,1,0,3,1,0.0,1.0,0.0,0.0,0,0,0,False,False,18000.0
100000008776310100,terminal,0.613,1,0.0709,"Принял 19 тыс ₸ от 1 плательщика и удержал 19 тыс ₸; обход на колене 3 не обрывался, значит отсутствие исходящих — поведение, а не артефакт.",3,False,1,0,19200.0,0.0,1,0,0.0,19200.0,0.00028857,0.0,0.0,0.0,1,0,3,1,0.0,1.0,0.0,0.0,0,0,0,False,False,19200.0
100000008777088100,terminal,0.611,1,0.0709,"Принял 18 тыс ₸ от 1 плательщика и удержал 18 тыс ₸; обход на колене 1 не обрывался, значит отсутствие исходящих — поведение, а не артефакт.",1,False,1,0,18000.0,0.0,1,0,0.0,18000.0,0.00028935,0.0,0.0,0.0,1,1,1,1,0.0,1.0,0.0,0.0,0,0,0,False,False,18000.0
100000000907277100,terminal,0.608,1,0.0708,"Принял 18 тыс ₸ от 1 плательщика и удержал 18 тыс ₸; обход на колене 1 не обрывался, значит отсутствие исходящих — поведение, а не артефакт.",1,False,1,0,17534.0,0.0,1,0,0.0,17534.0,0.00028925,0.0,0.0,0.0,1,1,1,1,0.0,1.0,0.0,0.0,0,0,0,False,False,17534.0
100000008667058100,terminal,0.608,1,0.0708,"Принял 18 тыс ₸ от 1 плательщика и удержал 18 тыс ₸; обход на колене 1 не обрывался, значит отсутствие исходящих — поведение, а не артефакт.",1,False,1,0,17534.0,0.0,1,0,0.0,17534.0,0.00028925,0.0,0.0,0.0,1,1,1,1,0.0,1.0,0.0,0.0,0,0,0,False,False,17534.0
100000008691027100,terminal,0.608,1,0.0708,"Принял 18 тыс ₸ от 1 плательщика и удержал 18 тыс ₸; обход на колене 1 не обрывался, значит отсутствие исходящих — поведение, а не артефакт.",1,False,1,0,17534.0,0.0,1,0,0.0,17534.0,0.00028925,0.0,0.0,0.0,1,1,1,1,0.0,1.0,0.0,0.0,0,0,0,False,False,17534.0
100000008729801100,terminal,0.608,1,0.0708,"Принял 18 тыс ₸ от 1 плательщика и удержал 18 тыс ₸; обход на колене 1 не обрывался, значит отсутствие исходящих — поведение, а не артефакт.",1,False,1,0,17534.0,0.0,1,0,0.0,17534.0,0.00028925,0.0,0.0,0.0,1,1,1,1,0.0,1.0,0.0,0.0,0,0,0,False,False,17534.0
100000001111763100,terminal,0.605,1,0.0707,"Принял 17 тыс ₸ от 1 плательщика и удержал 17 тыс ₸; обход на колене 1 не обрывался, значит отсутствие исходящих — поведение, а не артефакт.",1,False,1,0,17144.0,0.0,1,0,0.0,17144.0,0.00028917,0.0,0.0,0.0,1,1,1,1,0.0,1.0,0.0,0.0,0,0,0,False,False,17144.0
100000002116705100,terminal,0.608,1,0.0707,"Принял 18 тыс ₸ от 1 плательщика и удержал 18 тыс ₸; обход на колене 3 не обрывался, значит отсутствие исходящих — поведение, а не артефакт.",3,False,1,0,17600.0,0.0,1,0,0.0,17600.0,0.00028832,0.0,0.0,0.0,1,0,3,1,0.0,1.0,0.0,0.0,0,0,0,False,False,17600.0
100000002511581100,terminal,0.608,1,0.0707,"Принял 18 тыс ₸ от 1 плательщика и удержал 18 тыс ₸; обход на колене 3 не обрывался, значит отсутствие исходящих — поведение, а не артефакт.",3,False,1,0,17600.0,0.0,1,0,0.0,17600.0,0.00028832,0.0,0.0,0.0,1,0,3,1,0.0,1.0,0.0,0.0,0,0,0,False,False,17600.0
100000004491881100,terminal,0.605,1,0.0707,"Принял 17 тыс ₸ от 1 плательщика и удержал 17 тыс ₸; обход на колене 1 не обрывался, значит отсутствие исходящих — поведение, а не артефакт.",1,False,1,0,17144.0,0.0,1,0,0.0,17144.0,0.00028917,0.0,0.0,0.0,1,1,1,1,0.0,1.0,0.0,0.0,0,0,0,False,False,17144.0
100000004573782100,terminal,0.597,6,0.0707,"Принял 15 тыс ₸ от 1 плательщика и удержал 15 тыс ₸; обход на колене 2 не обрывался, значит отсутствие исходящих — поведение, а не артефакт.",2,False,1,0,15000.0,0.0,1,0,0.0,15000.0,0.0003099,0.0,0.0,0.0,1,0,2,1,0.0,1.0,0.0,0.0,0,0,0,False,False,15000.0
100000005995391100,terminal,0.606,1,0.0707,"Принял 17 тыс ₸ от 1 плательщика и удержал 17 тыс ₸; обход на колене 3 не обрывался, значит отсутствие исходящих — поведение, а не артефакт.",3,False,1,0,17200.0,0.0,1,0,0.0,17200.0,0.00028825,0.0,0.0,0.0,1,0,3,1,0.0,1.0,0.0,0.0,0,0,0,False,False,17200.0
100000007022818100,terminal,0.606,1,0.0707,"Принял 17 тыс ₸ от 1 плательщика и удержал 17 тыс ₸; обход на колене 3 не обрывался, значит отсутствие исходящих — поведение, а не артефакт.",3,False,1,0,17200.0,0.0,1,0,0.0,17200.0,0.00028825,0.0,0.0,0.0,1,0,3,1,0.0,1.0,0.0,0.0,0,0,0,False,False,17200.0
100000008309514100,terminal,0.606,1,0.0707,"Принял 17 тыс ₸ от 1 плательщика и удержал 17 тыс ₸; обход на колене 3 не обрывался, значит отсутствие исходящих — поведение, а не артефакт.",3,False,1,0,17200.0,0.0,1,0,0.0,17200.0,0.00028825,0.0,0.0,0.0,1,0,3,1,0.0,1.0,0.0,0.0,0,0,0,False,False,17200.0
100000008683818100,terminal,0.606,1,0.0707,"Принял 17 тыс ₸ от 1 плательщика и удержал 17 тыс ₸; обход на колене 2 не обрывался, значит отсутствие исходящих — поведение, а не артефакт.",2,False,1,0,17400.0,0.0,1,0,0.0,17400.0,0.00029148,0.0,0.0,0.0,1,0,2,1,0.0,1.0,0.0,0.0,0,0,0,False,False,17400.0
100000008684951100,terminal,0.606,1,0.0707,"Принял 17 тыс ₸ от 1 плательщика и удержал 17 тыс ₸; обход на колене 3 не обрывался, значит отсутствие исходящих — поведение, а не артефакт.",3,False,1,0,17200.0,0.0,1,0,0.0,17200.0,0.00028825,0.0,0.0,0.0,1,0,3,1,0.0,1.0,0.0,0.0,0,0,0,False,False,17200.0
100000008687990100,terminal,0.608,1,0.0707,"Принял 18 тыс ₸ от 1 плательщика и удержал 18 тыс ₸; обход на колене 3 не обрывался, значит отсутствие исходящих — поведение, а не артефакт.",3,False,1,0,17600.0,0.0,1,0,0.0,17600.0,0.00028832,0.0,0.0,0.0,1,0,3,1,0.0,1.0,0.0,0.0,0,0,0,False,False,17600.0
100000008706947100,terminal,0.606,1,0.0707,"Принял 17 тыс ₸ от 1 плательщика и удержал 17 тыс ₸; обход на колене 3 не обрывался, значит отсутствие исходящих — поведение, а не артефакт.",3,False,1,0,17200.0,0.0,1,0,0.0,17200.0,0.00028825,0.0,0.0,0.0,1,0,3,1,0.0,1.0,0.0,0.0,0,0,0,False,False,17200.0
100000008708595100,terminal,0.606,1,0.0707,"Принял 17 тыс ₸ от 1 плательщика и удержал 17 тыс ₸; обход на колене 3 не обрывался, значит отсутствие исходящих — поведение, а не артефакт.",3,False,1,0,17200.0,0.0,1,0,0.0,17200.0,0.00028825,0.0,0.0,0.0,1,0,3,1,0.0,1.0,0.0,0.0,0,0,0,False,False,17200.0
100000008735832100,terminal,0.608,1,0.0707,"Принял 18 тыс ₸ от 1 плательщика и удержал 18 тыс ₸; обход на колене 3 не обрывался, значит отсутствие исходящих — поведение, а не артефакт.",3,False,1,0,17600.0,0.0,1,0,0.0,17600.0,0.00028832,0.0,0.0,0.0,1,0,3,1,0.0,1.0,0.0,0.0,0,0,0,False,False,17600.0
100000008749406100,terminal,0.605,1,0.0707,"Принял 17 тыс ₸ от 1 плательщика и удержал 17 тыс ₸; обход на колене 1 не обрывался, значит отсутствие исходящих — поведение, а не артефакт.",1,False,1,0,17144.0,0.0,1,0,0.0,17144.0,0.00028917,0.0,0.0,0.0,1,1,1,1,0.0,1.0,0.0,0.0,0,0,0,False,False,17144.0
100000008755168100,terminal,0.608,1,0.0707,"Принял 18 тыс ₸ от 1 плательщика и удержал 18 тыс ₸; обход на колене 3 не обрывался, значит отсутствие исходящих — поведение, а не артефакт.",3,False,1,0,17600.0,0.0,1,0,0.0,17600.0,0.00028832,0.0,0.0,0.0,1,0,3,1,0.0,1.0,0.0,0.0,0,0,0,False,False,17600.0
100000008767925100,terminal,0.605,1,0.0707,"Принял 17 тыс ₸ от 1 плательщика и удержал 17 тыс ₸; обход на колене 1 не обрывался, значит отсутствие исходящих — поведение, а не артефакт.",1,False,1,0,17144.0,0.0,1,0,0.0,17144.0,0.00028917,0.0,0.0,0.0,1,1,1,1,0.0,1.0,0.0,0.0,0,0,0,False,False,17144.0
100000008767950100,terminal,0.606,1,0.0707,"Принял 17 тыс ₸ от 1 плательщика и удержал 17 тыс ₸; обход на колене 3 не обрывался, значит отсутствие исходящих — поведение, а не артефакт.",3,False,1,0,17350.0,0.0,1,0,0.0,17350.0,0.00028828,0.0,0.0,0.0,1,0,3,1,0.0,1.0,0.0,0.0,0,0,0,False,False,17350.0
100000003336565100,terminal,0.603,1,0.0706,"Принял 17 тыс ₸ от 1 плательщика и удержал 17 тыс ₸; обход на колене 2 не обрывался, значит отсутствие исходящих — поведение, а не артефакт.",2,False,1,0,16550.0,0.0,1,0,0.0,16550.0,0.00029119,0.0,0.0,0.0,1,0,2,1,0.0,1.0,0.0,0.0,0,0,0,False,False,16550.0
100000004286573100,terminal,0.603,11,0.0706,"Принял 17 тыс ₸ от 1 плательщика и удержал 17 тыс ₸; обход на колене 1 не обрывался, значит отсутствие исходящих — поведение, а не артефакт.",1,False,1,0,16590.0,0.0,1,0,0.0,16590.0,0.00028832,0.0,0.0,1.01e-05,1,1,1,1,0.0,1.0,0.0,0.0,0,0,0,False,False,16590.0
100000008662805100,terminal,0.603,1,0.0706,"Принял 16 тыс ₸ от 1 плательщика и удержал 16 тыс ₸; обход на колене 3 не обрывался, значит отсутствие исходящих — поведение, а не артефакт.",3,False,1,0,16500.0,0.0,1,0,0.0,16500.0,0.00028814,0.0,0.0,0.0,1,0,3,1,0.0,1.0,0.0,0.0,0,0,0,False,False,16500.0
100000008736394100,terminal,0.602,1,0.0706,"Принял 16 тыс ₸ от 1 плательщика и удержал 16 тыс ₸; обход на колене 2 не обрывался, значит отсутствие исходящих — поведение, а не артефакт.",2,False,1,0,16000.0,0.0,1,0,0.0,16000.0,0.000291,0.0,0.0,0.0,1,0,2,1,0.0,1.0,0.0,0.0,0,0,0,False,False,16000.0
100000008749900100,terminal,0.605,1,0.0706,"Принял 17 тыс ₸ от 1 плательщика и удержал 17 тыс ₸; обход на колене 3 не обрывался, значит отсутствие исходящих — поведение, а не артефакт.",3,False,1,0,17150.0,0.0,1,0,0.0,17150.0,0.00028825,0.0,0.0,0.0,1,0,3,1,0.0,1.0,0.0,0.0,0,0,0,False,False,17150.0
100000008749989100,terminal,0.602,1,0.0706,"Принял 16 тыс ₸ от 1 плательщика и удержал 16 тыс ₸; обход на колене 2 не обрывался, значит отсутствие исходящих — поведение, а не артефакт.",2,False,1,0,16000.0,0.0,1,0,0.0,16000.0,0.000291,0.0,0.0,0.0,1,0,2,1,0.0,1.0,0.0,0.0,0,0,0,False,False,16000.0
100000008771627100,terminal,0.603,1,0.0706,"Принял 16 тыс ₸ от 1 плательщика и удержал 16 тыс ₸; обход на колене 2 не обрывался, значит отсутствие исходящих — поведение, а не артефакт.",2,False,1,0,16500.0,0.0,1,0,0.0,16500.0,0.00029117,0.0,0.0,0.0,1,0,2,1,0.0,1.0,0.0,0.0,0,0,0,False,False,16500.0
100000001389255100,terminal,0.602,1,0.0705,"Принял 16 тыс ₸ от 1 плательщика и удержал 16 тыс ₸; обход на колене 1 не обрывался, значит отсутствие исходящих — поведение, а не артефакт.",1,False,1,0,16136.0,0.0,1,0,0.0,16136.0,0.00028896,0.0,0.0,0.0,1,1,1,1,0.0,1.0,0.0,0.0,0,0,0,False,False,16136.0
100000005847078100,terminal,0.602,1,0.0705,"Принял 16 тыс ₸ от 1 плательщика и удержал 16 тыс ₸; обход на колене 3 не обрывался, значит отсутствие исходящих — поведение, а не артефакт.",3,False,1,0,16300.0,0.0,1,0,0.0,16300.0,0.00028811,0.0,0.0,0.0,1,0,3,1,0.0,1.0,0.0,0.0,0,0,0,False,False,16300.0
100000008664774100,terminal,0.602,1,0.0705,"Принял 16 тыс ₸ от 1 плательщика и удержал 16 тыс ₸; обход на колене 3 не обрывался, значит отсутствие исходящих — поведение, а не артефакт.",3,False,1,0,16300.0,0.0,1,0,0.0,16300.0,0.00028811,0.0,0.0,0.0,1,0,3,1,0.0,1.0,0.0,0.0,0,0,0,False,False,16300.0
100000008668099100,terminal,0.6,1,0.0705,"Принял 16 тыс ₸ от 1 плательщика и удержал 16 тыс ₸; обход на колене 3 не обрывался, значит отсутствие исходящих — поведение, а не артефакт.",3,False,1,0,15700.0,0.0,1,0,0.0,15700.0,0.00028802,0.0,0.0,0.0,1,0,3,1,0.0,1.0,0.0,0.0,0,0,0,False,False,15700.0
100000008686494100,terminal,0.6,1,0.0705,"Принял 16 тыс ₸ от 1 плательщика и удержал 16 тыс ₸; обход на колене 3 не обрывался, значит отсутствие исходящих — поведение, а не артефакт.",3,False,1,0,15700.0,0.0,1,0,0.0,15700.0,0.00028802,0.0,0.0,0.0,1,0,3,1,0.0,1.0,0.0,0.0,0,0,0,False,False,15700.0
100000008716773100,terminal,0.6,1,0.0705,"Принял 16 тыс ₸ от 1 плательщика и удержал 16 тыс ₸; обход на колене 1 не обрывался, значит отсутствие исходящих — поведение, а не артефакт.",1,False,1,0,15677.0,0.0,1,0,0.0,15677.0,0.00028886,0.0,0.0,0.0,1,1,1,1,0.0,1.0,0.0,0.0,0,0,0,False,False,15677.0
100000008720668100,terminal,0.602,1,0.0705,"Принял 16 тыс ₸ от 1 плательщика и удержал 16 тыс ₸; обход на колене 3 не обрывался, значит отсутствие исходящих — поведение, а не артефакт.",3,False,1,0,16000.0,0.0,1,0,0.0,16000.0,0.00028807,0.0,0.0,0.0,1,0,3,1,0.0,1.0,0.0,0.0,0,0,0,False,False,16000.0
100000008732098100,terminal,0.6,1,0.0705,"Принял 16 тыс ₸ от 1 плательщика и удержал 16 тыс ₸; обход на колене 1 не обрывался, значит отсутствие исходящих — поведение, а не артефакт.",1,False,1,0,15677.0,0.0,1,0,0.0,15677.0,0.00028886,0.0,0.0,0.0,1,1,1,1,0.0,1.0,0.0,0.0,0,0,0,False,False,15677.0
100000008755580100,terminal,0.602,1,0.0705,"Принял 16 тыс ₸ от 1 плательщика и удержал 16 тыс ₸; обход на колене 3 не обрывался, значит отсутствие исходящих — поведение, а не артефакт.",3,False,1,0,16000.0,0.0,1,0,0.0,16000.0,0.00028807,0.0,0.0,0.0,1,0,3,1,0.0,1.0,0.0,0.0,0,0,0,False,False,16000.0
100000000661131100,terminal,0.599,1,0.0704,"Принял 16 тыс ₸ от 1 плательщика и удержал 16 тыс ₸; обход на колене 3 не обрывался, значит отсутствие исходящих — поведение, а не артефакт.",3,False,1,0,15600.0,0.0,1,0,0.0,15600.0,0.000288,0.0,0.0,0.0,1,0,3,1,0.0,1.0,0.0,0.0,0,0,0,False,False,15600.0
100000000968253100,terminal,0.597,1,0.0704,"Принял 15 тыс ₸ от 1 плательщика и удержал 15 тыс ₸; обход на колене 1 не обрывался, значит отсутствие исходящих — поведение, а не артефакт.",1,False,1,0,15000.0,0.0,1,0,0.0,15000.0,0.00028872,0.0,0.0,0.0,1,1,1,1,0.0,1.0,0.0,0.0,0,0,0,False,False,15000.0
100000001953577100,terminal,0.599,1,0.0704,"Принял 16 тыс ₸ от 1 плательщика и удержал 16 тыс ₸; обход на колене 1 не обрывался, значит отсутствие исходящих — поведение, а не артефакт.",1,False,1,0,15600.0,0.0,1,0,0.0,15600.0,0.00028884,0.0,0.0,0.0,1,1,1,1,0.0,1.0,0.0,0.0,0,0,0,False,False,15600.0
100000002744581100,terminal,0.584,6,0.0704,"Принял 12 тыс ₸ от 1 плательщика и удержал 12 тыс ₸; обход на колене 2 не обрывался, значит отсутствие исходящих — поведение, а не артефакт.",2,False,1,0,12000.0,0.0,1,0,0.0,12000.0,0.00032496,0.0,0.0,0.0,1,0,2,1,0.0,1.0,0.0,0.0,0,0,0,False,False,12000.0
100000004497606100,terminal,0.599,1,0.0704,"Принял 16 тыс ₸ от 1 плательщика и удержал 16 тыс ₸; обход на колене 1 не обрывался, значит отсутствие исходящих — поведение, а не артефакт.",1,False,1,0,15534.0,0.0,1,0,0.0,15534.0,0.00028883,0.0,0.0,0.0,1,1,1,1,0.0,1.0,0.0,0.0,0,0,0,False,False,15534.0
100000007631637100,terminal,0.598,1,0.0704,"Принял 15 тыс ₸ от 1 плательщика и удержал 15 тыс ₸; обход на колене 1 не обрывался, значит отсутствие исходящих — поведение, а не артефакт.",1,False,1,0,15341.0,0.0,1,0,0.0,15341.0,0.00028879,0.0,0.0,0.0,1,1,1,1,0.0,1.0,0.0,0.0,0,0,0,False,False,15341.0
100000008663723100,terminal,0.599,1,0.0704,"Принял 16 тыс ₸ от 1 плательщика и удержал 16 тыс ₸; обход на колене 3 не обрывался, значит отсутствие исходящих — поведение, а не артефакт.",3,False,1,0,15600.0,0.0,1,0,0.0,15600.0,0.000288,0.0,0.0,0.0,1,0,3,1,0.0,1.0,0.0,0.0,0,0,0,False,False,15600.0
100000008670667100,terminal,0.599,1,0.0704,"Принял 16 тыс ₸ от 1 плательщика и удержал 16 тыс ₸; обход на колене 1 не обрывался, значит отсутствие исходящих — поведение, а не артефакт.",1,False,1,0,15534.0,0.0,1,0,0.0,15534.0,0.00028883,0.0,0.0,0.0,1,1,1,1,0.0,1.0,0.0,0.0,0,0,0,False,False,15534.0
100000008672162100,terminal,0.599,1,0.0704,"Принял 16 тыс ₸ от 1 плательщика и удержал 16 тыс ₸; обход на колене 1 не обрывался, значит отсутствие исходящих — поведение, а не артефакт.",1,False,1,0,15550.0,0.0,1,0,0.0,15550.0,0.00028883,0.0,0.0,0.0,1,1,1,1,0.0,1.0,0.0,0.0,0,0,0,False,False,15550.0
100000008687492100,terminal,0.597,1,0.0704,"Принял 15 тыс ₸ от 1 плательщика и удержал 15 тыс ₸; обход на колене 2 не обрывался, значит отсутствие исходящих — поведение, а не артефакт.",2,False,1,0,15000.0,0.0,1,0,0.0,15000.0,0.00029066,0.0,0.0,0.0,1,0,2,1,0.0,1.0,0.0,0.0,0,0,0,False,False,15000.0
100000008708743100,terminal,0.599,1,0.0704,"Принял 16 тыс ₸ от 1 плательщика и удержал 16 тыс ₸; обход на колене 3 не обрывался, значит отсутствие исходящих — поведение, а не артефакт.",3,False,1,0,15550.0,0.0,1,0,0.0,15550.0,0.000288,0.0,0.0,0.0,1,0,3,1,0.0,1.0,0.0,0.0,0,0,0,False,False,15550.0
100000008718089100,terminal,0.599,1,0.0704,"Принял 16 тыс ₸ от 1 плательщика и удержал 16 тыс ₸; обход на колене 1 не обрывался, значит отсутствие исходящих — поведение, а не артефакт.",1,False,1,0,15534.0,0.0,1,0,0.0,15534.0,0.00028883,0.0,0.0,0.0,1,1,1,1,0.0,1.0,0.0,0.0,0,0,0,False,False,15534.0
100000008720798100,terminal,0.599,1,0.0704,"Принял 16 тыс ₸ от 1 плательщика и удержал 16 тыс ₸; обход на колене 1 не обрывался, значит отсутствие исходящих — поведение, а не артефакт.",1,False,1,0,15534.0,0.0,1,0,0.0,15534.0,0.00028883,0.0,0.0,0.0,1,1,1,1,0.0,1.0,0.0,0.0,0,0,0,False,False,15534.0
100000004950490100,terminal,0.579,6,0.0703,"Принял 10 тыс ₸ от 1 плательщика и удержал 10 тыс ₸; обход на колене 2 не обрывался, значит отсутствие исходящих — поведение, а не артефакт.",2,False,1,0,10000.0,0.0,1,0,0.0,10000.0,0.00033064,0.0,0.0,0.0,1,0,2,1,0.0,1.0,0.0,0.0,0,0,0,False,False,10000.0
100000002830055100,terminal,0.591,1,0.0702,"Принял 14 тыс ₸ от 1 плательщика и удержал 14 тыс ₸; обход на колене 1 не обрывался, значит отсутствие исходящих — поведение, а не артефакт.",1,False,1,0,14000.0,0.0,1,0,0.0,14000.0,0.00028851,0.0,0.0,0.0,1,1,1,1,0.0,1.0,0.0,0.0,0,0,0,False,False,14000.0
100000002992171100,terminal,0.592,1,0.0702,"Принял 15 тыс ₸ от 1 плательщика и удержал 15 тыс ₸; обход на колене 1 не обрывался, значит отсутствие исходящих — поведение, а не артефакт.",1,False,1,0,14627.0,0.0,1,0,0.0,14627.0,0.00028864,0.0,0.0,0.0,1,1,1,1,0.0,1.0,0.0,0.0,0,0,0,False,False,14627.0
100000008548853100,terminal,0.591,1,0.0702,"Принял 14 тыс ₸ от 1 плательщика и удержал 14 тыс ₸; обход на колене 3 не обрывался, значит отсутствие исходящих — поведение, а не артефакт.",3,False,1,0,14000.0,0.0,1,0,0.0,14000.0,0.00028775,0.0,0.0,0.0,1,0,3,1,0.0,1.0,0.0,0.0,0,0,0,False,False,14000.0
100000008663007100,terminal,0.591,1,0.0702,"Принял 14 тыс ₸ от 1 плательщика и удержал 14 тыс ₸; обход на колене 1 не обрывался, значит отсутствие исходящих — поведение, а не артефакт.",1,False,1,0,14000.0,0.0,1,0,0.0,14000.0,0.00028851,0.0,0.0,0.0,1,1,1,1,0.0,1.0,0.0,0.0,0,0,0,False,False,14000.0
100000008672493100,terminal,0.591,1,0.0702,"Принял 14 тыс ₸ от 1 плательщика и удержал 14 тыс ₸; обход на колене 3 не обрывался, значит отсутствие исходящих — поведение, а не артефакт.",3,False,1,0,14000.0,0.0,1,0,0.0,14000.0,0.00028775,0.0,0.0,0.0,1,0,3,1,0.0,1.0,0.0,0.0,0,0,0,False,False,14000.0
100000008687733100,terminal,0.592,1,0.0702,"Принял 15 тыс ₸ от 1 плательщика и удержал 15 тыс ₸; обход на колене 3 не обрывался, значит отсутствие исходящих — поведение, а не артефакт.",3,False,1,0,14650.0,0.0,1,0,0.0,14650.0,0.00028786,0.0,0.0,0.0,1,0,3,1,0.0,1.0,0.0,0.0,0,0,0,False,False,14650.0
100000008706846100,terminal,0.592,1,0.0702,"Принял 14 тыс ₸ от 1 плательщика и удержал 14 тыс ₸; обход на колене 3 не обрывался, значит отсутствие исходящих — поведение, а не артефакт.",3,False,1,0,14200.0,0.0,1,0,0.0,14200.0,0.00028779,0.0,0.0,0.0,1,0,3,1,0.0,1.0,0.0,0.0,0,0,0,False,False,14200.0
100000008717341100,terminal,0.592,1,0.0702,"Принял 15 тыс ₸ от 1 плательщика и удержал 15 тыс ₸; обход на колене 1 не обрывался, значит отсутствие исходящих — поведение, а не артефакт.",1,False,1,0,14627.0,0.0,1,0,0.0,14627.0,0.00028864,0.0,0.0,0.0,1,1,1,1,0.0,1.0,0.0,0.0,0,0,0,False,False,14627.0
100000008755361100,terminal,0.592,1,0.0702,"Принял 15 тыс ₸ от 1 плательщика и удержал 15 тыс ₸; обход на колене 1 не обрывался, значит отсутствие исходящих — поведение, а не артефакт.",1,False,1,0,14627.0,0.0,1,0,0.0,14627.0,0.00028864,0.0,0.0,0.0,1,1,1,1,0.0,1.0,0.0,0.0,0,0,0,False,False,14627.0
100000008776576100,terminal,0.593,1,0.0702,"Принял 15 тыс ₸ от 1 плательщика и удержал 15 тыс ₸; обход на колене 1 не обрывался, значит отсутствие исходящих — поведение, а не артефакт.",1,False,1,0,14765.0,0.0,1,0,0.0,14765.0,0.00028867,0.0,0.0,0.0,1,1,1,1,0.0,1.0,0.0,0.0,0,0,0,False,False,14765.0
100000001716579100,terminal,0.59,1,0.0701,"Принял 14 тыс ₸ от 1 плательщика и удержал 14 тыс ₸; обход на колене 1 не обрывался, значит отсутствие исходящих — поведение, а не артефакт.",1,False,1,0,13916.0,0.0,1,0,0.0,13916.0,0.00028849,0.0,0.0,0.0,1,1,1,1,0.0,1.0,0.0,0.0,0,0,0,False,False,13916.0
100000008672480100,terminal,0.588,1,0.0701,"Принял 13 тыс ₸ от 1 плательщика и удержал 13 тыс ₸; обход на колене 2 не обрывался, значит отсутствие исходящих — поведение, а не артефакт.",2,False,1,0,13000.0,0.0,1,0,0.0,13000.0,0.00028998,0.0,0.0,0.0,1,0,2,1,0.0,1.0,0.0,0.0,0,0,0,False,False,13000.0
100000008672762100,terminal,0.588,1,0.0701,"Принял 13 тыс ₸ от 1 плательщика и удержал 13 тыс ₸; обход на колене 2 не обрывался, значит отсутствие исходящих — поведение, а не артефакт.",2,False,1,0,13000.0,0.0,1,0,0.0,13000.0,0.00028998,0.0,0.0,0.0,1,0,2,1,0.0,1.0,0.0,0.0,0,0,0,False,False,13000.0
100000008764436100,terminal,0.588,1,0.0701,"Принял 13 тыс ₸ от 1 плательщика и удержал 13 тыс ₸; обход на колене 2 не обрывался, значит отсутствие исходящих — поведение, а не артефакт.",2,False,1,0,13100.0,0.0,1,0,0.0,13100.0,0.00029002,0.0,0.0,0.0,1,0,2,1,0.0,1.0,0.0,0.0,0,0,0,False,False,13100.0
100000001860090100,terminal,0.553,6,0.07,"Принял 5 тыс ₸ от 1 плательщика и удержал 5 тыс ₸; обход на колене 3 не обрывался, значит отсутствие исходящих — поведение, а не артефакт.",3,False,1,0,5000.0,0.0,1,0,0.0,5000.0,0.00037804,0.0,0.0,0.0,1,0,3,1,0.0,1.0,0.0,0.0,0,0,0,False,False,5000.0
100000002646745100,terminal,0.586,1,0.07,"Принял 12 тыс ₸ от 1 плательщика и удержал 12 тыс ₸; обход на колене 3 не обрывался, значит отсутствие исходящих — поведение, а не артефакт.",3,False,1,0,12300.0,0.0,1,0,0.0,12300.0,0.00028749,0.0,0.0,0.0,1,0,3,1,0.0,1.0,0.0,0.0,0,0,0,False,False,12300.0
100000002671806100,terminal,0.586,11,0.07,"Принял 12 тыс ₸ от 1 плательщика и удержал 12 тыс ₸; обход на колене 1 не обрывался, значит отсутствие исходящих — поведение, а не артефакт.",1,False,1,0,12440.0,0.0,1,0,0.0,12440.0,0.00028763,0.0,0.0,1.01e-05,1,1,1,1,0.0,1.0,0.0,0.0,0,0,0,False,False,12440.0
100000005089460100,terminal,0.586,1,0.07,"Принял 12 тыс ₸ от 1 плательщика и удержал 12 тыс ₸; обход на колене 3 не обрывался, значит отсутствие исходящих — поведение, а не артефакт.",3,False,1,0,12300.0,0.0,1,0,0.0,12300.0,0.00028749,0.0,0.0,0.0,1,0,3,1,0.0,1.0,0.0,0.0,0,0,0,False,False,12300.0
100000005588444100,terminal,0.586,6,0.07,"Принял 12 тыс ₸ от 1 плательщика и удержал 12 тыс ₸; обход на колене 1 не обрывался, значит отсутствие исходящих — поведение, а не артефакт.",1,False,1,0,12300.0,0.0,1,0,0.0,12300.0,0.00028627,0.0,0.0,4.34e-06,1,1,1,1,0.0,1.0,0.0,0.0,0,0,0,False,False,12300.0
100000008129393100,terminal,0.579,49,0.07,"Принял 10 тыс ₸ от 1 плательщика и удержал 10 тыс ₸; обход на колене 1 не обрывался, значит отсутствие исходящих — поведение, а не артефакт.",1,False,1,0,10000.0,0.0,1,0,0.0,10000.0,0.0003117,0.0,0.0,0.0,1,1,1,1,0.0,1.0,0.0,0.0,0,0,0,False,False,10000.0
100000008190442100,terminal,0.588,1,0.07,"Принял 13 тыс ₸ от 1 плательщика и удержал 13 тыс ₸; обход на колене 3 не обрывался, значит отсутствие исходящих — поведение, а не артефакт.",3,False,1,0,13000.0,0.0,1,0,0.0,13000.0,0.0002876,0.0,0.0,0.0,1,0,3,1,0.0,1.0,0.0,0.0,0,0,0,False,False,13000.0
100000008688109100,terminal,0.587,1,0.07,"Принял 13 тыс ₸ от 1 плательщика и удержал 13 тыс ₸; обход на колене 3 не обрывался, значит отсутствие исходящих — поведение, а не артефакт.",3,False,1,0,12800.0,0.0,1,0,0.0,12800.0,0.00028757,0.0,0.0,0.0,1,0,3,1,0.0,1.0,0.0,0.0,0,0,0,False,False,12800.0
100000008744799100,terminal,0.586,1,0.07,"Принял 13 тыс ₸ от 1 плательщика и удержал 13 тыс ₸; обход на колене 3 не обрывался, значит отсутствие исходящих — поведение, а не артефакт.",3,False,1,0,12600.0,0.0,1,0,0.0,12600.0,0.00028754,0.0,0.0,0.0,1,0,3,1,0.0,1.0,0.0,0.0,0,0,0,False,False,12600.0
100000008754608100,terminal,0.586,1,0.07,"Принял 12 тыс ₸ от 1 плательщика и удержал 12 тыс ₸; обход на колене 3 не обрывался, значит отсутствие исходящих — поведение, а не артефакт.",3,False,1,0,12300.0,0.0,1,0,0.0,12300.0,0.00028749,0.0,0.0,0.0,1,0,3,1,0.0,1.0,0.0,0.0,0,0,0,False,False,12300.0
100000000955444100,terminal,0.56,42,0.0699,"Принял 7 тыс ₸ от 1 плательщика и удержал 7 тыс ₸; обход на колене 2 не обрывался, значит отсутствие исходящих — поведение, а не артефакт.",2,False,1,0,6910.0,0.0,1,0,0.0,6910.0,0.00035253,0.0,0.0,0.0,1,0,2,1,0.0,1.0,0.0,0.0,0,0,0,False,False,6910.0
100000001149815100,terminal,0.584,1,0.0699,"Принял 12 тыс ₸ от 1 плательщика и удержал 12 тыс ₸; обход на колене 3 не обрывался, значит отсутствие исходящих — поведение, а не артефакт.",3,False,1,0,12000.0,0.0,1,0,0.0,12000.0,0.00028744,0.0,0.0,0.0,1,0,3,1,0.0,1.0,0.0,0.0,0,0,0,False,False,12000.0
100000004388209100,terminal,0.583,1,0.0699,"Принял 12 тыс ₸ от 1 плательщика и удержал 12 тыс ₸; обход на колене 1 не обрывался, значит отсутствие исходящих — поведение, а не артефакт.",1,False,1,0,11800.0,0.0,1,0,0.0,11800.0,0.00028805,0.0,0.0,0.0,1,1,1,1,0.0,1.0,0.0,0.0,0,0,0,False,False,11800.0
100000008586731100,terminal,0.584,11,0.0699,"Принял 12 тыс ₸ от 1 плательщика и удержал 12 тыс ₸; обход на колене 1 не обрывался, значит отсутствие исходящих — поведение, а не артефакт.",1,False,1,0,12000.0,0.0,1,0,0.0,12000.0,0.00028756,0.0,0.0,1.01e-05,1,1,1,1,0.0,1.0,0.0,0.0,0,0,0,False,False,12000.0
100000008716072100,terminal,0.584,1,0.0699,"Принял 12 тыс ₸ от 1 плательщика и удержал 12 тыс ₸; обход на колене 3 не обрывался, значит отсутствие исходящих — поведение, а не артефакт.",3,False,1,0,12100.0,0.0,1,0,0.0,12100.0,0.00028746,0.0,0.0,0.0,1,0,3,1,0.0,1.0,0.0,0.0,0,0,0,False,False,12100.0
100000008716439100,terminal,0.585,1,0.0699,"Принял 12 тыс ₸ от 1 плательщика и удержал 12 тыс ₸; обход на колене 1 не обрывался, значит отсутствие исходящих — поведение, а не артефакт.",1,False,1,0,12267.0,0.0,1,0,0.0,12267.0,0.00028814,0.0,0.0,0.0,1,1,1,1,0.0,1.0,0.0,0.0,0,0,0,False,False,12267.0
100000002750332100,terminal,0.582,7,0.0698,"Принял 11 тыс ₸ от 1 плательщика и удержал 11 тыс ₸; обход на колене 1 не обрывался, значит отсутствие исходящих — поведение, а не артефакт.",1,False,1,0,11360.0,0.0,1,0,0.0,11360.0,0.00028679,0.0,0.0,2.275e-05,1,1,1,1,0.0,1.0,0.0,0.0,0,0,0,False,False,11360.0
100000002844897100,terminal,0.58,7,0.0698,"Принял 11 тыс ₸ от 1 плательщика и удержал 11 тыс ₸; обход на колене 1 не обрывался, значит отсутствие исходящих — поведение, а не артефакт.",1,False,1,0,10800.0,0.0,1,0,0.0,10800.0,0.00028673,0.0,0.0,2.275e-05,1,1,1,1,0.0,1.0,0.0,0.0,0,0,0,False,False,10800.0
100000008489604100,terminal,0.582,1,0.0698,"Принял 11 тыс ₸ от 1 плательщика и удержал 11 тыс ₸; обход на колене 3 не обрывался, значит отсутствие исходящих — поведение, а не артефакт.",3,False,1,0,11000.0,0.0,1,0,0.0,11000.0,0.00028729,0.0,0.0,0.0,1,0,3,1,0.0,1.0,0.0,0.0,0,0,0,False,False,11000.0
100000000625169100,terminal,0.579,1,0.0697,"Принял 10 тыс ₸ от 1 плательщика и удержал 10 тыс ₸; обход на колене 2 не обрывался, значит отсутствие исходящих — поведение, а не артефакт.",2,False,1,0,10000.0,0.0,1,0,0.0,10000.0,0.00028897,0.0,0.0,0.0,1,0,2,1,0.0,1.0,0.0,0.0,0,0,0,False,False,10000.0
100000004007197100,terminal,0.579,23,0.0697,"Принял 10 тыс ₸ от 1 плательщика и удержал 10 тыс ₸; обход на колене 3 не обрывался, значит отсутствие исходящих — поведение, а не артефакт.",3,False,1,0,10048.0,0.0,1,0,0.0,10048.0,0.00028769,0.0,0.0,0.0,1,0,3,1,0.0,1.0,0.0,0.0,0,0,0,False,False,10048.0
100000007510875100,terminal,0.553,7,0.0697,"Принял 5 тыс ₸ от 1 плательщика и удержал 5 тыс ₸; обход на колене 3 не обрывался, значит отсутствие исходящих — поведение, а не артефакт.",3,False,1,0,5000.0,0.0,1,0,0.0,5000.0,0.00035625,0.0,0.0,1.8e-07,1,0,3,1,0.0,1.0,0.0,0.0,0,0,0,False,False,5000.0
100000008463968100,terminal,0.579,1,0.0697,"Принял 10 тыс ₸ от 1 плательщика и удержал 10 тыс ₸; обход на колене 3 не обрывался, значит отсутствие исходящих — поведение, а не артефакт.",3,False,1,0,10000.0,0.0,1,0,0.0,10000.0,0.00028713,0.0,0.0,0.0,1,0,3,1,0.0,1.0,0.0,0.0,0,0,0,False,False,10000.0
100000008478414100,terminal,0.579,1,0.0697,"Принял 10 тыс ₸ от 1 плательщика и удержал 10 тыс ₸; обход на колене 2 не обрывался, значит отсутствие исходящих — поведение, а не артефакт.",2,False,1,0,10000.0,0.0,1,0,0.0,10000.0,0.00028897,0.0,0.0,0.0,1,0,2,1,0.0,1.0,0.0,0.0,0,0,0,False,False,10000.0
100000001287955100,peripheral,0.6,12,0.0694,"Вход: 1 плательщика (18 тыс ₸), выход: 4 получателей (310 тыс ₸) — ни один порог роли не пройден. Точка сочленения: изъятие разрывает связность сети.",2,False,1,4,17520.0,310000.0,1,5,17.6941,0.0,0.00029392,0.0006803,2.207e-05,2.323e-05,1,0,2,4,0.741,1.0,2.0,6.0,0,0,0,True,False,327520.0
100000002152857100,peripheral,0.6,25,0.0693,"Вход: 1 плательщика (105 тыс ₸), выход: 5 получателей (1.2 млн ₸) — ни один порог роли не пройден. Отдаёт в 12× больше видимых входящих: источник вне выгрузки.",1,False,1,5,105000.0,1230000.0,1,6,11.7143,0.0,0.00029971,0.00031347,2.298e-05,4.09e-05,1,1,1,3,0.5854,1.0,2.0,2.0,0,0,0,True,False,1335000.0
100000005807278100,terminal,0.565,44,0.0693,"Принял 8 тыс ₸ от 1 плательщика и удержал 8 тыс ₸; обход на колене 1 не обрывался, значит отсутствие исходящих — поведение, а не артефакт.",1,False,1,0,8385.0,0.0,1,0,0.0,8385.0,0.00029296,0.0,0.0,0.0,1,1,1,1,0.0,1.0,0.0,0.0,0,0,0,False,False,8385.0
100000008672200100,terminal,0.566,1,0.0693,"Принял 9 тыс ₸ от 1 плательщика и удержал 9 тыс ₸; обход на колене 1 не обрывался, значит отсутствие исходящих — поведение, а не артефакт.",1,False,1,0,8511.0,0.0,1,0,0.0,8511.0,0.00028736,0.0,0.0,0.0,1,1,1,1,0.0,1.0,0.0,0.0,0,0,0,False,False,8511.0
100000008708061100,terminal,0.566,1,0.0693,"Принял 9 тыс ₸ от 1 плательщика и удержал 9 тыс ₸; обход на колене 3 не обрывался, значит отсутствие исходящих — поведение, а не артефакт.",3,False,1,0,8650.0,0.0,1,0,0.0,8650.0,0.00028692,0.0,0.0,0.0,1,0,3,1,0.0,1.0,0.0,0.0,0,0,0,False,False,8650.0
100000008750464100,terminal,0.566,1,0.0693,"Принял 8 тыс ₸ от 1 плательщика и удержал 8 тыс ₸; обход на колене 3 не обрывался, значит отсутствие исходящих — поведение, а не артефакт.",3,False,1,0,8500.0,0.0,1,0,0.0,8500.0,0.0002869,0.0,0.0,0.0,1,0,3,1,0.0,1.0,0.0,0.0,0,0,0,False,False,8500.0
100000008755754100,terminal,0.562,12,0.0693,"Принял 7 тыс ₸ от 1 плательщика и удержал 7 тыс ₸; обход на колене 3 не обрывался, значит отсутствие исходящих — поведение, а не артефакт.",3,False,1,0,7000.0,0.0,1,0,0.0,7000.0,0.0002959,0.0,0.0,0.0,1,0,3,1,0.0,1.0,0.0,0.0,0,0,0,False,False,7000.0
100000008537380100,terminal,0.565,1,0.0692,"Принял 8 тыс ₸ от 1 плательщика и удержал 8 тыс ₸; обход на колене 3 не обрывался, значит отсутствие исходящих — поведение, а не артефакт.",3,False,1,0,8000.0,0.0,1,0,0.0,8000.0,0.00028682,0.0,0.0,0.0,1,0,3,1,0.0,1.0,0.0,0.0,0,0,0,False,False,8000.0
100000003377795100,terminal,0.562,6,0.0691,"Принял 7 тыс ₸ от 1 плательщика и удержал 7 тыс ₸; обход на колене 1 не обрывался, значит отсутствие исходящих — поведение, а не артефакт.",1,False,1,0,7000.0,0.0,1,0,0.0,7000.0,0.00028597,0.0,0.0,4.34e-06,1,1,1,1,0.0,1.0,0.0,0.0,0,0,0,False,False,7000.0
100000004592467100,terminal,0.562,2,0.0691,"Принял 7 тыс ₸ от 1 плательщика и удержал 7 тыс ₸; обход на колене 2 не обрывался, значит отсутствие исходящих — поведение, а не артефакт.",2,False,1,0,7000.0,0.0,1,0,0.0,7000.0,0.00028662,0.0,0.0,6.212e-05,1,0,2,1,0.0,1.0,0.0,0.0,0,0,0,False,False,7000.0
100000000718427100,terminal,0.558,1,0.069,"Принял 6 тыс ₸ от 1 плательщика и удержал 6 тыс ₸; обход на колене 2 не обрывался, значит отсутствие исходящих — поведение, а не артефакт.",2,False,1,0,6000.0,0.0,1,0,0.0,6000.0,0.00028761,0.0,0.0,0.0,1,0,2,1,0.0,1.0,0.0,0.0,0,0,0,False,False,6000.0
100000002346166100,terminal,0.558,1,0.069,"Принял 6 тыс ₸ от 1 плательщика и удержал 6 тыс ₸; обход на колене 3 не обрывался, значит отсутствие исходящих — поведение, а не артефакт.",3,False,1,0,6000.0,0.0,1,0,0.0,6000.0,0.00028651,0.0,0.0,0.0,1,0,3,1,0.0,1.0,0.0,0.0,0,0,0,False,False,6000.0
100000002762076100,peripheral,0.6,6,0.069,"Вход: 2 плательщиков (140 тыс ₸), выход: 1 получателя (30 тыс ₸) — ни один порог роли не пройден. Точка сочленения: изъятие разрывает связность сети.",1,False,2,1,140350.0,30000.0,2,1,0.2138,110350.0,0.00029915,4e-07,0.0,1.444e-05,2,2,1,2,0.0,1.0,1.0,-4.0,0,0,0,True,False,170350.0
100000000307908100,terminal,0.553,43,0.0689,"Принял 5 тыс ₸ от 1 плательщика и удержал 5 тыс ₸; обход на колене 2 не обрывался, значит отсутствие исходящих — поведение, а не артефакт.",2,False,1,0,5000.0,0.0,1,0,0.0,5000.0,0.00029643,0.0,0.0,0.0,1,0,2,1,0.0,1.0,0.0,0.0,0,0,0,False,False,5000.0
100000002614095100,terminal,0.555,1,0.0689,"Принял 5 тыс ₸ от 1 плательщика и удержал 5 тыс ₸; обход на колене 3 не обрывался, значит отсутствие исходящих — поведение, а не артефакт.",3,False,1,0,5300.0,0.0,1,0,0.0,5300.0,0.0002864,0.0,0.0,0.0,1,0,3,1,0.0,1.0,0.0,0.0,0,0,0,False,False,5300.0
100000008042075100,terminal,0.553,24,0.0689,"Принял 5 тыс ₸ от 1 плательщика и удержал 5 тыс ₸; обход на колене 3 не обрывался, значит отсутствие исходящих — поведение, а не артефакт.",3,False,1,0,5000.0,0.0,1,0,0.0,5000.0,0.00029196,0.0,0.0,0.0,1,0,3,1,0.0,1.0,0.0,0.0,0,0,0,False,False,5000.0
100000008488166100,terminal,0.556,1,0.0689,"Принял 6 тыс ₸ от 1 плательщика и удержал 6 тыс ₸; обход на колене 3 не обрывался, значит отсутствие исходящих — поведение, а не артефакт.",3,False,1,0,5600.0,0.0,1,0,0.0,5600.0,0.00028644,0.0,0.0,0.0,1,0,3,1,0.0,1.0,0.0,0.0,0,0,0,False,False,5600.0
100000006490557100,terminal,0.553,6,0.0688,"Принял 5 тыс ₸ от 1 плательщика и удержал 5 тыс ₸; обход на колене 2 не обрывался, значит отсутствие исходящих — поведение, а не артефакт.",2,False,1,0,5000.0,0.0,1,0,0.0,5000.0,0.00028616,0.0,0.0,0.0,1,0,2,1,0.0,1.0,0.0,0.0,0,0,0,False,False,5000.0
100000004398811100,peripheral,0.6,2,0.0652,"Вход: 1 плательщика (426 тыс ₸), выход: 3 получателей (1.0 млн ₸) — ни один порог роли не пройден. Точка сочленения: изъятие разрывает связность сети.",2,False,1,3,426000.0,1040672.0,1,4,2.4429,0.0,0.00034969,1.49e-06,0.00020283,6.212e-05,1,0,2,2,0.3949,1.0,1.0,4.0,0,0,0,True,False,1466672.0
100000001330595100,peripheral,0.6,23,0.0635,"Вход: 3 плательщиков (87 тыс ₸), выход: 1 получателя (154 тыс ₸) — ни один порог роли не пройден. Точка сочленения: изъятие разрывает связность сети.",2,False,3,1,87000.0,154000.0,6,1,1.7701,0.0,0.00067557,1.19e-06,0.0,0.0,1,0,2,1,0.0,2.0,1.0,12.0,0,0,0,True,False,241000.0
100000006240939100,peripheral,0.6,25,0.063,"Вход: 1 плательщика (160 тыс ₸), выход: 5 получателей (778 тыс ₸) — ни один порог роли не пройден. Точка сочленения: изъятие разрывает связность сети.",2,False,1,5,160000.0,778015.0,1,5,4.8626,0.0,0.00031875,4.16e-06,2.537e-05,4.3e-07,1,0,2,2,0.212,1.0,2.0,0.0,0,0,0,True,False,938015.0
100000002748180100,peripheral,0.6,12,0.0625,"Вход: 1 плательщика (10 тыс ₸), выход: 8 получателей (680 тыс ₸) — ни один порог роли не пройден. Точка сочленения: изъятие разрывает связность сети.",1,False,1,8,9900.0,679743.0,1,9,68.6609,0.0,0.00028721,8.52e-06,2.19e-06,1.01e-05,1,1,1,4,0.2648,1.0,3.0,17.0,0,0,0,True,False,689643.0
100000006888238100,peripheral,0.6,57,0.061,"Вход: 1 плательщика (18 тыс ₸), выход: 1 получателя (30 тыс ₸) — ни один порог роли не пройден. Точка сочленения: изъятие разрывает связность сети.",2,False,1,1,18000.0,30000.0,1,1,1.6667,0.0,0.00060975,4e-07,0.0,0.0,1,0,2,1,0.0,1.0,1.0,-5.0,0,0,0,True,False,48000.0
100000001782980100,peripheral,0.6,29,0.0607,"Вход: 1 плательщика (50 тыс ₸), выход: 1 получателя (596 тыс ₸) — ни один порог роли не пройден. Точка сочленения: изъятие разрывает связность сети.",2,False,1,1,50000.0,596200.0,1,3,11.924,0.0,0.00037028,5.9e-07,0.0,0.0,1,0,2,1,0.0,1.0,1.0,17.0,0,0,0,True,False,646200.0
100000004644615100,peripheral,0.6,9,0.0601,"Вход: 1 плательщика (51 тыс ₸), выход: 2 получателей (380 тыс ₸) — ни один порог роли не пройден. Точка сочленения: изъятие разрывает связность сети.",3,False,1,2,50810.0,379665.0,1,14,7.4722,0.0,0.00037437,1.19e-06,0.0,2.5e-07,1,0,3,1,0.0458,1.0,2.0,23.0,0,0,0,True,False,430475.0
100000008738325100,peripheral,0.6,20,0.0601,"Вход: 1 плательщика (37 тыс ₸), выход: 1 получателя (54 тыс ₸) — ни один порог роли не пройден. Точка сочленения: изъятие разрывает связность сети.",0,True,1,1,36550.0,54000.0,1,1,1.4774,0.0,0.00052859,2e-07,1.25e-06,0.0,1,1,0,1,0.0,1.0,1.0,-2.0,0,0,0,True,False,90550.0
100000000703894100,peripheral,0.6,29,0.0597,"Вход: 1 плательщика (120 тыс ₸), выход: 1 получателя (35 тыс ₸) — ни один порог роли не пройден. Точка сочленения: изъятие разрывает связность сети.",1,False,1,1,120000.0,35000.0,1,1,0.2917,85000.0,0.00047737,5.9e-07,0.0,0.0,1,1,1,1,0.0,1.0,1.0,-13.0,0,0,0,True,False,155000.0
100000001825934100,peripheral,0.6,36,0.0596,"Вход: 1 плательщика (40 тыс ₸), выход: 1 получателя (97 тыс ₸) — ни один порог роли не пройден. Точка сочленения: изъятие разрывает связность сети.",3,False,1,1,40000.0,97000.0,1,1,2.425,0.0,0.00047587,9.9e-07,0.0,0.0,1,0,3,1,0.0,1.0,1.0,-5.0,0,0,0,True,False,137000.0
100000003054328100,peripheral,0.6,12,0.0591,"Вход: 1 плательщика (140 тыс ₸), выход: 2 получателей (194 тыс ₸) — ни один порог роли не пройден. Точка сочленения: изъятие разрывает связность сети.",2,False,1,2,140000.0,193720.0,1,2,1.3837,0.0,0.00033591,7.9e-07,0.0,4e-08,1,0,2,1,0.9639,1.0,1.0,22.0,0,0,0,True,False,333720.0
100000007534354100,peripheral,0.6,9,0.0584,"Вход: 1 плательщика (50 тыс ₸), выход: 3 получателей (148 тыс ₸) — ни один порог роли не пройден. Точка сочленения: изъятие разрывает связность сети.",2,False,1,3,50000.0,147810.0,1,3,2.9562,0.0,0.00030355,2.38e-06,1.322e-05,4e-08,1,0,2,2,0.0,1.0,2.0,-3.0,0,0,0,True,False,197810.0
100000008713270100,peripheral,0.6,6,0.0583,"Вход: 1 плательщика (30 тыс ₸), выход: 3 получателей (190 тыс ₸) — ни один порог роли не пройден. Точка сочленения: изъятие разрывает связность сети.",2,False,1,3,30000.0,190000.0,1,3,6.3333,0.0,0.00029126,1.19e-06,0.0,2.872e-05,1,0,2,1,0.7895,1.0,2.0,2.0,0,0,0,True,False,220000.0
100000002648315100,peripheral,0.6,6,0.0579,"Вход: 1 плательщика (132 тыс ₸), выход: 2 получателей (76 тыс ₸) — ни один порог роли не пройден. Точка сочленения: изъятие разрывает связность сети.",1,False,1,2,132000.0,76000.0,1,3,0.5758,56000.0,0.00029314,4e-07,0.0,4.34e-06,1,1,1,1,0.0,1.0,1.0,8.0,0,0,0,True,False,208000.0
100000005394708100,peripheral,0.6,20,0.0577,"Вход: 1 плательщика (26 тыс ₸), выход: 1 получателя (65 тыс ₸) — ни один порог роли не пройден. Точка сочленения: изъятие разрывает связность сети.",1,False,1,1,26000.0,65000.0,1,1,2.5,0.0,0.00034518,2e-07,0.0,0.0,1,1,1,1,1.0,1.0,1.0,1.0,0,0,0,True,False,91000.0
100000003192309100,peripheral,0.6,1,0.0576,"Вход: 1 плательщика (17 тыс ₸), выход: 1 получателя (213 тыс ₸) — ни один порог роли не пройден. Точка сочленения: изъятие разрывает связность сети.",3,False,1,1,17200.0,213000.0,1,1,12.3837,0.0,0.00028825,1.39e-06,0.0,0.0,1,0,3,1,0.0,1.0,1.0,16.0,0,0,0,True,False,230200.0
100000007536804100,peripheral,0.6,6,0.0576,"Вход: 1 плательщика (100 тыс ₸), выход: 2 получателей (55 тыс ₸) — ни один порог роли не пройден. Точка сочленения: изъятие разрывает связность сети.",1,False,1,2,100000.0,55000.0,1,2,0.55,45000.0,0.0002913,7.9e-07,0.0,4.34e-06,1,1,1,1,0.8182,1.0,1.0,4.0,0,0,0,True,False,155000.0
100000000607731100,peripheral,0.6,29,0.0573,"Вход: 1 плательщика (20 тыс ₸), выход: 1 получателя (67 тыс ₸) — ни один порог роли не пройден. Точка сочленения: изъятие разрывает связность сети.",1,False,1,1,20000.0,66666.0,1,1,3.3333,0.0,0.00031754,5.9e-07,0.0,0.0,1,1,1,1,0.0,1.0,1.0,-16.0,0,0,0,True,False,86666.0
100000004784224100,peripheral,0.6,24,0.0573,"Вход: 1 плательщика (24 тыс ₸), выход: 1 получателя (100 тыс ₸) — ни один порог роли не пройден. Точка сочленения: изъятие разрывает связность сети.",1,False,1,1,23500.0,100000.0,2,1,4.2553,0.0,0.0003048,2e-07,0.0,0.0,1,1,1,1,0.0,1.0,1.0,6.0,0,0,0,True,False,123500.0
100000007333038100,peripheral,0.6,12,0.0573,"Вход: 1 плательщика (18 тыс ₸), выход: 2 получателей (35 тыс ₸) — ни один порог роли не пройден. Точка сочленения: изъятие разрывает связность сети.",3,False,1,2,17500.0,34994.0,1,2,1.9997,0.0,0.00029969,1.59e-06,0.0,4.1e-07,1,0,3,1,0.0,1.0,2.0,-24.0,0,0,0,True,False,52494.0
100000008002020100,peripheral,0.6,11,0.0571,"Вход: 1 плательщика (74 тыс ₸), выход: 1 получателя (17 тыс ₸) — ни один порог роли не пройден. Точка сочленения: изъятие разрывает связность сети.",1,False,1,1,73860.0,17000.0,1,1,0.2302,56860.0,0.00029783,1.59e-06,0.0,1.01e-05,1,1,1,2,0.0,1.0,1.0,7.0,0,0,0,True,False,90860.0
100000002863356100,peripheral,0.6,1,0.057,"Вход: 1 плательщика (45 тыс ₸), выход: 1 получателя (20 тыс ₸) — ни один порог роли не пройден. Точка сочленения: изъятие разрывает связность сети.",2,False,1,1,45000.0,20000.0,1,1,0.4444,25000.0,0.00030085,1.39e-06,0.0,0.0,1,0,2,1,0.0,1.0,1.0,-2.0,0,0,0,True,False,65000.0
100000003216073100,peripheral,0.6,3,0.057,"Вход: 1 плательщика (37 тыс ₸), выход: 1 получателя (70 тыс ₸) — ни один порог роли не пройден. Точка сочленения: изъятие разрывает связность сети.",3,False,1,1,37001.0,70000.0,1,1,1.8918,0.0,0.0002882,7.9e-07,0.0,7.936e-05,1,0,3,1,0.0,1.0,1.0,3.0,0,0,0,True,False,107001.0
100000006734554100,peripheral,0.6,29,0.057,"Вход: 1 плательщика (16 тыс ₸), выход: 1 получателя (25 тыс ₸) — ни один порог роли не пройден. Точка сочленения: изъятие разрывает связность сети.",1,False,1,1,16500.0,25000.0,1,1,1.5152,0.0,0.00031194,5.9e-07,0.0,0.0,1,1,1,1,0.0,1.0,1.0,19.0,0,0,0,True,False,41500.0
100000002214664100,peripheral,0.6,1,0.0569,"Вход: 1 плательщика (8 тыс ₸), выход: 1 получателя (77 тыс ₸) — ни один порог роли не пройден. Точка сочленения: изъятие разрывает связность сети.",3,False,1,1,7950.0,76950.0,1,2,9.6792,0.0,0.00028681,1.39e-06,0.0,0.0,1,0,3,1,1.0,1.0,1.0,0.0,0,0,0,True,False,84900.0
100000000572276100,peripheral,0.6,1,0.0567,"Вход: 1 плательщика (13 тыс ₸), выход: 1 получателя (35 тыс ₸) — ни один порог роли не пройден. Точка сочленения: изъятие разрывает связность сети.",3,False,1,1,13075.0,34547.0,1,1,2.6422,0.0,0.00028761,1.39e-06,0.0,0.0,1,0,3,1,0.0,1.0,1.0,13.0,0,0,0,True,False,47622.0
100000004064431100,peripheral,0.6,23,0.0567,"Вход: 1 плательщика (26 тыс ₸), выход: 1 получателя (10 тыс ₸) — ни один порог роли не пройден. Точка сочленения: изъятие разрывает связность сети.",3,False,1,1,26000.0,10000.0,1,1,0.3846,16000.0,0.00029105,9.9e-07,0.0,0.0,1,0,3,1,1.0,1.0,1.0,2.0,0,0,0,True,False,36000.0
100000008229700100,peripheral,0.6,11,0.0566,"Вход: 1 плательщика (24 тыс ₸), выход: 1 получателя (7 тыс ₸) — ни один порог роли не пройден. Точка сочленения: изъятие разрывает связность сети.",1,False,1,1,23500.0,7200.0,1,1,0.3064,16300.0,0.00028947,2e-07,0.0,1.01e-05,1,1,1,1,0.0,1.0,1.0,11.0,0,0,0,True,False,30700.0
100000005485830100,peripheral,0.6,44,0.0477,"Вход: 0 плательщиков (0 тыс ₸), выход: 5 получателей (276 тыс ₸) — ни один порог роли не пройден. Точка сочленения: изъятие разрывает связность сети.",0,True,0,5,0.0,275885.0,0,9,,0.0,0.00028557,0.0,0.0,0.0,0,0,0,1,0.0,0.0,3.0,0.0,0,0,0,True,False,275885.0
100000004388983100,peripheral,0.6,63,0.0474,"Вход: 0 плательщиков (0 тыс ₸), выход: 2 получателей (451 тыс ₸) — ни один порог роли не пройден. Точка сочленения: изъятие разрывает связность сети.",0,True,0,2,0.0,450816.0,0,23,,0.0,0.00028557,0.0,0.0,0.0,0,0,0,1,0.0,0.0,2.0,0.0,0,0,0,True,False,450816.0
100000004813068100,peripheral,0.6,24,0.047,"Вход: 0 плательщиков (0 тыс ₸), выход: 3 получателей (297 тыс ₸) — ни один порог роли не пройден. Точка сочленения: изъятие разрывает связность сети.",0,True,0,3,0.0,297000.0,0,5,,0.0,0.00028557,0.0,0.0,0.0,0,0,0,1,0.0,0.0,1.0,0.0,0,0,0,True,False,297000.0
100000006249740100,peripheral,0.6,49,0.046,"Вход: 0 плательщиков (0 тыс ₸), выход: 3 получателей (93 тыс ₸) — ни один порог роли не пройден. Точка сочленения: изъятие разрывает связность сети.",0,True,0,3,0.0,93007.0,0,5,,0.0,0.00028557,0.0,0.0,0.0,0,0,0,1,0.0,0.0,1.0,0.0,0,0,0,True,False,93007.0
100000005417257100,peripheral,0.6,20,0.0458,"Вход: 0 плательщиков (0 тыс ₸), выход: 2 получателей (106 тыс ₸) — ни один порог роли не пройден. Точка сочленения: изъятие разрывает связность сети.",0,True,0,2,0.0,106000.0,0,2,,0.0,0.00028557,0.0,0.0,0.0,0,0,0,1,0.0,0.0,1.0,0.0,0,0,0,True,False,106000.0
100000001311175100,terminal_unverified,0.38,12,0.0351,"Принял 300 тыс ₸ от 1 плательщика, исходящих нет, но узел на 4-м колене, где обход остановлен: отличить конечного получателя от необследованного нельзя без выгрузки на 5-е колено.",4,False,1,0,300000.0,0.0,1,0,0.0,300000.0,0.00053151,0.0,0.0,0.0,2,0,4,1,0.0,1.0,0.0,0.0,0,0,0,False,True,300000.0
100000004400480100,peripheral,0.33,12,0.0325,"Вход: 1 плательщика (22 тыс ₸), выход: 0 получателей (0 тыс ₸) — ни один порог роли не пройден. Обход оборван на 4-м колене — исходящие могли не попасть в выгрузку.",4,False,1,0,21700.0,0.0,1,0,0.0,21700.0,0.00048457,0.0,0.0,0.0,2,0,4,1,0.0,1.0,0.0,0.0,0,0,0,False,True,21700.0
100000003084870100,peripheral,0.33,12,0.0308,"Вход: 1 плательщика (6 тыс ₸), выход: 0 получателей (0 тыс ₸) — ни один порог роли не пройден. Обход оборван на 4-м колене — исходящие могли не попасть в выгрузку.",4,False,1,0,6500.0,0.0,1,0,0.0,6500.0,0.00034518,0.0,0.0,0.0,2,0,4,1,0.0,1.0,0.0,0.0,0,0,0,False,True,6500.0
100000000581662100,peripheral,0.33,12,0.0304,"Вход: 1 плательщика (21 тыс ₸), выход: 0 получателей (0 тыс ₸) — ни один порог роли не пройден. Обход оборван на 4-м колене — исходящие могли не попасть в выгрузку.",4,False,1,0,21160.0,0.0,1,0,0.0,21160.0,0.00030292,0.0,0.0,0.0,2,0,4,1,0.0,1.0,0.0,0.0,0,0,0,False,True,21160.0
100000004613582100,peripheral,0.6,6,0.0273,"Вход: 1 плательщика (5 тыс ₸), выход: 1 получателя (10 тыс ₸) — ни один порог роли не пройден.",3,False,1,1,5000.0,9500.0,1,1,1.9,0.0,0.00055344,4e-07,0.0,0.0,1,0,3,1,0.0,1.0,1.0,15.0,0,0,0,False,False,14500.0
100000001669260100,terminal_unverified,0.38,3,0.0263,"Принял 500 тыс ₸ от 1 плательщика, исходящих нет, но узел на 4-м колене, где обход остановлен: отличить конечного получателя от необследованного нельзя без выгрузки на 5-е колено.",4,False,1,0,500000.0,0.0,1,0,0.0,500000.0,0.00056012,0.0,0.0,0.0,1,0,4,1,0.0,1.0,0.0,0.0,0,0,0,False,True,500000.0
100000003989033100,terminal_unverified,0.38,9,0.0262,"Принял 373 тыс ₸ от 1 плательщика, исходящих нет, но узел на 4-м колене, где обход остановлен: отличить конечного получателя от необследованного нельзя без выгрузки на 5-е колено.",4,False,1,0,373400.0,0.0,13,0,0.0,373400.0,0.00059892,0.0,0.0,0.0,1,0,4,1,0.0,1.0,0.0,0.0,0,0,0,False,True,373400.0
100000002214207100,terminal_unverified,0.38,36,0.0261,"Принял 97 тыс ₸ от 1 плательщика, исходящих нет, но узел на 4-м колене, где обход остановлен: отличить конечного получателя от необследованного нельзя без выгрузки на 5-е колено.",4,False,1,0,97000.0,0.0,1,0,0.0,97000.0,0.00069061,0.0,0.0,0.0,1,0,4,1,0.0,1.0,0.0,0.0,0,0,0,False,True,97000.0
100000005316708100,peripheral,0.6,6,0.0259,"Вход: 1 плательщика (90 тыс ₸), выход: 2 получателей (258 тыс ₸) — ни один порог роли не пройден.",1,False,1,2,90000.0,257500.0,1,4,2.8611,0.0,0.00029769,1.19e-06,2.1e-06,4.09e-05,1,1,1,1,0.0,1.0,1.0,-2.0,0,0,0,False,False,347500.0
100000004066370100,terminal_unverified,0.38,36,0.0248,"Принял 65 тыс ₸ от 1 плательщика, исходящих нет, но узел на 4-м колене, где обход остановлен: отличить конечного получателя от необследованного нельзя без выгрузки на 5-е колено.",4,False,1,0,65000.0,0.0,2,0,0.0,65000.0,0.00058935,0.0,0.0,0.0,1,0,4,1,0.0,1.0,0.0,0.0,0,0,0,False,True,65000.0
100000002214383100,terminal_unverified,0.38,1,0.0247,"Принял 213 тыс ₸ от 1 плательщика, исходящих нет, но узел на 4-м колене, где обход остановлен: отличить конечного получателя от необследованного нельзя без выгрузки на 5-е колено.",4,False,1,0,213000.0,0.0,1,0,0.0,213000.0,0.00053087,0.0,0.0,0.0,1,0,4,1,0.0,1.0,0.0,0.0,0,0,0,False,True,213000.0
100000000600707100,terminal_unverified,0.38,36,0.0246,"Принял 89 тыс ₸ от 1 плательщика, исходящих нет, но узел на 4-м колене, где обход остановлен: отличить конечного получателя от необследованного нельзя без выгрузки на 5-е колено.",4,False,1,0,89000.0,0.0,2,0,0.0,89000.0,0.00057016,0.0,0.0,0.0,1,0,4,1,0.0,1.0,0.0,0.0,0,0,0,False,True,89000.0
100000005636951100,peripheral,0.33,25,0.0245,"Вход: 1 плательщика (40 тыс ₸), выход: 0 получателей (0 тыс ₸) — ни один порог роли не пройден. Обход оборван на 4-м колене — исходящие могли не попасть в выгрузку.",4,False,1,0,40000.0,0.0,1,0,0.0,40000.0,0.00063559,0.0,0.0,0.0,1,0,4,1,0.0,1.0,0.0,0.0,0,0,0,False,True,40000.0
100000003188607100,peripheral,0.6,6,0.0242,"Вход: 1 плательщика (18 тыс ₸), выход: 1 получателя (5 тыс ₸) — ни один порог роли не пройден.",2,False,1,1,18000.0,5000.0,1,1,0.2778,13000.0,0.00031476,5.9e-07,0.0,0.0,1,0,2,1,0.0,1.0,1.0,-23.0,0,0,0,False,False,23000.0
100000004030553100,terminal_unverified,0.38,3,0.0241,"Принял 70 тыс ₸ от 1 плательщика, исходящих нет, но узел на 4-м колене, где обход остановлен: отличить конечного получателя от необследованного нельзя без выгрузки на 5-е колено.",4,False,1,0,70000.0,0.0,1,0,0.0,70000.0,0.00053083,0.0,0.0,0.0,1,0,4,1,0.0,1.0,0.0,0.0,0,0,0,False,True,70000.0
100000008778010100,terminal_unverified,0.38,1,0.0241,"Принял 77 тыс ₸ от 1 плательщика, исходящих нет, но узел на 4-м колене, где обход остановлен: отличить конечного получателя от необследованного нельзя без выгрузки на 5-е колено.",4,False,1,0,76950.0,0.0,2,0,0.0,76950.0,0.00052964,0.0,0.0,0.0,1,0,4,1,0.0,1.0,0.0,0.0,0,0,0,False,True,76950.0
100000004797167100,peripheral,0.33,3,0.0235,"Вход: 1 плательщика (31 тыс ₸), выход: 0 получателей (0 тыс ₸) — ни один порог роли не пройден. Обход оборван на 4-м колене — исходящие могли не попасть в выгрузку.",4,False,1,0,31000.0,0.0,1,0,0.0,31000.0,0.00055162,0.0,0.0,0.0,1,0,4,1,0.0,1.0,0.0,0.0,0,0,0,False,True,31000.0
100000007982728100,peripheral,0.6,6,0.0235,"Вход: 0 плательщиков (0 тыс ₸), выход: 8 получателей (1.8 млн ₸) — ни один порог роли не пройден. Входящих в выгрузке нет вовсе — источник средств вне периметра.",0,True,0,8,0.0,1804384.0,0,12,,0.0,0.00028557,0.0,0.00219446,0.0,0,0,0,3,0.0,0.0,2.0,0.0,0,0,0,False,False,1804384.0
100000001256409100,peripheral,0.33,3,0.0234,"Вход: 1 плательщика (8 тыс ₸), выход: 0 получателей (0 тыс ₸) — ни один порог роли не пройден. Обход оборван на 4-м колене — исходящие могли не попасть в выгрузку.",4,False,1,0,8000.0,0.0,1,0,0.0,8000.0,0.00054716,0.0,0.0,0.0,1,0,4,1,0.0,1.0,0.0,0.0,0,0,0,False,True,8000.0
100000005685783100,peripheral,0.33,1,0.0233,"Вход: 1 плательщика (26 тыс ₸), выход: 0 получателей (0 тыс ₸) — ни один порог роли не пройден. Обход оборван на 4-м колене — исходящие могли не попасть в выгрузку.",4,False,1,0,26150.0,0.0,1,0,0.0,26150.0,0.00053206,0.0,0.0,0.0,1,0,4,1,0.0,1.0,0.0,0.0,0,0,0,False,True,26150.0
100000008745676100,peripheral,0.33,1,0.0233,"Вход: 1 плательщика (35 тыс ₸), выход: 0 получателей (0 тыс ₸) — ни один порог роли не пройден. Обход оборван на 4-м колене — исходящие могли не попасть в выгрузку.",4,False,1,0,34547.0,0.0,1,0,0.0,34547.0,0.00053032,0.0,0.0,0.0,1,0,4,1,0.0,1.0,0.0,0.0,0,0,0,False,True,34547.0
100000000704700100,peripheral,0.33,23,0.0232,"Вход: 1 плательщика (10 тыс ₸), выход: 0 получателей (0 тыс ₸) — ни один порог роли не пройден. Обход оборван на 4-м колене — исходящие могли не попасть в выгрузку.",4,False,1,0,10000.0,0.0,1,0,0.0,10000.0,0.00053326,0.0,0.0,0.0,1,0,4,1,0.0,1.0,0.0,0.0,0,0,0,False,True,10000.0
100000008727982100,peripheral,0.33,25,0.0231,"Вход: 1 плательщика (30 тыс ₸), выход: 0 получателей (0 тыс ₸) — ни один порог роли не пройден. Обход оборван на 4-м колене — исходящие могли не попасть в выгрузку.",4,False,1,0,30000.0,0.0,2,0,0.0,30000.0,0.00051385,0.0,0.0,0.0,1,0,4,1,0.0,1.0,0.0,0.0,0,0,0,False,True,30000.0
100000005087923100,peripheral,0.33,25,0.0224,"Вход: 1 плательщика (20 тыс ₸), выход: 0 получателей (0 тыс ₸) — ни один порог роли не пройден. Обход оборван на 4-м колене — исходящие могли не попасть в выгрузку.",4,False,1,0,20000.0,0.0,1,0,0.0,20000.0,0.00046058,0.0,0.0,0.0,1,0,4,1,0.0,1.0,0.0,0.0,0,0,0,False,True,20000.0
100000008130868100,peripheral,0.33,12,0.0223,"Вход: 1 плательщика (23 тыс ₸), выход: 0 получателей (0 тыс ₸) — ни один порог роли не пройден. Обход оборван на 4-м колене — исходящие могли не попасть в выгрузку.",4,False,1,0,22782.0,0.0,1,0,0.0,22782.0,0.0004516,0.0,0.0,0.0,1,0,4,1,0.0,1.0,0.0,0.0,0,0,0,False,True,22782.0
100000004891562100,terminal_unverified,0.38,19,0.022,"Принял 103 тыс ₸ от 1 плательщика, исходящих нет, но узел на 4-м колене, где обход остановлен: отличить конечного получателя от необследованного нельзя без выгрузки на 5-е колено.",4,False,1,0,103400.0,0.0,1,0,0.0,103400.0,0.0003409,0.0,0.0,3.69e-06,1,0,4,1,0.0,1.0,0.0,0.0,0,0,0,False,True,103400.0
100000003047800100,peripheral,0.33,12,0.0214,"Вход: 1 плательщика (12 тыс ₸), выход: 0 получателей (0 тыс ₸) — ни один порог роли не пройден. Обход оборван на 4-м колене — исходящие могли не попасть в выгрузку.",4,False,1,0,12212.0,0.0,1,0,0.0,12212.0,0.00037457,0.0,0.0,0.0,1,0,4,1,0.0,1.0,0.0,0.0,0,0,0,False,True,12212.0
100000002706810100,peripheral,0.33,19,0.0208,"Вход: 1 плательщика (45 тыс ₸), выход: 0 получателей (0 тыс ₸) — ни один порог роли не пройден. Обход оборван на 4-м колене — исходящие могли не попасть в выгрузку.",4,False,1,0,45000.0,0.0,1,0,0.0,45000.0,0.00030965,0.0,0.0,3.69e-06,1,0,4,1,0.0,1.0,0.0,0.0,0,0,0,False,True,45000.0
100000002130400100,peripheral,0.33,36,0.0207,"Вход: 1 плательщика (10 тыс ₸), выход: 0 получателей (0 тыс ₸) — ни один порог роли не пройден. Обход оборван на 4-м колене — исходящие могли не попасть в выгрузку.",4,False,1,0,10000.0,0.0,1,0,0.0,10000.0,0.00031755,0.0,0.0,0.0,1,0,4,1,0.0,1.0,0.0,0.0,0,0,0,False,True,10000.0
100000008715513100,peripheral,0.33,19,0.0207,"Вход: 1 плательщика (32 тыс ₸), выход: 0 получателей (0 тыс ₸) — ни один порог роли не пройден. Обход оборван на 4-м колене — исходящие могли не попасть в выгрузку.",4,False,1,0,32500.0,0.0,1,0,0.0,32500.0,0.00030296,0.0,0.0,3.69e-06,1,0,4,1,0.0,1.0,0.0,0.0,0,0,0,False,True,32500.0
100000002670463100,peripheral,0.33,19,0.0206,"Вход: 1 плательщика (32 тыс ₸), выход: 0 получателей (0 тыс ₸) — ни один порог роли не пройден. Обход оборван на 4-м колене — исходящие могли не попасть в выгрузку.",4,False,1,0,31500.0,0.0,1,0,0.0,31500.0,0.00030243,0.0,0.0,3.69e-06,1,0,4,1,0.0,1.0,0.0,0.0,0,0,0,False,True,31500.0
100000001991973100,peripheral,0.33,19,0.0205,"Вход: 1 плательщика (21 тыс ₸), выход: 0 получателей (0 тыс ₸) — ни один порог роли не пройден. Обход оборван на 4-м колене — исходящие могли не попасть в выгрузку.",4,False,1,0,20800.0,0.0,1,0,0.0,20800.0,0.0002967,0.0,0.0,3.69e-06,1,0,4,1,0.0,1.0,0.0,0.0,0,0,0,False,True,20800.0
100000006412162100,peripheral,0.33,19,0.0205,"Вход: 1 плательщика (15 тыс ₸), выход: 0 получателей (0 тыс ₸) — ни один порог роли не пройден. Обход оборван на 4-м колене — исходящие могли не попасть в выгрузку.",4,False,1,0,15000.0,0.0,2,0,0.0,15000.0,0.0002936,0.0,0.0,3.69e-06,1,0,4,1,0.0,1.0,0.0,0.0,0,0,0,False,True,15000.0
100000006491963100,peripheral,0.33,19,0.0205,"Вход: 1 плательщика (16 тыс ₸), выход: 0 получателей (0 тыс ₸) — ни один порог роли не пройден. Обход оборван на 4-м колене — исходящие могли не попасть в выгрузку.",4,False,1,0,16000.0,0.0,3,0,0.0,16000.0,0.00029413,0.0,0.0,3.69e-06,1,0,4,1,0.0,1.0,0.0,0.0,0,0,0,False,True,16000.0
100000008554390100,peripheral,0.33,19,0.0205,"Вход: 1 плательщика (14 тыс ₸), выход: 0 получателей (0 тыс ₸) — ни один порог роли не пройден. Обход оборван на 4-м колене — исходящие могли не попасть в выгрузку.",4,False,1,0,14000.0,0.0,1,0,0.0,14000.0,0.00029306,0.0,0.0,3.69e-06,1,0,4,1,0.0,1.0,0.0,0.0,0,0,0,False,True,14000.0
100000008631800100,peripheral,0.33,19,0.0205,"Вход: 1 плательщика (13 тыс ₸), выход: 0 получателей (0 тыс ₸) — ни один порог роли не пройден. Обход оборван на 4-м колене — исходящие могли не попасть в выгрузку.",4,False,1,0,12850.0,0.0,1,0,0.0,12850.0,0.00029245,0.0,0.0,3.69e-06,1,0,4,1,0.0,1.0,0.0,0.0,0,0,0,False,True,12850.0
100000008759795100,peripheral,0.33,19,0.0205,"Вход: 1 плательщика (17 тыс ₸), выход: 0 получателей (0 тыс ₸) — ни один порог роли не пройден. Обход оборван на 4-м колене — исходящие могли не попасть в выгрузку.",4,False,1,0,17000.0,0.0,1,0,0.0,17000.0,0.00029467,0.0,0.0,3.69e-06,1,0,4,1,0.0,1.0,0.0,0.0,0,0,0,False,True,17000.0
100000001299443100,peripheral,0.33,19,0.0204,"Вход: 1 плательщика (8 тыс ₸), выход: 0 получателей (0 тыс ₸) — ни один порог роли не пройден. Обход оборван на 4-м колене — исходящие могли не попасть в выгрузку.",4,False,1,0,8000.0,0.0,1,0,0.0,8000.0,0.00028985,0.0,0.0,3.69e-06,1,0,4,1,0.0,1.0,0.0,0.0,0,0,0,False,True,8000.0
100000001325618100,peripheral,0.33,19,0.0204,"Вход: 1 плательщика (9 тыс ₸), выход: 0 получателей (0 тыс ₸) — ни один порог роли не пройден. Обход оборван на 4-м колене — исходящие могли не попасть в выгрузку.",4,False,1,0,9300.0,0.0,1,0,0.0,9300.0,0.00029055,0.0,0.0,3.69e-06,1,0,4,1,0.0,1.0,0.0,0.0,0,0,0,False,True,9300.0
100000001590795100,peripheral,0.33,19,0.0204,"Вход: 1 плательщика (5 тыс ₸), выход: 0 получателей (0 тыс ₸) — ни один порог роли не пройден. Обход оборван на 4-м колене — исходящие могли не попасть в выгрузку.",4,False,1,0,5060.0,0.0,1,0,0.0,5060.0,0.00028828,0.0,0.0,3.69e-06,1,0,4,1,0.0,1.0,0.0,0.0,0,0,0,False,True,5060.0
100000001714883100,peripheral,0.33,19,0.0204,"Вход: 1 плательщика (7 тыс ₸), выход: 0 получателей (0 тыс ₸) — ни один порог роли не пройден. Обход оборван на 4-м колене — исходящие могли не попасть в выгрузку.",4,False,1,0,6900.0,0.0,1,0,0.0,6900.0,0.00028926,0.0,0.0,3.69e-06,1,0,4,1,0.0,1.0,0.0,0.0,0,0,0,False,True,6900.0
100000002474570100,peripheral,0.33,19,0.0204,"Вход: 1 плательщика (7 тыс ₸), выход: 0 получателей (0 тыс ₸) — ни один порог роли не пройден. Обход оборван на 4-м колене — исходящие могли не попасть в выгрузку.",4,False,1,0,6750.0,0.0,1,0,0.0,6750.0,0.00028918,0.0,0.0,3.69e-06,1,0,4,1,0.0,1.0,0.0,0.0,0,0,0,False,True,6750.0
100000002512742100,peripheral,0.33,19,0.0204,"Вход: 1 плательщика (6 тыс ₸), выход: 0 получателей (0 тыс ₸) — ни один порог роли не пройден. Обход оборван на 4-м колене — исходящие могли не попасть в выгрузку.",4,False,1,0,6000.0,0.0,1,0,0.0,6000.0,0.00028878,0.0,0.0,3.69e-06,1,0,4,1,0.0,1.0,0.0,0.0,0,0,0,False,True,6000.0
100000002635746100,peripheral,0.33,19,0.0204,"Вход: 1 плательщика (5 тыс ₸), выход: 0 получателей (0 тыс ₸) — ни один порог роли не пройден. Обход оборван на 4-м колене — исходящие могли не попасть в выгрузку.",4,False,1,0,5300.0,0.0,1,0,0.0,5300.0,0.00028841,0.0,0.0,3.69e-06,1,0,4,1,0.0,1.0,0.0,0.0,0,0,0,False,True,5300.0
100000002645046100,peripheral,0.33,19,0.0204,"Вход: 1 плательщика (12 тыс ₸), выход: 0 получателей (0 тыс ₸) — ни один порог роли не пройден. Обход оборван на 4-м колене — исходящие могли не попасть в выгрузку.",4,False,1,0,12000.0,0.0,1,0,0.0,12000.0,0.00029199,0.0,0.0,3.69e-06,1,0,4,1,0.0,1.0,0.0,0.0,0,0,0,False,True,12000.0
100000002876914100,peripheral,0.33,19,0.0204,"Вход: 1 плательщика (12 тыс ₸), выход: 0 получателей (0 тыс ₸) — ни один порог роли не пройден. Обход оборван на 4-м колене — исходящие могли не попасть в выгрузку.",4,False,1,0,12000.0,0.0,1,0,0.0,12000.0,0.00029199,0.0,0.0,3.69e-06,1,0,4,1,0.0,1.0,0.0,0.0,0,0,0,False,True,12000.0
100000002878483100,peripheral,0.33,19,0.0204,"Вход: 1 плательщика (6 тыс ₸), выход: 0 получателей (0 тыс ₸) — ни один порог роли не пройден. Обход оборван на 4-м колене — исходящие могли не попасть в выгрузку.",4,False,1,0,6000.0,0.0,1,0,0.0,6000.0,0.00028878,0.0,0.0,3.69e-06,1,0,4,1,0.0,1.0,0.0,0.0,0,0,0,False,True,6000.0
100000002986245100,peripheral,0.33,19,0.0204,"Вход: 1 плательщика (6 тыс ₸), выход: 0 получателей (0 тыс ₸) — ни один порог роли не пройден. Обход оборван на 4-м колене — исходящие могли не попасть в выгрузку.",4,False,1,0,5750.0,0.0,1,0,0.0,5750.0,0.00028865,0.0,0.0,3.69e-06,1,0,4,1,0.0,1.0,0.0,0.0,0,0,0,False,True,5750.0
100000003005167100,peripheral,0.33,19,0.0204,"Вход: 1 плательщика (7 тыс ₸), выход: 0 получателей (0 тыс ₸) — ни один порог роли не пройден. Обход оборван на 4-м колене — исходящие могли не попасть в выгрузку.",4,False,1,0,7000.0,0.0,1,0,0.0,7000.0,0.00028932,0.0,0.0,3.69e-06,1,0,4,1,0.0,1.0,0.0,0.0,0,0,0,False,True,7000.0
100000003194831100,peripheral,0.33,9,0.0204,"Вход: 1 плательщика (6 тыс ₸), выход: 0 получателей (0 тыс ₸) — ни один порог роли не пройден. Обход оборван на 4-м колене — исходящие могли не попасть в выгрузку.",4,False,1,0,6265.0,0.0,1,0,0.0,6265.0,0.00029083,0.0,0.0,0.0,1,0,4,1,0.0,1.0,0.0,0.0,0,0,0,False,True,6265.0
100000004263867100,peripheral,0.33,19,0.0204,"Вход: 1 плательщика (9 тыс ₸), выход: 0 получателей (0 тыс ₸) — ни один порог роли не пройден. Обход оборван на 4-м колене — исходящие могли не попасть в выгрузку.",4,False,1,0,9000.0,0.0,1,0,0.0,9000.0,0.00029039,0.0,0.0,3.69e-06,1,0,4,1,0.0,1.0,0.0,0.0,0,0,0,False,True,9000.0
100000004268036100,peripheral,0.33,19,0.0204,"Вход: 1 плательщика (6 тыс ₸), выход: 0 получателей (0 тыс ₸) — ни один порог роли не пройден. Обход оборван на 4-м колене — исходящие могли не попасть в выгрузку.",4,False,1,0,5500.0,0.0,1,0,0.0,5500.0,0.00028851,0.0,0.0,3.69e-06,1,0,4,1,0.0,1.0,0.0,0.0,0,0,0,False,True,5500.0
100000004449824100,peripheral,0.33,19,0.0204,"Вход: 1 плательщика (9 тыс ₸), выход: 0 получателей (0 тыс ₸) — ни один порог роли не пройден. Обход оборван на 4-м колене — исходящие могли не попасть в выгрузку.",4,False,1,0,9000.0,0.0,1,0,0.0,9000.0,0.00029039,0.0,0.0,3.69e-06,1,0,4,1,0.0,1.0,0.0,0.0,0,0,0,False,True,9000.0
100000004780327100,peripheral,0.33,19,0.0204,"Вход: 1 плательщика (12 тыс ₸), выход: 0 получателей (0 тыс ₸) — ни один порог роли не пройден. Обход оборван на 4-м колене — исходящие могли не попасть в выгрузку.",4,False,1,0,12000.0,0.0,1,0,0.0,12000.0,0.00029199,0.0,0.0,3.69e-06,1,0,4,1,0.0,1.0,0.0,0.0,0,0,0,False,True,12000.0
100000008648783100,peripheral,0.33,19,0.0204,"Вход: 1 плательщика (5 тыс ₸), выход: 0 получателей (0 тыс ₸) — ни один порог роли не пройден. Обход оборван на 4-м колене — исходящие могли не попасть в выгрузку.",4,False,1,0,5200.0,0.0,1,0,0.0,5200.0,0.00028835,0.0,0.0,3.69e-06,1,0,4,1,0.0,1.0,0.0,0.0,0,0,0,False,True,5200.0
100000004269433100,peripheral,0.6,16,0.0188,"Вход: 0 плательщиков (0 тыс ₸), выход: 1 получателя (1.4 млн ₸) — ни один порог роли не пройден. Входящих в выгрузке нет вовсе — источник средств вне периметра.",0,True,0,1,0.0,1372000.0,0,67,,0.0,0.00028557,0.0,0.0,0.0,0,0,0,1,0.0,0.0,1.0,0.0,0,0,0,False,False,1372000.0
100000000456947100,peripheral,0.9,72,0.0134,"Нет ни одного перевода в выгрузке (seed=True): все операции узла либо ниже порога 5 000 ₸, либо вне периметра выгрузки.",0,True,0,0,0.0,0.0,0,0,,0.0,0.00028557,0.0,0.0,0.0,0,0,0,1,0.0,0.0,0.0,0.0,0,0,0,False,False,0.0
100000003265658100,peripheral,0.9,73,0.0134,"Нет ни одного перевода в выгрузке (seed=True): все операции узла либо ниже порога 5 000 ₸, либо вне периметра выгрузки.",0,True,0,0,0.0,0.0,0,0,,0.0,0.00028557,0.0,0.0,0.0,0,0,0,1,0.0,0.0,0.0,0.0,0,0,0,False,False,0.0
100000003349739100,peripheral,0.9,74,0.0134,"Нет ни одного перевода в выгрузке (seed=True): все операции узла либо ниже порога 5 000 ₸, либо вне периметра выгрузки.",0,True,0,0,0.0,0.0,0,0,,0.0,0.00028557,0.0,0.0,0.0,0,0,0,1,0.0,0.0,0.0,0.0,0,0,0,False,False,0.0
100000003770083100,peripheral,0.9,75,0.0134,"Нет ни одного перевода в выгрузке (seed=True): все операции узла либо ниже порога 5 000 ₸, либо вне периметра выгрузки.",0,True,0,0,0.0,0.0,0,0,,0.0,0.00028557,0.0,0.0,0.0,0,0,0,1,0.0,0.0,0.0,0.0,0,0,0,False,False,0.0
100000004021459100,peripheral,0.9,76,0.0134,"Нет ни одного перевода в выгрузке (seed=True): все операции узла либо ниже порога 5 000 ₸, либо вне периметра выгрузки.",0,True,0,0,0.0,0.0,0,0,,0.0,0.00028557,0.0,0.0,0.0,0,0,0,1,0.0,0.0,0.0,0.0,0,0,0,False,False,0.0
100000004174835100,peripheral,0.9,77,0.0134,"Нет ни одного перевода в выгрузке (seed=True): все операции узла либо ниже порога 5 000 ₸, либо вне периметра выгрузки.",0,True,0,0,0.0,0.0,0,0,,0.0,0.00028557,0.0,0.0,0.0,0,0,0,1,0.0,0.0,0.0,0.0,0,0,0,False,False,0.0
100000005017150100,peripheral,0.9,78,0.0134,"Нет ни одного перевода в выгрузке (seed=True): все операции узла либо ниже порога 5 000 ₸, либо вне периметра выгрузки.",0,True,0,0,0.0,0.0,0,0,,0.0,0.00028557,0.0,0.0,0.0,0,0,0,1,0.0,0.0,0.0,0.0,0,0,0,False,False,0.0
100000005087431100,peripheral,0.9,79,0.0134,"Нет ни одного перевода в выгрузке (seed=True): все операции узла либо ниже порога 5 000 ₸, либо вне периметра выгрузки.",0,True,0,0,0.0,0.0,0,0,,0.0,0.00028557,0.0,0.0,0.0,0,0,0,1,0.0,0.0,0.0,0.0,0,0,0,False,False,0.0
100000005235389100,peripheral,0.9,80,0.0134,"Нет ни одного перевода в выгрузке (seed=True): все операции узла либо ниже порога 5 000 ₸, либо вне периметра выгрузки.",0,True,0,0,0.0,0.0,0,0,,0.0,0.00028557,0.0,0.0,0.0,0,0,0,1,0.0,0.0,0.0,0.0,0,0,0,False,False,0.0
100000005480435100,peripheral,0.9,81,0.0134,"Нет ни одного перевода в выгрузке (seed=True): все операции узла либо ниже порога 5 000 ₸, либо вне периметра выгрузки.",0,True,0,0,0.0,0.0,0,0,,0.0,0.00028557,0.0,0.0,0.0,0,0,0,1,0.0,0.0,0.0,0.0,0,0,0,False,False,0.0
100000005495722100,peripheral,0.9,82,0.0134,"Нет ни одного перевода в выгрузке (seed=True): все операции узла либо ниже порога 5 000 ₸, либо вне периметра выгрузки.",0,True,0,0,0.0,0.0,0,0,,0.0,0.00028557,0.0,0.0,0.0,0,0,0,1,0.0,0.0,0.0,0.0,0,0,0,False,False,0.0
100000005550592100,peripheral,0.9,83,0.0134,"Нет ни одного перевода в выгрузке (seed=True): все операции узла либо ниже порога 5 000 ₸, либо вне периметра выгрузки.",0,True,0,0,0.0,0.0,0,0,,0.0,0.00028557,0.0,0.0,0.0,0,0,0,1,0.0,0.0,0.0,0.0,0,0,0,False,False,0.0
100000005560900100,peripheral,0.9,84,0.0134,"Нет ни одного перевода в выгрузке (seed=True): все операции узла либо ниже порога 5 000 ₸, либо вне периметра выгрузки.",0,True,0,0,0.0,0.0,0,0,,0.0,0.00028557,0.0,0.0,0.0,0,0,0,1,0.0,0.0,0.0,0.0,0,0,0,False,False,0.0
100000005568407100,peripheral,0.9,85,0.0134,"Нет ни одного перевода в выгрузке (seed=True): все операции узла либо ниже порога 5 000 ₸, либо вне периметра выгрузки.",0,True,0,0,0.0,0.0,0,0,,0.0,0.00028557,0.0,0.0,0.0,0,0,0,1,0.0,0.0,0.0,0.0,0,0,0,False,False,0.0
100000008117324100,peripheral,0.9,86,0.0134,"Нет ни одного перевода в выгрузке (seed=True): все операции узла либо ниже порога 5 000 ₸, либо вне периметра выгрузки.",0,True,0,0,0.0,0.0,0,0,,0.0,0.00028557,0.0,0.0,0.0,0,0,0,1,0.0,0.0,0.0,0.0,0,0,0,False,False,0.0
100000008205000100,peripheral,0.9,87,0.0134,"Нет ни одного перевода в выгрузке (seed=True): все операции узла либо ниже порога 5 000 ₸, либо вне периметра выгрузки.",0,True,0,0,0.0,0.0,0,0,,0.0,0.00028557,0.0,0.0,0.0,0,0,0,1,0.0,0.0,0.0,0.0,0,0,0,False,False,0.0
100000008513251100,peripheral,0.9,88,0.0134,"Нет ни одного перевода в выгрузке (seed=True): все операции узла либо ниже порога 5 000 ₸, либо вне периметра выгрузки.",0,True,0,0,0.0,0.0,0,0,,0.0,0.00028557,0.0,0.0,0.0,0,0,0,1,0.0,0.0,0.0,0.0,0,0,0,False,False,0.0
100000008669037100,peripheral,0.9,89,0.0134,"Нет ни одного перевода в выгрузке (seed=True): все операции узла либо ниже порога 5 000 ₸, либо вне периметра выгрузки.",0,True,0,0,0.0,0.0,0,0,,0.0,0.00028557,0.0,0.0,0.0,0,0,0,1,0.0,0.0,0.0,0.0,0,0,0,False,False,0.0
100000008701222100,peripheral,0.9,90,0.0134,"Нет ни одного перевода в выгрузке (seed=True): все операции узла либо ниже порога 5 000 ₸, либо вне периметра выгрузки.",0,True,0,0,0.0,0.0,0,0,,0.0,0.00028557,0.0,0.0,0.0,0,0,0,1,0.0,0.0,0.0,0.0,0,0,0,False,False,0.0
100000008575624100,peripheral,0.6,45,0.0133,"Вход: 0 плательщиков (0 тыс ₸), выход: 3 получателей (90 тыс ₸) — ни один порог роли не пройден.",0,True,0,3,0.0,89500.0,0,5,,0.0,0.00028557,0.0,0.0,0.0,0,0,0,1,0.0,0.0,1.0,0.0,0,0,0,False,False,89500.0
100000007018630100,peripheral,0.6,62,0.0131,"Вход: 0 плательщиков (0 тыс ₸), выход: 1 получателя (200 тыс ₸) — ни один порог роли не пройден.",0,True,0,1,0.0,200000.0,0,5,,0.0,0.00028557,0.0,0.0,0.0,0,0,0,1,0.0,0.0,1.0,0.0,0,0,0,False,False,200000.0
100000008522127100,peripheral,0.6,61,0.0128,"Вход: 0 плательщиков (0 тыс ₸), выход: 1 получателя (145 тыс ₸) — ни один порог роли не пройден.",0,True,0,1,0.0,145000.0,0,3,,0.0,0.00028557,0.0,0.0,0.0,0,0,0,1,0.0,0.0,1.0,0.0,0,0,0,False,False,145000.0
100000004723755100,peripheral,0.6,2,0.0126,"Вход: 0 плательщиков (0 тыс ₸), выход: 1 получателя (95 тыс ₸) — ни один порог роли не пройден.",0,True,0,1,0.0,95000.0,0,5,,0.0,0.00028557,0.0,0.0,0.0,0,0,0,1,0.0,0.0,1.0,0.0,0,0,0,False,False,95000.0
100000005392290100,peripheral,0.6,67,0.0125,"Вход: 0 плательщиков (0 тыс ₸), выход: 1 получателя (81 тыс ₸) — ни один порог роли не пройден.",0,True,0,1,0.0,81465.0,0,1,,0.0,0.00028557,0.0,0.0,0.0,0,0,0,1,0.0,0.0,1.0,0.0,0,0,0,False,False,81465.0
100000005744674100,peripheral,0.6,20,0.0124,"Вход: 0 плательщиков (0 тыс ₸), выход: 1 получателя (50 тыс ₸) — ни один порог роли не пройден.",0,True,0,1,0.0,50066.0,0,2,,0.0,0.00028557,0.0,4.6e-07,0.0,0,0,0,1,0.0,0.0,1.0,0.0,0,0,0,False,False,50066.0
100000008654653100,peripheral,0.6,5,0.0124,"Вход: 0 плательщиков (0 тыс ₸), выход: 1 получателя (54 тыс ₸) — ни один порог роли не пройден.",0,True,0,1,0.0,54000.0,0,1,,0.0,0.00028557,0.0,1e-08,0.0,0,0,0,1,0.0,0.0,1.0,0.0,0,0,0,False,False,54000.0
100000002916006100,peripheral,0.6,20,0.0123,"Вход: 0 плательщиков (0 тыс ₸), выход: 1 получателя (32 тыс ₸) — ни один порог роли не пройден.",0,True,0,1,0.0,32000.0,0,1,,0.0,0.00028557,0.0,0.0,0.0,0,0,0,1,0.0,0.0,1.0,0.0,0,0,0,False,False,32000.0
100000003200071100,peripheral,0.6,68,0.0123,"Вход: 0 плательщиков (0 тыс ₸), выход: 1 получателя (30 тыс ₸) — ни один порог роли не пройден.",0,True,0,1,0.0,30000.0,0,1,,0.0,0.00028557,0.0,0.0,0.0,0,0,0,1,0.0,0.0,1.0,0.0,0,0,0,False,False,30000.0
100000004714705100,peripheral,0.6,20,0.0123,"Вход: 0 плательщиков (0 тыс ₸), выход: 1 получателя (37 тыс ₸) — ни один порог роли не пройден.",0,True,0,1,0.0,36550.0,0,1,,0.0,0.00028557,0.0,0.0,0.0,0,0,0,1,0.0,0.0,1.0,0.0,0,0,0,False,False,36550.0
100000005543136100,peripheral,0.6,2,0.0122,"Вход: 0 плательщиков (0 тыс ₸), выход: 1 получателя (10 тыс ₸) — ни один порог роли не пройден.",0,True,0,1,0.0,10000.0,0,1,,0.0,0.00028557,0.0,2e-08,0.0,0,0,0,1,0.0,0.0,1.0,0.0,0,0,0,False,False,10000.0
100000006831291100,peripheral,0.6,49,0.0122,"Вход: 0 плательщиков (0 тыс ₸), выход: 1 получателя (15 тыс ₸) — ни один порог роли не пройден.",0,True,0,1,0.0,15000.0,0,3,,0.0,0.00028557,0.0,0.0,0.0,0,0,0,1,0.0,0.0,1.0,0.0,0,0,0,False,False,15000.0
